gid,pid,detail,no_play,off,def,type,psr,trg,bc,qtr,los,dwn,ytg,yfog,zone,yds,succ,fd,sg,nh,comp,ints,back,hash,mot,box,pap,trick,qbp,qbhi,qbhu,qbru,sneak,scrm,htm,pru,blz,oop,oopd,cov_type,cnb,cball,qbta,high,crr,intw,drp,avsk,fread,scre,mbt,ttp,qbsk,ttpr,dot,yac,yaco,sep,qb_pos,inc_type,rte,read,concept,rmod,pres1_type,pres1_def,pres1_off,pres2_type,pres2_def,pres2_off,pres3_type,pres3_def,pres3_off,mt1_def,mt1_type,mt1_cause,mt2_def,mt2_type,mt2_cause,mt3_def,mt3_type,mt3_cause,pri_def,sec_def,shell,rpo,trg_sep,bb_off1,bb_def1,bb_off2,bb_def2,bb_off3,bb_def3,stunt,db_count,pru_show,blz1,blz2,blz3,blz4,pshell,bc_read
7019,1153342,8-A.Borregales kicks 63 yards from NE 35 to SEA 2. 22-R.Shaheed to SEA 24 for 22 yards (48-N.Obiazor).,FALSE,SEA,NE,KOFF,,,,1,NE 35,0,0,65,4,0,0,0,0,0,0,0,0,,0,0,0,0,0,0,0,0,0,0,0,0,0,0,,,0,0,0,0,0,0,0,0,0,0,0,NA,0,NA,NA,NA,NA,,,,,,,,,,,,,,,,,,,,,,,,,,,,,0,,,,,,,,0,0,0,,,,,,
7019,1153343,(14:55) 8-J.Price right tackle to SEA 37 for 13 yards (31-K.Byard; 91-E.Ponder).,FALSE,SEA,NE,RUSH,,,00-0041512,1,SEA 24,1,10,24,2,13,1,1,0,0,0,0,2,L,0,6,0,0,0,0,0,0,0,0,0,0,0,0,,,0,0,0,0,0,0,0,0,0,0,0,NA,0,NA,NA,NA,5,,U,,,,Outside Zone,,,,,,,,,,,00-0040716,2ND,PW,,,,,,,,,,0,,,,,,,,0,5,0,,,,,,Cutback
7019,1153344,(14:17) 14-S.Darnold pass short middle to 11-J.Smith-Njigba to 50 for 13 yards (14-R.Spillane).,FALSE,SEA,NE,PASS,00-0034869,00-0038543,,1,SEA 37,1,10,37,2,13,1,1,0,0,1,0,1,L,1,7,1,0,0,0,0,0,0,0,0,4,0,0,,,0,1,0,0,0,0,0,0,1,0,0,2.5,0,NA,11,2,3,CLS,U,,5 - In/Dig,1,,,,,,,,,,,,,,,,,,,,,00-0034720,,4,0,2,,,,,,,0,5,4,,,,,Closed,
7019,1153345,"(13:32) PENALTY on SEA-81-E.Saubert, False Start, 5 yards, enforced at 50 - No Play.",TRUE,SEA,NE,NOPL,,,,1,MID 50,1,10,50,3,0,0,0,0,0,0,0,0,,0,0,0,0,0,0,0,0,0,0,0,0,0,0,,,0,0,0,0,0,0,0,0,0,0,0,NA,0,NA,NA,NA,NA,,,,,,,,,,,,,,,,,,,,,,,,,,,,,0,,,,,,,,0,0,0,,,,,,
7019,1153346,(13:09) (Shotgun) 36-G.Holani up the middle to NE 46 for 9 yards (94-C.Durden; 14-R.Spillane).,FALSE,SEA,NE,RUSH,,,00-0039299,1,SEA 45,1,15,45,3,9,1,0,1,0,0,0,1,L,0,6,0,0,0,0,0,0,0,0,0,0,0,0,,,0,0,0,0,0,0,0,0,0,0,0,NA,0,NA,NA,NA,4,,S,,,,Draw,,,,,,,,,,,,,,,,,,,,,,,0,,,,,,,,0,5,0,,,,,,Tar Ang/Gap
7019,1153347,(12:30) (Shotgun) 14-S.Darnold pass incomplete short right to 22-R.Shaheed.,FALSE,SEA,NE,PASS,00-0034869,00-0037545,,1,NE 46,2,6,54,3,0,0,0,1,0,0,0,1,L,1,6,0,0,0,0,0,0,0,0,0,4,0,0,,,0,0,0,0,0,0,0,0,1,0,0,1.7,0,NA,4,NA,NA,TCV,S,IAT,3 - Hitch/Curl,1,,,,,,,,,,,,,,,,,,,,,00-0034778,,2,0,0,,,,,,,0,5,4,,,,,Open,
7019,1153348,(12:27) (Shotgun) 14-S.Darnold sacked at SEA 49 for -5 yards (5-D.Jones). SEA-14-S.Darnold was injured during the play.,FALSE,SEA,NE,PASS,00-0034869,,,1,NE 46,3,6,54,3,-5,0,0,1,0,0,0,1,L,1,6,0,0,1,1,0,0,0,0,0,6,2,1,P,,0,0,0,0,0,0,0,0,0,0,0,NA,0,4.2,NA,NA,NA,,S,,,,,,P,00-0035678,00-0037812,,,,,,,,,,,,,,,,,,1,0,,,,,,,,0,5,6,00-0034720,00-0036813,,,Closed,
7019,1153349,"(11:49) 4-M.Dickson punts 43 yards to NE 8, Center-41-C.Stoll, fair catch by 25-M.Jones.",FALSE,SEA,NE,PUNT,,,,1,SEA 49,4,11,49,3,0,1,0,0,0,0,0,0,,0,0,0,0,0,0,0,0,0,0,0,0,0,0,,,0,0,0,0,0,0,0,0,0,0,0,NA,0,NA,NA,NA,NA,,,,,,,,,,,,,,,,,,,,,,,,,,,,,0,,,,,,,,0,0,0,,,,,,
7019,1153350,(11:42) 38-R.Stevenson up the middle to NE 11 for 3 yards (0-D.Lawrence; 32-D.Thomas).,FALSE,NE,SEA,RUSH,,,00-0036875,1,NE 8,1,10,8,1,3,0,0,0,0,0,0,2,R,1,7,0,0,0,0,0,0,0,0,0,0,0,0,,,0,0,0,0,0,0,0,0,0,0,0,NA,0,NA,NA,NA,0,,U,,,,Man/Duo,Lead,,,,,,,,,,,,,,,,,,,,,,0,,,,,,,,0,4,0,,,,,,Tar Ang/Gap
7019,1153351,(11:07) 10-D.Maye scrambles up the middle to NE 21 for 10 yards (13-E.Jones; 21-D.Witherspoon).,FALSE,NE,SEA,RUSH,,,00-0039851,1,NE 11,2,7,11,1,10,1,1,0,0,0,0,1,R,1,6,1,0,0,0,0,0,0,1,0,4,0,1,BL,,0,0,0,0,0,0,0,0,0,0,0,NA,0,NA,NA,NA,NA,,U,,,SD,,,,,,,,,,,,,,,,,,,,,,,2,0,,,,,,,,0,5,4,,,,,Open,
7019,1153352,(10:26) (Shotgun) 38-R.Stevenson left end pushed ob at NE 23 for 2 yards (20-J.Love).,FALSE,NE,SEA,RUSH,,,00-0036875,1,NE 21,1,10,21,2,2,0,0,1,0,0,0,2,L,0,7,0,0,0,0,0,0,0,0,0,0,0,0,,,0,0,0,0,0,0,0,0,0,0,0,NA,0,NA,NA,NA,4,,S,,,,Inside Zone,Lead,,,,,,,,,,00-0037137,FLT,SA,,,,,,,,,,0,,,,,,,,0,4,0,,,,,,Bounce Out
7019,1153353,(9:53) 38-R.Stevenson up the middle to NE 26 for 3 yards (28-N.Pritchett).,FALSE,NE,SEA,RUSH,,,00-0036875,1,NE 23,2,8,23,2,3,0,0,0,0,0,0,1,L,0,6,0,0,0,0,0,0,0,0,0,0,0,0,,,0,0,0,0,0,0,0,0,0,0,0,NA,0,NA,NA,NA,3,,U,,,,Man/Duo,,,,,,,,,,,,,,,,,,,,,,,0,,,,,,,,0,5,0,,,,,,Tar Ang/Gap
7019,1153354,"(9:14) (Shotgun) 10-D.Maye scrambles right end pushed ob at NE 27 for 1 yard (91-B.Murphy). PENALTY on SEA-58-D.Hall, Unnecessary Roughness, 15 yards, enforced at NE 27.",FALSE,NE,SEA,RUSH,,,00-0039851,1,NE 26,3,5,26,2,1,1,1,1,0,0,0,2,L,1,6,0,0,0,0,0,0,0,1,0,4,0,1,BL,,0,0,0,0,0,0,0,0,0,0,0,NA,0,4.9,NA,NA,NA,,S,,,SD,,,,,,,,,,,,,,,,,,,,,,,2M,0,,,,,,,,1,5,4,,,,,Open,
7019,1153355,(8:58) 38-R.Stevenson left end pushed ob at NE 48 for 6 yards (13-E.Jones).,FALSE,NE,SEA,RUSH,,,00-0036875,1,NE 42,1,10,42,3,6,1,0,0,0,0,0,1,R,1,6,0,0,0,0,0,0,0,0,0,0,0,0,,,0,0,0,0,0,0,0,0,0,0,0,NA,0,NA,NA,NA,1,,U,,,,Counter,Pitch,,,,,,,,,,,,,,,,,,,,,,0,,,,,,,,0,5,0,,,,,,Tar Ang/Gap
7019,1153356,(8:25) (Shotgun) 38-R.Stevenson left guard to NE 45 for -3 yards (7-U.Nwosu).,FALSE,NE,SEA,RUSH,,,00-0036875,1,NE 48,2,4,48,3,-3,0,0,1,0,0,0,2,L,0,7,0,0,0,0,0,0,0,0,0,0,0,0,,,0,0,0,0,0,0,0,0,0,0,0,NA,0,NA,NA,NA,-1,,S,,,,Inside Zone,Lead,,,,,,,,,,,,,,,,,,,,,,0,,,,,,,,0,4,0,,,,,,Broken Play
7019,1153357,(7:41) (Shotgun) 10-D.Maye pass incomplete short right [21-D.Witherspoon].,FALSE,NE,SEA,PASS,00-0039851,,,1,NE 45,3,7,45,3,0,0,0,1,0,0,0,2,L,1,7,0,0,1,1,0,0,0,0,0,6,2,1,P,,0,0,1,0,0,0,0,0,0,0,0,2.8,0,1.6,15,NA,NA,,S,TA,,,,,U,00-0039169,,,,,,,,,,,,,,,,,,,3,0,,,,,,,,0,5,7,00-0034974,00-0039169,,,Closed,
7019,1153358,"(7:35) 19-M.Wishnowsky punts 45 yards to SEA 10, Center-47-J.Ashby, fair catch by 22-R.Shaheed.",FALSE,NE,SEA,PUNT,,,,1,NE 45,4,7,45,3,0,1,0,0,0,0,0,0,,0,0,0,0,0,0,0,0,0,0,0,0,0,0,,,0,0,0,0,0,0,0,0,0,0,0,NA,0,NA,NA,NA,NA,,,,,,,,,,,,,,,,,,,,,,,,,,,,,0,,,,,,,,0,0,0,,,,,,
7019,1153359,(7:29) (Shotgun) 36-G.Holani left guard to SEA 14 for 4 yards (25-M.Jones).,FALSE,SEA,NE,RUSH,,,00-0039299,1,SEA 10,1,10,10,1,4,0,0,1,0,0,0,1,R,1,6,0,0,0,0,0,0,0,0,0,0,0,0,,,0,0,0,0,0,0,0,0,0,0,0,NA,0,NA,NA,NA,0,,S,,,,Outside Zone,Misdirection,,,,,,,,,,,,,,,,,,,,,,0,,,,,,,,0,5,0,,,,,,Tar Ang/Gap
7019,1153360,(6:54) 8-J.Price left tackle to SEA 21 for 7 yards (4-C.Woodson).,FALSE,SEA,NE,RUSH,,,00-0041512,1,SEA 14,2,6,14,1,7,1,1,0,0,0,0,2,L,0,6,0,0,0,0,0,0,0,0,0,0,0,0,,,0,0,0,0,0,0,0,0,0,0,0,NA,0,NA,NA,NA,5,,U,,,,Outside Zone,Lead,,,,,,,,,,,,,,,,,,,,,,0,,,,,,,,0,5,0,,,,,,Tar Ang/Gap
7019,1153361,(6:22) 2-D.Lock pass short right to 11-J.Smith-Njigba pushed ob at SEA 29 for 8 yards (14-R.Spillane).,FALSE,SEA,NE,PASS,00-0035704,00-0038543,,1,SEA 21,1,10,21,2,8,1,0,0,0,1,0,1,L,0,7,1,0,0,0,0,0,0,0,0,4,0,0,,,0,1,0,0,0,0,0,0,1,0,0,2.8,0,NA,4,4,0,OPN,U,,2 - Quick Out,1,,,,,,,,,,,,00-0039692,2ND,JK,,,,,,,00-0039692,,3,0,2,,,,,,,0,5,4,,,,,Closed,
7019,1153362,(6:02) (No Huddle) 8-J.Price right end to SEA 29 for no gain (7-C.Davis; 31-K.Byard). NE-7-C.Davis was injured during the play.,FALSE,SEA,NE,RUSH,,,00-0041512,1,SEA 29,2,2,29,2,0,0,0,0,1,0,0,1,R,0,6,0,0,0,0,0,0,0,0,0,0,0,0,,,0,0,0,0,0,0,0,0,0,0,0,NA,0,NA,NA,NA,0,,U,,,,Man/Duo,,,,,,,,,,,,,,,,,,,,,,,0,,,,,,,,0,5,0,,,,,,Bounce Out
7019,1153363,(5:19) (Shotgun) 36-G.Holani right guard to SEA 30 for 1 yard (14-R.Spillane).,FALSE,SEA,NE,RUSH,,,00-0039299,1,SEA 29,3,2,29,2,1,0,0,1,0,0,0,1,R,0,6,0,0,0,0,0,0,0,0,0,0,0,0,,,0,0,0,0,0,0,0,0,0,0,0,NA,0,NA,NA,NA,2,,S,,,,Inside Zone,Split,,,,,,,,,,00-0036813,LOS,PW,,,,,,,,,,0,,,,,,,,0,5,0,,,,,,Tar Ang/Gap
7019,1153364,"(4:42) 4-M.Dickson punts 50 yards to NE 20, Center-41-C.Stoll, out of bounds.",FALSE,SEA,NE,PUNT,,,,1,SEA 30,4,1,30,2,0,0,0,0,0,0,0,0,,0,0,0,0,0,0,0,0,0,0,0,0,0,0,,,0,0,0,0,0,0,0,0,0,0,0,NA,0,NA,NA,NA,NA,,,,,,,,,,,,,,,,,,,,,,,,,,,,,0,,,,,,,,0,0,0,,,,,,
7019,1153365,(4:35) (Shotgun) 10-D.Maye pass short right to 13-M.Hollins to NE 29 for 9 yards (13-E.Jones).,FALSE,NE,SEA,PASS,00-0039851,00-0033555,,1,NE 20,1,10,20,2,9,1,0,1,0,1,0,1,L,0,6,0,0,0,0,0,0,0,0,0,4,0,0,,,0,1,0,0,0,0,0,0,0,0,0,3,0,NA,9,0,0,OPN,S,,5 - In/Dig,CHK,,,,,,,,,,,,,,,,,,,,,00-0036994,,2,0,1,,,,,,,0,5,4,,,,,Open,
7019,1153366,(4:00) 10-D.Maye up the middle to NE 32 for 3 yards (99-L.Williams).,FALSE,NE,SEA,RUSH,,,00-0039851,1,NE 29,2,1,29,2,3,0,1,0,0,0,0,1,R,0,7,0,0,0,0,0,1,1,0,0,0,0,0,,,0,0,0,0,0,0,0,0,0,0,0,NA,0,NA,NA,NA,0,,U,,,,QB Sneak,,,,,,,,,,,,,,,,,,,,,,,0,,,,,,,,0,4,0,,,,,,Tar Ang/Gap
7019,1153367,(3:24) (Shotgun) 10-D.Maye pass short left to 1-A.Brown pushed ob at NE 39 for 7 yards (28-N.Pritchett).,FALSE,NE,SEA,PASS,00-0039851,00-0035676,,1,NE 32,1,10,32,2,7,1,0,1,0,1,0,1,R,0,7,1,0,0,0,0,0,0,0,0,5,1,1,DR,,0,1,0,0,0,0,0,0,1,0,0,3.2,0,NA,0,7,0,OPN,S,,2 - Quick Out,1,,,,,,,,,,,,,,,,,,,,,00-0039795,,2,0,5+,,,,,,,0,5,4,00-0034974,,,,Open,
7019,1153368,(2:48) 38-R.Stevenson right tackle to NE 41 for 2 yards (99-L.Williams).,FALSE,NE,SEA,RUSH,,,00-0036875,1,NE 39,2,3,39,2,2,0,0,0,0,0,0,2,L,1,7,0,0,0,0,0,0,0,0,0,0,0,0,,,0,0,0,0,0,0,0,0,0,0,0,NA,0,NA,NA,NA,0,,U,,,,Man/Duo,Lead,,,,,,,,,,,,,,,,,,,,,,0,,00-0031330,00-0031933,,,,,0,4,0,,,,,,Tar Ang/Gap
7019,1153369,(2:12) 38-R.Stevenson right guard to NE 40 for -1 yards (20-J.Love).,FALSE,NE,SEA,RUSH,,,00-0036875,1,NE 41,3,1,41,3,-1,0,0,0,0,0,0,2,R,1,7,0,0,0,0,0,0,0,0,0,0,0,0,,,0,0,0,0,0,0,0,0,0,0,0,NA,0,NA,NA,NA,0,,U,,,,Man/Duo,Lead,,,,,,,,,,,,,,,,,,,,,,0,,,,,,,,0,4,0,,,,,,Tar Ang/Gap
7019,1153370,"(1:28) 19-M.Wishnowsky punts 46 yards to SEA 14, Center-47-J.Ashby, fair catch by 22-R.Shaheed.",FALSE,NE,SEA,PUNT,,,,1,NE 40,4,2,40,3,0,1,0,0,0,0,0,0,,0,0,0,0,0,0,0,0,0,0,0,0,0,0,,,0,0,0,0,0,0,0,0,0,0,0,NA,0,NA,NA,NA,NA,,,,,,,,,,,,,,,,,,,,,,,,,,,,,0,,,,,,,,0,0,0,,,,,,
7019,1153371,(1:22) 8-J.Price right end pushed ob at SEA 26 for 12 yards (0-C.Gonzalez). ** Injury Update: NE-7-C.Davis has returned to the game.,FALSE,SEA,NE,RUSH,,,00-0041512,1,SEA 14,1,10,14,1,12,1,1,0,0,0,0,1,R,1,6,0,0,0,0,0,0,0,0,0,0,0,0,,,0,0,0,0,0,0,0,0,0,0,0,NA,0,NA,NA,NA,0,,S,,,,Outside Zone,,,,,,,,,,,,,,,,,,,,,,,0,,,,,,,,0,5,0,,,,,,Tar Ang/Gap
7019,1153372,(:49) 8-J.Price right end to SEA 28 for 2 yards (53-C.Elliss; 97-M.Williams).,FALSE,SEA,NE,RUSH,,,00-0041512,1,SEA 26,1,10,26,2,2,0,0,0,0,0,0,2,R,1,6,0,0,0,0,0,0,0,0,0,0,0,0,,,0,0,0,0,0,0,0,0,0,0,0,NA,0,NA,NA,NA,0,,U,,,,Outside Zone,Pitch,,,,,,,,,,,,,,,,,,,,,,0,,,,,,,,0,5,0,,,,,,Tar Ang/Gap
7019,1153373,(:08) 23-E.Wilson left guard to SEA 31 for 3 yards (14-R.Spillane).,FALSE,SEA,NE,RUSH,,,00-0038797,1,SEA 28,2,8,28,2,3,0,0,0,0,0,0,2,R,1,6,0,0,0,0,0,0,0,0,0,0,0,0,,,0,0,0,0,0,0,0,0,0,0,0,NA,0,NA,NA,NA,0,,U,,,,Man/Duo,,,,,,,,,,,,,,,,,,,,,,,0,,,,,,,,0,5,0,,,,,,Cutback
7019,1153374,(15:00) (Shotgun) 2-D.Lock pass incomplete deep left to 10-C.Kupp (0-C.Gonzalez).,FALSE,SEA,NE,PASS,00-0035704,00-0033908,,2,SEA 31,3,5,31,2,0,0,0,1,0,0,0,1,R,1,6,0,0,0,0,0,0,0,0,0,5,1,0,,,0,0,0,0,0,1,0,0,1,0,0,2.4,0,NA,19,NA,NA,TCV,S,IAT,6 - Corner,1,,,,,,,,,,,,,,,,,,,,,00-0039147,,1,0,0,,,,,,,0,5,5,00-0036813,,,,Closed,
7019,1153375,"(14:55) 4-M.Dickson punts 46 yards to NE 23, Center-41-C.Stoll, fair catch by 25-M.Jones.",FALSE,SEA,NE,PUNT,,,,2,SEA 31,4,5,31,2,0,1,0,0,0,0,0,0,,0,0,0,0,0,0,0,0,0,0,0,0,0,0,,,0,0,0,0,0,0,0,0,0,0,0,NA,0,NA,NA,NA,NA,,,,,,,,,,,,,,,,,,,,,,,,,,,,,0,,,,,,,,0,0,0,,,,,,
7019,1153376,(14:48) 9-C.Kiner right guard to NE 30 for 7 yards (98-R.Mills).,FALSE,NE,SEA,RUSH,,,00-0040556,2,NE 23,1,10,23,2,7,1,0,0,0,0,0,2,R,0,7,0,0,0,0,0,0,0,0,0,0,0,0,,,0,0,0,0,0,0,0,0,0,0,0,NA,0,NA,NA,NA,3,,U,,,,Man/Duo,Lead,,,,,,,,,,,,,,,,,,,,,,0,,,,,,,,0,4,0,,,,,,Tar Ang/Gap
7019,1153377,(14:09) 9-C.Kiner right guard to NE 29 for -1 yards (98-R.Mills).,FALSE,NE,SEA,RUSH,,,00-0040556,2,NE 30,2,3,30,2,-1,0,0,0,0,0,0,1,R,0,7,0,0,0,0,0,0,0,0,0,0,0,0,,,0,0,0,0,0,0,0,0,0,0,0,NA,0,NA,NA,NA,0,,U,,,,Man/Duo,,,,,,,,,,,,,,,,,,,,,,,0,,00-0036198,00-0040647,,,,,0,4,0,,,,,,Broken Play
7019,1153378,(13:28) (Shotgun) 10-D.Maye pass short left to 3-D.Douglas ran ob at NE 34 for 5 yards.,FALSE,NE,SEA,PASS,00-0039851,00-0038621,,2,NE 29,3,4,29,2,5,1,1,1,0,1,0,1,R,1,6,0,0,0,0,0,0,0,0,0,4,0,0,,,0,1,0,0,0,0,0,0,1,0,0,2.7,0,NA,5,0,NA,STP,S,,2 - Quick Out,1,,,,,,,,,,,,,,,,,,,,,00-0039169,,3,0,1,,,,,,,1,5,7,,,,,Closed,
7019,1153379,(13:00) 10-D.Maye pass short left to 34-L.Larison to NE 45 for 11 yards (29-J.Jobe).,FALSE,NE,SEA,PASS,00-0039851,00-0040568,,2,NE 34,1,10,34,2,11,1,1,0,0,1,0,1,L,0,7,1,0,0,0,0,0,0,0,0,6,2,0,,,0,1,0,0,0,0,0,0,0,0,0,3.3,0,NA,1,10,1,OPN,U,,10 - Swing,CHK,,,,,,,,,,,,,,,,,,,,,00-0037137,,3,0,5+,,,,,,,0,5,5,00-0039169,00-0036994,,,Open,
7019,1153380,(12:21) 9-C.Kiner up the middle to NE 45 for no gain (7-U.Nwosu).,FALSE,NE,SEA,RUSH,,,00-0040556,2,NE 45,1,10,45,3,0,0,0,0,0,0,0,2,L,0,7,0,0,0,0,0,0,0,0,0,0,0,0,,,0,0,0,0,0,0,0,0,0,0,0,NA,0,NA,NA,NA,0,,U,,,,Man/Duo,Lead,,,,,,,,,,,,,,,,,,,,,,0,,00-0036187,00-0034350,,,,,0,4,0,,,,,,Broken Play
7019,1153381,(11:47) (Shotgun) 10-D.Maye scrambles right end ran ob at SEA 49 for 6 yards (28-N.Pritchett).,FALSE,NE,SEA,RUSH,,,00-0039851,2,NE 45,2,10,45,3,6,0,0,1,0,0,0,1,L,0,6,0,0,1,0,1,0,0,1,0,4,0,1,BL,,0,0,0,0,0,0,0,0,0,0,0,NA,0,3.1,NA,NA,NA,,S,,,SD,,,P,00-0034350,00-0036198,,,,,,,,,,,,,,,,,,2,0,,,,,,,,1,5,4,,,,,Open,
7019,1153382,(11:08) (Shotgun) 10-D.Maye pass short right to 1-A.Brown to SEA 44 for 5 yards (29-J.Jobe).,FALSE,NE,SEA,PASS,00-0039851,00-0035676,,2,SEA 49,3,4,51,3,5,1,1,1,0,1,0,1,R,0,8,0,0,0,0,0,0,0,0,0,4,1,0,,,0,1,0,0,0,0,0,0,1,0,0,1.8,0,NA,5,0,0,CLS,S,,2 - Quick Out,1,,,,,,,,,,,,,,,,,,,,,00-0037137,,6,0,2,,,,,,,0,5,4,00-0039169,,,,Closed,
7019,1153383,(10:31) 9-C.Kiner right tackle to SEA 41 for 3 yards (0-D.Lawrence; 20-J.Love).,FALSE,NE,SEA,RUSH,,,00-0040556,2,SEA 44,1,10,56,3,3,0,0,0,0,0,0,1,R,0,6,0,0,0,0,0,0,0,0,0,0,0,0,,,0,0,0,0,0,0,0,0,0,0,0,NA,0,NA,NA,NA,0,,U,,,,Man/Duo,,,,,,,,,,,,,,,,,,,,,,,0,,00-0040147,00-0038694,,,,,0,5,0,,,,,,Tar Ang/Gap
7019,1153384,(9:54) (Shotgun) 10-D.Maye pass short left to 3-D.Douglas to SEA 36 for 5 yards (13-E.Jones; 28-N.Pritchett).,FALSE,NE,SEA,PASS,00-0039851,00-0038621,,2,SEA 41,2,7,59,3,5,1,0,1,0,1,0,1,R,0,6,0,0,0,0,0,0,0,0,0,4,0,0,,,0,1,0,0,0,0,0,0,0,1,0,1.4,0,NA,-4,9,1,OPN,S,,0 - Screen,DES,,,,,,,,,,,,,,,,,,,,,00-0036994,,3,0,5+,,,,,,,0,5,4,,,,,Open,
7019,1153385,"(9:22) 10-D.Maye pass incomplete deep left to 1-A.Brown (29-J.Jobe). PENALTY on SEA-29-J.Jobe, Defensive Pass Interference, 34 yards, enforced at SEA 36 - No Play.",TRUE,NE,SEA,NOPL,00-0039851,,,2,SEA 36,3,2,64,4,0,1,1,0,0,0,0,2,L,1,8,1,1,0,0,0,0,0,0,0,5,1,0,,,1,0,0,0,0,0,0,0,1,0,0,4,0,NA,0,NA,NA,TCV,U,,9 - Go,1,,,,,,,,,,,,,,,,,,,,,00-0037137,,1,0,0,,,,,,,0,5,4,00-0039169,,,,Closed,
7019,1153386,"(9:14) 70-G.Van Roten reported in as eligible. 10-D.Maye pass short left to 82-E.Raridon for 2 yards, TOUCHDOWN.",FALSE,NE,SEA,PASS,00-0039851,00-0041395,,2,SEA 2,1,2,98,5,2,1,1,0,0,1,0,1,L,1,11,0,0,0,0,0,0,0,0,0,6,0,0,,,0,1,0,0,0,0,0,0,1,0,0,2.1,0,NA,2,0,NA,OPN,U,,6 - Corner,1,,,,,,,,,,,,,,,,,,,,,00-0038764,,2M,0,3,,,,,,,0,1,8,,,,,No Safeties,
7019,1153387,"8-A.Borregales extra point is GOOD, Center-47-J.Ashby, Holder-19-M.Wishnowsky.",FALSE,NE,SEA,FGXP,,,,2,SEA 15,0,0,85,5,0,1,0,0,0,0,0,0,,0,0,0,0,0,0,0,0,0,0,0,0,0,0,,,0,0,0,0,0,0,0,0,0,0,0,NA,0,NA,NA,NA,NA,,,,,,,,,,,,,,,,,,,,,,,,,,,,,0,,,,,,,,0,0,0,,,,,,
7019,1153388,8-A.Borregales kicks 63 yards from NE 35 to SEA 2. 22-R.Shaheed to SEA 30 for 28 yards (22-C.Woods).,FALSE,SEA,NE,KOFF,,,,2,NE 35,0,0,65,4,0,1,0,0,0,0,0,0,,0,0,0,0,0,0,0,0,0,0,0,0,0,0,,,0,0,0,0,0,0,0,0,0,0,0,NA,0,NA,NA,NA,NA,,,,,,,,,,,,,,,,,,,,,,,,,,,,,0,,,,,,,,0,0,0,,,,,,
7019,1153389,(9:06) 2-D.Lock pass short left to 38-B.Russell to SEA 37 for 7 yards (24-D.Pettus).,FALSE,SEA,NE,PASS,00-0035704,00-0038488,,2,SEA 30,1,10,30,2,7,1,0,0,0,1,0,1,R,1,7,1,0,0,0,0,0,0,0,0,5,1,0,,,0,1,0,0,0,0,0,0,0,0,0,3.1,0,NA,0,7,1,OPN,U,,10 - Swing,CHK,,,,,,,,,,,,,,,,,,,,,00-0039692,,9,0,5+,,,,,,,0,5,4,00-0034778,,,,Open,
7019,1153390,(8:25) 8-J.Price right end to SEA 45 for 8 yards (31-K.Byard).,FALSE,SEA,NE,RUSH,,,00-0041512,2,SEA 37,2,3,37,2,8,1,1,0,0,0,0,1,L,1,6,0,0,0,0,0,0,0,0,0,0,0,0,,,0,0,0,0,0,0,0,0,0,0,0,NA,0,NA,NA,NA,1,,U,,,,Outside Zone,Pitch,,,,,,,,,,,,,,,,,,,,,,0,,,,,,,,0,5,0,,,,,,Tar Ang/Gap
7019,1153391,(7:42) 2-D.Lock sacked at SEA 38 for -7 yards (50-G.Jacas).,FALSE,SEA,NE,PASS,00-0035704,,,2,SEA 45,1,10,45,3,-7,0,0,0,0,0,0,1,R,1,7,1,0,1,1,0,0,0,0,0,4,0,0,,,0,0,0,0,0,0,0,0,0,0,0,NA,0,4.6,NA,NA,NA,,U,,,SD,,,P,00-0041569,00-0037812,,,,,,,,,,,,,,,,,,3,0,,,,,,,,0,5,4,,,,,Closed,
7019,1153392,"(6:54) (Shotgun) PENALTY on SEA-72-A.Lucas, False Start, 5 yards, enforced at SEA 38 - No Play.",TRUE,SEA,NE,NOPL,,,,2,SEA 38,2,17,38,2,0,0,0,1,0,0,0,0,,0,0,0,0,0,0,0,0,0,0,0,0,0,0,,,0,0,0,0,0,0,0,0,0,0,0,NA,0,NA,NA,NA,NA,,,,,,,,,,,,,,,,,,,,,,,,,,,,,0,,,,,,,,0,0,0,,,,,,
7019,1153393,(6:45) (Shotgun) 2-D.Lock pass short right to 11-J.Smith-Njigba to SEA 38 for 5 yards (94-C.Durden; 25-M.Jones).,FALSE,SEA,NE,PASS,00-0035704,00-0038543,,2,SEA 33,2,22,33,2,5,0,0,1,0,1,0,1,L,0,6,0,0,0,0,0,0,0,0,0,4,0,0,,,0,1,0,0,0,0,0,0,0,1,0,1.1,0,NA,-3,8,2,OPN,S,,0 - Screen,DES,,,,,,,,,,,,,,,,,,,,,00-0037253,,2,0,5+,,,,,,,0,5,4,,,,,Closed,
7019,1153394,"(6:02) (Shotgun) PENALTY on SEA-88-A.Barner, False Start, 5 yards, enforced at SEA 38 - No Play.",TRUE,SEA,NE,NOPL,,,,2,SEA 38,3,17,38,2,0,0,0,1,0,0,0,0,,0,0,0,0,0,0,0,0,0,0,0,0,0,0,,,0,0,0,0,0,0,0,0,0,0,0,NA,0,NA,NA,NA,NA,,,,,,,,,,,,,,,,,,,,,,,,,,,,,0,,,,,,,,0,0,0,,,,,,
7019,1153395,(5:39) (Shotgun) 2-D.Lock pass deep middle to 11-J.Smith-Njigba to NE 46 for 21 yards (4-C.Woodson).,FALSE,SEA,NE,PASS,00-0035704,00-0038543,,2,SEA 33,3,22,33,2,21,1,0,1,0,1,0,1,R,1,4,0,0,0,0,0,0,0,0,0,4,0,0,,,0,1,0,0,0,0,0,0,1,0,0,3.2,0,NA,21,0,0,CLS,S,,5 - In/Dig,1,,,,,,,,,,,,,,,,,,,,,00-0040716,,9,0,2,,,,,,,1,5,4,,,,,Closed,
7019,1153396,"(4:54) Direct snap to 88-A.Barner. 88-A.Barner up the middle to NE 45 for 1 yard (5-D.Jones; 91-E.Ponder). PENALTY on SEA-75-A.Bradford, Offensive Offside, 4 yards, enforced at NE 46 - No Play.",TRUE,SEA,NE,NOPL,,,,2,NE 46,4,1,54,3,0,0,0,0,0,0,0,0,,0,0,0,0,0,0,0,0,0,0,0,0,0,0,,,0,0,0,0,0,0,0,0,0,0,0,NA,0,NA,NA,NA,NA,,,,,,,,,,,,,,,,,,,,,,,,,,,,,0,,,,,,,,0,0,0,,,,,,
7019,1153397,"(4:45) 4-M.Dickson punts 42 yards to NE 8, Center-41-C.Stoll, out of bounds.",FALSE,SEA,NE,PUNT,,,,2,MID 50,4,5,50,3,0,1,0,0,0,0,0,0,,0,0,0,0,0,0,0,0,0,0,0,0,0,0,,,0,0,0,0,0,0,0,0,0,0,0,NA,0,NA,NA,NA,NA,,,,,,,,,,,,,,,,,,,,,,,,,,,,,0,,,,,,,,0,0,0,,,,,,
7019,1153398,(4:39) 38-R.Stevenson left tackle to NE 12 for 4 yards (7-U.Nwosu).,FALSE,NE,SEA,RUSH,,,00-0036875,2,NE 8,1,10,8,1,4,0,0,0,0,0,0,1,R,1,6,0,0,0,0,0,0,0,0,0,0,0,0,,,0,0,0,0,0,0,0,0,0,0,0,NA,0,NA,NA,NA,0,,U,,,,Man/Duo,,,,,,,,,,,,,,,,,,,,,,,0,,,,,,,,0,5,0,,,,,,Cutback
7019,1153399,(4:02) (Shotgun) 10-D.Maye pass short middle to 85-H.Henry to NE 15 for 3 yards (7-U.Nwosu).,FALSE,NE,SEA,PASS,00-0039851,00-0033090,,2,NE 12,2,6,12,1,3,0,0,1,0,1,0,1,L,0,7,1,0,0,0,0,0,0,0,0,4,0,0,,,0,1,0,0,0,0,0,0,0,1,0,2.6,0,NA,-6,9,1,OPN,S,,0 - Screen,DES,,,,,,,,,,,,00-0031933,BCK,GB,,,,,,,00-0039047,,2,0,2,,,,,,,0,5,4,,,,,Open,
7019,1153400,(3:18) (Shotgun) 10-D.Maye pass short left to 1-A.Brown to NE 29 for 14 yards (28-N.Pritchett).,FALSE,NE,SEA,PASS,00-0039851,00-0035676,,2,NE 15,3,3,15,1,14,1,1,1,0,1,0,1,R,1,8,0,0,0,0,0,0,0,0,0,5,2,0,,,0,1,0,0,0,0,0,0,1,0,0,1.6,0,NA,7,7,0,STP,S,,1 - Slant,1,,,,,,,,,,,,,,,,,,,,,00-0039795,,4,0,1,,,,,,,0,5,5,00-0036994,00-0039169,,,Closed,
7019,1153401,(2:45) 9-C.Kiner left tackle to NE 30 for 1 yard (13-E.Jones; 32-D.Thomas).,FALSE,NE,SEA,RUSH,,,00-0040556,2,NE 29,1,10,29,2,1,0,0,0,0,0,0,2,M,0,7,0,0,0,0,0,0,0,0,0,0,0,0,,,0,0,0,0,0,0,0,0,0,0,0,NA,0,NA,NA,NA,0,,U,,,,Man/Duo,Lead,,,,,,,,,,,,,,,,,,,,,,0,,,,,,,,0,4,0,,,,,,Tar Ang/Gap
7019,1153402,(2:00) (Shotgun) 10-D.Maye scrambles left tackle ran ob at NE 46 for 16 yards (13-E.Jones).,FALSE,NE,SEA,RUSH,,,00-0039851,2,NE 30,2,9,30,2,16,1,1,1,0,0,0,0,L,1,6,0,0,1,0,1,0,0,1,0,4,0,1,P,,0,0,0,0,0,0,0,0,0,0,0,NA,0,2.6,NA,NA,NA,,S,,,SD,,,P,00-0040647,00-0036979,,,,,,,,,,,,,,,,,,2M,0,,,,,,,,1,5,4,,,,,Open,
7019,1153403,(1:52) (Shotgun) 10-D.Maye pass incomplete deep right to 3-D.Douglas [32-D.Thomas].,FALSE,NE,SEA,PASS,00-0039851,00-0038621,,2,NE 46,1,10,46,3,0,0,0,1,0,0,0,1,L,1,6,0,0,1,1,0,0,0,0,1,4,1,0,,,0,0,0,0,0,0,0,0,0,0,0,3,0,2.6,20,NA,NA,,S,HAT,9 - Go,,,,P,00-0038922,00-0036875,,,,,,,,,,,,,,,,00-0037323,,3,0,,,,,,,,0,5,4,00-0038922,,,,Open,
7019,1153404,(1:46) (Shotgun) 10-D.Maye pass short left to 38-R.Stevenson to SEA 49 for 5 yards (32-D.Thomas; 29-J.Jobe).,FALSE,NE,SEA,PASS,00-0039851,00-0036875,,2,NE 46,2,10,46,3,5,1,0,1,0,1,0,1,L,1,6,0,0,0,0,0,0,0,0,0,4,0,0,,,0,1,0,0,0,0,0,0,0,1,0,2.2,0,NA,-5,10,1,OPN,S,,0 - Screen,DES,,,,,,,,,,,,,,,,,,,,,00-0039309,,2,0,5+,,,,,,,1,5,4,,,,,Open,
7019,1153405,(1:03) (Shotgun) 38-R.Stevenson left guard to SEA 47 for 2 yards (13-E.Jones; 99-L.Williams).,FALSE,NE,SEA,RUSH,,,00-0036875,2,SEA 49,3,5,51,3,2,0,0,1,0,0,0,1,L,1,6,0,0,0,0,0,0,0,0,0,0,0,0,,,0,0,0,0,0,0,0,0,0,0,0,NA,0,NA,NA,NA,0,,S,,,,Man/Duo,,,,,,,,,,,,,,,,,,,,,,,0,,,,,,,,0,5,0,,,,,,Tar Ang/Gap
7019,1153406,Timeout #1 by SEA at 00:57.,TRUE,NA,NA,NOPL,,,,2,SEA 47,0,0,0,0,0,0,0,0,0,0,0,0,,0,0,0,0,0,0,0,0,0,0,0,0,0,0,,,0,0,0,0,0,0,0,0,0,0,0,NA,0,NA,NA,NA,NA,,,,,,,,,,,,,,,,,,,,,,,,,,,,,0,,,,,,,,0,0,0,,,,,,
7019,1153407,"(:57) 19-M.Wishnowsky punts 40 yards to SEA 7, Center-47-J.Ashby, fair catch by 22-R.Shaheed.",FALSE,NE,SEA,PUNT,,,,2,SEA 47,4,3,53,3,0,0,0,0,0,0,0,0,,0,0,0,0,0,0,0,0,0,0,0,0,0,0,,,0,0,0,0,0,0,0,0,0,0,0,NA,0,NA,NA,NA,NA,,,,,,,,,,,,,,,,,,,,,,,,,,,,,0,,,,,,,,0,0,0,,,,,,
7019,1153408,(:50) (Shotgun) 36-G.Holani right tackle to SEA 11 for 4 yards (4-C.Woodson).,FALSE,SEA,NE,RUSH,,,00-0039299,2,SEA 7,1,10,7,1,4,0,0,1,0,0,0,1,R,0,6,0,0,0,0,0,0,0,0,0,0,0,0,,,0,0,0,0,0,0,0,0,0,0,0,NA,0,NA,NA,NA,0,,S,,,,Power,Pull Lead,,,,,,,,,,,,,,,,,,,,,,0,,,,,,,,0,5,0,,,,,,Tar Ang/Gap
7019,1153409,Timeout #1 by NE at 00:45.,TRUE,NA,NA,NOPL,,,,2,SEA 11,0,0,0,0,0,0,0,0,0,0,0,0,,0,0,0,0,0,0,0,0,0,0,0,0,0,0,,,0,0,0,0,0,0,0,0,0,0,0,NA,0,NA,NA,NA,NA,,,,,,,,,,,,,,,,,,,,,,,,,,,,,0,,,,,,,,0,0,0,,,,,,
7019,1153410,(:45) 36-G.Holani right end to SEA 12 for 1 yard (7-C.Davis).,FALSE,SEA,NE,RUSH,,,00-0039299,2,SEA 11,2,6,11,1,1,0,0,0,0,0,0,2,R,1,6,0,0,0,0,0,0,0,0,0,0,0,0,,,0,0,0,0,0,0,0,0,0,0,0,NA,0,NA,NA,NA,0,,U,,,,Outside Zone,Pitch,,,,,,,,,,00-0040716,FLT,PW,,,,,,,,,,0,,,,,,,,0,5,0,,,,,,Tar Ang/Gap
7019,1153411,Timeout #2 by NE at 00:39.,TRUE,NA,NA,NOPL,,,,2,SEA 12,0,0,0,0,0,0,0,0,0,0,0,0,,0,0,0,0,0,0,0,0,0,0,0,0,0,0,,,0,0,0,0,0,0,0,0,0,0,0,NA,0,NA,NA,NA,NA,,,,,,,,,,,,,,,,,,,,,,,,,,,,,0,,,,,,,,0,0,0,,,,,,
7019,1153412,(:39) (Shotgun) 2-D.Lock pass short right to 11-J.Smith-Njigba to SEA 18 for 6 yards (53-C.Elliss).,FALSE,SEA,NE,PASS,00-0035704,00-0038543,,2,SEA 12,3,5,12,1,6,1,1,1,0,1,0,1,R,0,6,0,0,0,0,0,0,0,0,0,4,0,0,,,0,1,0,0,0,0,0,0,1,0,0,2.7,0,NA,6,0,0,CLS,S,,3 - Hitch/Curl,1,,,,,,,,,,,,,,,,,,,,,00-0036813,,2,0,2,,,,,,,0,5,4,,,,,Open,
7019,1153413,Timeout #2 by SEA at 00:33.,TRUE,NA,NA,NOPL,,,,2,SEA 18,0,0,0,0,0,0,0,0,0,0,0,0,,0,0,0,0,0,0,0,0,0,0,0,0,0,0,,,0,0,0,0,0,0,0,0,0,0,0,NA,0,NA,NA,NA,NA,,,,,,,,,,,,,,,,,,,,,,,,,,,,,0,,,,,,,,0,0,0,,,,,,
7019,1153414,(:33) (Shotgun) 2-D.Lock pass short left to 88-A.Barner to SEA 22 for 4 yards (0-C.Gonzalez).,FALSE,SEA,NE,PASS,00-0035704,00-0039793,,2,SEA 18,1,10,18,1,4,0,0,1,0,1,0,1,R,0,6,0,0,1,0,1,0,0,0,0,4,0,0,,,0,1,0,0,0,0,0,0,0,0,0,3,0,2.1,-3,7,1,OPN,S,,10 - Swing,CHK,,,P,00-0040574,00-0037812,,,,,,,,,,,,,,,,00-0039147,,9,0,5+,,,,,,,0,5,7,,,,,Closed,
7019,1153415,Timeout #3 by SEA at 00:24.,TRUE,NA,NA,NOPL,,,,2,SEA 22,0,0,0,0,0,0,0,0,0,0,0,0,,0,0,0,0,0,0,0,0,0,0,0,0,0,0,,,0,0,0,0,0,0,0,0,0,0,0,NA,0,NA,NA,NA,NA,,,,,,,,,,,,,,,,,,,,,,,,,,,,,0,,,,,,,,0,0,0,,,,,,
7019,1153416,(:24) (Shotgun) 2-D.Lock pass incomplete short right to 36-G.Holani. The penalty was assisted by replay.,FALSE,SEA,NE,PASS,00-0035704,00-0039299,,2,SEA 22,2,6,22,2,0,0,0,1,0,0,0,1,L,0,4,0,0,0,0,0,0,0,0,0,4,0,1,BL,,0,0,0,0,0,0,0,0,0,0,0,5.6,0,NA,6,NA,NA,OPN,S,IAT,10 - Swing,SD,,,,,,,,,,,,,,,,,,,,,00-0036813,,9,0,5+,,,,,,,1,5,4,,,,,Open,
7019,1153417,(:17) (Shotgun) 36-G.Holani left guard to SEA 26 for 4 yards (90-C.Barmore).,FALSE,SEA,NE,RUSH,,,00-0039299,2,SEA 22,3,6,22,2,4,0,0,1,0,0,0,1,L,1,6,0,0,0,0,0,0,0,0,0,0,0,0,,,0,0,0,0,0,0,0,0,0,0,0,NA,0,NA,NA,NA,3,,S,,,,Draw,Split,,,,,,,,,,00-0036813,LOS,PW,,,,,,,,,,0,,,,,,,,0,5,0,,,,,,Tar Ang/Gap
7019,1153418,5-J.Myers kicks 65 yards from SEA 35 to NE 0. 18-K.Williams pushed ob at NE 29 for 29 yards (87-M.Foster).,FALSE,NE,SEA,KOFF,,,,3,SEA 35,0,0,65,4,0,1,0,0,0,0,0,0,,0,0,0,0,0,0,0,0,0,0,0,0,0,0,,,0,0,0,0,0,0,0,0,0,0,0,NA,0,NA,NA,NA,NA,,,,,,,,,,,,,,,,,,,,,,,,,,,,,0,,,,,,,,0,0,0,,,,,,
7019,1153419,(14:53) 10-D.Maye pass short right to 85-H.Henry to NE 42 for 13 yards (20-J.Love).,FALSE,NE,SEA,PASS,00-0039851,00-0033090,,3,NE 29,1,10,29,2,13,1,1,0,0,1,0,1,R,0,7,1,0,1,0,1,0,0,0,0,4,0,1,BT,,1,1,0,0,0,0,0,0,1,0,0,3,0,2.5,13,0,0,CLS,U,,4 - Deep Out,1,,,P,00-0031411,00-0041395,,,,,,,,,,,,,,,,00-0034974,,2,0,0,,,,,,,0,5,4,,,,,Open,
7019,1153420,(14:18) (Shotgun) 10-D.Maye pass incomplete short right.,FALSE,NE,SEA,PASS,00-0039851,,,3,NE 42,1,10,42,3,0,0,0,1,0,0,0,1,R,1,5,0,0,1,0,1,0,0,0,0,4,0,1,P,,0,0,1,0,0,0,0,1,0,0,0,5.6,0,2.5,1,NA,NA,,S,TA,,SD,,,P,00-0031933,00-0036979,C,00-0038922,,,,,,,,,,,,,,,,3,0,,,,,,,,1,5,6,,,,,Open,
7019,1153421,(14:11) (Shotgun) 38-R.Stevenson up the middle to NE 48 for 6 yards (21-D.Witherspoon; 32-D.Thomas).,FALSE,NE,SEA,RUSH,,,00-0036875,3,NE 42,2,10,42,3,6,1,0,1,0,0,0,2,R,0,6,0,0,0,0,0,0,0,0,0,0,0,0,,,0,0,0,0,0,0,0,0,0,0,0,NA,0,NA,NA,NA,1,,S,,,,Draw,,,,,,,,,,,,,,,,,,,,,,,1,,,,,,,,0,5,0,,,,,,Tar Ang/Gap
7019,1153422,(13:30) (Shotgun) 10-D.Maye pass incomplete short left to 1-A.Brown (28-N.Pritchett). NE-1-A.Brown was injured during the play.,FALSE,NE,SEA,PASS,00-0039851,00-0035676,,3,NE 48,3,4,48,3,0,0,0,1,0,0,0,1,R,1,6,0,0,0,0,0,0,0,0,0,5,1,0,,,1,0,0,0,0,0,0,0,1,0,0,1.9,0,NA,7,NA,NA,TCV,S,FI,5 - In/Dig,1,,,,,,,,,,,,,,,,,,,,,00-0039795,,2M,0,0,,,,,,,1,5,5,00-0036994,,,,Open,
7019,1153423,"(13:26) 19-M.Wishnowsky punts 38 yards to SEA 14, Center-47-J.Ashby, fair catch by 22-R.Shaheed. PENALTY on SEA-44-C.Surratt, Roughing the Kicker, 15 yards, enforced at NE 48 - No Play.",TRUE,NE,SEA,NOPL,,,,3,NE 48,4,4,48,3,0,1,1,0,0,0,0,0,,0,0,0,0,0,0,0,0,0,0,0,0,0,0,,,0,0,0,0,0,0,0,0,0,0,0,NA,0,NA,NA,NA,NA,,,,,,,,,,,,,,,,,,,,,,,,,,,,,0,,,,,,,,0,0,0,,,,,,
7019,1153424,(13:20) 38-R.Stevenson left end to SEA 37 for no gain (13-E.Jones).,FALSE,NE,SEA,RUSH,,,00-0036875,3,SEA 37,1,10,63,4,0,0,0,0,0,0,0,2,R,1,7,0,0,0,0,0,0,0,0,0,0,0,0,,,0,0,0,0,0,0,0,0,0,0,0,NA,0,NA,NA,NA,1,,U,,,,Outside Zone,Pitch,,,,,,,,,,00-0034350,FLT,SP,,,,,,,,,,0,,,,,,,,0,4,0,,,,,,Tar Ang/Gap
7019,1153425,(12:41) (Shotgun) 10-D.Maye pass incomplete short left to 38-R.Stevenson (7-U.Nwosu). The incomplete pass was assisted by replay.,FALSE,NE,SEA,PASS,00-0039851,00-0036875,,3,SEA 37,2,10,63,4,0,0,0,1,0,0,0,1,L,1,6,0,0,0,0,0,0,0,0,0,4,0,0,,,1,0,0,0,0,0,0,0,0,1,0,1.3,0,NA,-5,NA,NA,TCV,S,CC,0 - Screen,DES,,,,,,,,,,,,,,,,,,,,,00-0034350,,1,0,0,,,,,,,0,5,4,,,,,Open,
7019,1153426,(12:38) (Shotgun) 10-D.Maye pass short right to 38-R.Stevenson to SEA 32 for 5 yards (20-J.Love; 21-D.Witherspoon).,FALSE,NE,SEA,PASS,00-0039851,00-0036875,,3,SEA 37,3,10,63,4,5,0,0,1,0,1,0,1,L,0,6,0,0,0,0,0,0,0,0,0,4,0,0,,,0,1,0,0,0,0,0,0,0,1,0,1.7,0,NA,-5,10,2,OPN,S,,0 - Screen,DES,,,,,,,,,,,,,,,,,,,,,00-0039169,,2,0,5+,,,,,,,0,5,4,,,,,Closed,
7019,1153427,"(11:53) 8-A.Borregales 50 yard field goal is GOOD, Center-47-J.Ashby, Holder-19-M.Wishnowsky.",FALSE,NE,SEA,FGXP,,,,3,SEA 32,4,5,68,4,0,1,0,0,0,0,0,0,,0,0,0,0,0,0,0,0,0,0,0,0,0,0,,,0,0,0,0,0,0,0,0,0,0,0,NA,0,NA,NA,NA,NA,,,,,,,,,,,,,,,,,,,,,,,,,,,,,0,,,,,,,,0,0,0,,,,,,
7019,1153428,8-A.Borregales kicks 66 yards from NE 35 to SEA -1. 22-R.Shaheed to SEA 29 for 30 yards (48-N.Obiazor).,FALSE,SEA,NE,KOFF,,,,3,NE 35,0,0,65,4,0,1,0,0,0,0,0,0,,0,0,0,0,0,0,0,0,0,0,0,0,0,0,,,0,0,0,0,0,0,0,0,0,0,0,NA,0,NA,NA,NA,NA,,,,,,,,,,,,,,,,,,,,,,,,,,,,,0,,,,,,,,0,0,0,,,,,,
7019,1153429,(11:44) 2-D.Lock pass short middle to 38-B.Russell to SEA 42 for 13 yards (14-R.Spillane).,FALSE,SEA,NE,PASS,00-0035704,00-0038488,,3,SEA 29,1,10,29,2,13,1,1,0,0,1,0,2,L,1,8,1,0,0,0,0,0,0,0,0,4,0,0,,,0,1,0,0,0,0,0,0,0,0,0,3.3,0,NA,6,7,2,OPN,U,,3 - Hitch/Curl,CHK,,,,,,,,,,,,,,,,,,,,,00-0034720,,4,0,5+,,,,,,,0,5,4,,,,,Closed,
7019,1153430,(11:02) 8-J.Price left end to SEA 39 for -3 yards (50-G.Jacas).,FALSE,SEA,NE,RUSH,,,00-0041512,3,SEA 42,1,10,42,3,-3,0,0,0,0,0,0,2,M,1,6,0,0,0,0,0,0,0,0,0,0,0,0,,,0,0,0,0,0,0,0,0,0,0,0,NA,0,NA,NA,NA,0,,U,,,,Man/Duo,Lead,,,,,,,,,,,,,,,,,,,,,,0,,00-0037821,00-0041569,,,,,0,5,0,,,,,,Broken Play
7019,1153431,(10:21) (Shotgun) 2-D.Lock pass incomplete short middle to 22-R.Shaheed.,FALSE,SEA,NE,PASS,00-0035704,00-0037545,,3,SEA 39,2,13,39,2,0,0,0,1,0,0,0,1,L,1,7,0,0,0,0,0,0,0,0,0,4,1,0,,,1,0,0,0,0,0,0,0,1,0,0,2.3,0,NA,13,NA,NA,TCV,S,CC,5 - In/Dig,1,,,,,,,,,,,,,,,,,,,,,00-0034778,,1,0,0,,,,,,,0,5,4,00-0036813,,,,Closed,
7019,1153432,"(10:18) (Shotgun) PENALTY on NE-97-M.Williams, Encroachment, 5 yards, enforced at SEA 39 - No Play.",TRUE,SEA,NE,NOPL,,,,3,SEA 39,3,13,39,2,0,1,0,1,0,0,0,0,,0,0,0,0,0,0,0,0,0,0,0,0,0,0,,,0,0,0,0,0,0,0,0,0,0,0,NA,0,NA,NA,NA,NA,,,,,,,,,,,,,,,,,,,,,,,,,,,,,0,,,,,,,,0,0,0,,,,,,
7019,1153433,(10:18) (Shotgun) 2-D.Lock pass short middle to 22-R.Shaheed to SEA 48 for 4 yards (14-R.Spillane) [5-D.Jones].,FALSE,SEA,NE,PASS,00-0035704,00-0037545,,3,SEA 44,3,8,44,3,4,0,0,1,0,1,0,1,L,1,7,0,0,1,1,0,0,0,0,0,5,2,0,,,0,1,0,0,0,0,0,0,0,0,0,2.3,0,1.7,2,2,0,OPN,S,,8 - Shallow Cross/Drag,DES,,,U,00-0035678,,,,,,,,,,,,,,,,,00-0040574,,4,0,3,,,,,,,0,5,5,00-0036813,00-0040716,,,Closed,
7019,1153434,"(9:37) 4-M.Dickson punts 46 yards to NE 6, Center-41-C.Stoll, downed by SEA-33-V.Jones.",FALSE,SEA,NE,PUNT,,,,3,SEA 48,4,4,48,3,0,1,0,0,0,0,0,0,,0,0,0,0,0,0,0,0,0,0,0,0,0,0,,,0,0,0,0,0,0,0,0,0,0,0,NA,0,NA,NA,NA,NA,,,,,,,,,,,,,,,,,,,,,,,,,,,,,0,,,,,,,,0,0,0,,,,,,
7019,1153435,(9:29) 38-R.Stevenson up the middle to NE 4 for -2 yards (20-J.Love).,FALSE,NE,SEA,RUSH,,,00-0036875,3,NE 6,1,10,6,1,-2,0,0,0,0,0,0,1,L,1,6,0,0,0,0,0,0,0,0,0,0,0,0,,,0,0,0,0,0,0,0,0,0,0,0,NA,0,NA,NA,NA,0,,U,,,,Man/Duo,,,,,,,,,,,,,,,,,,,,,,,0,,,,,,,,0,5,0,,,,,,Broken Play
7019,1153436,(8:54) (Shotgun) 10-D.Maye pass short right to 3-D.Douglas to NE 5 for 1 yard (24-R.Thomas).,FALSE,NE,SEA,PASS,00-0039851,00-0038621,,3,NE 4,2,12,4,1,1,0,0,1,0,1,0,0,L,1,6,0,0,0,0,0,0,0,0,0,4,1,0,,,0,1,0,0,0,0,0,0,1,0,0,1.7,0,NA,1,0,0,CLS,S,,2 - Quick Out,1,,,,,,,,,,,,,,,,,,,,,00-0037323,,3,0,2,,,,,,,0,5,4,00-0039169,,,,Closed,
7019,1153437,(8:11) (Shotgun) 10-D.Maye pass short middle to 38-R.Stevenson to NE 11 for 6 yards (13-E.Jones).,FALSE,NE,SEA,PASS,00-0039851,00-0036875,,3,NE 5,3,11,5,1,6,0,0,1,0,1,0,1,R,0,6,0,0,0,0,0,0,0,0,0,4,0,0,,,0,1,0,0,0,0,0,0,0,0,0,3.3,0,NA,5,1,0,CLS,S,,3 - Hitch/Curl,CHK,,,,,,,,,,,,,,,,,,,,,00-0036994,,2,0,2,,,,,,,1,5,4,,,,,Open,
7019,1153438,"(7:23) (Punt formation) PENALTY on NE, Delay of Game, 5 yards, enforced at NE 11 - No Play.",TRUE,NE,SEA,NOPL,,,,3,NE 11,4,5,11,1,0,0,0,0,0,0,0,0,,0,0,0,0,0,0,0,0,0,0,0,0,0,0,,,0,0,0,0,0,0,0,0,0,0,0,NA,0,NA,NA,NA,NA,,,,,,,,,,,,,,,,,,,,,,,,,,,,,0,,,,,,,,0,0,0,,,,,,
7019,1153439,"(7:05) 19-M.Wishnowsky punts 46 yards to SEA 48, Center-47-J.Ashby. 22-R.Shaheed to NE 43 for 9 yards (48-N.Obiazor; 91-E.Ponder).",FALSE,NE,SEA,PUNT,,,,3,NE 6,4,10,6,1,0,0,0,0,0,0,0,0,,0,0,0,0,0,0,0,0,0,0,0,0,0,0,,,0,0,0,0,0,0,0,0,0,0,0,NA,0,NA,NA,NA,NA,,,,,,,,,,,,,,,,,,,,,,,,,,,,,0,,,,,,,,0,0,0,,,,,,
7019,1153440,(6:53) (Shotgun) 2-D.Lock pass short right to 8-J.Price to NE 39 for 4 yards (53-C.Elliss).,FALSE,SEA,NE,PASS,00-0035704,00-0041512,,3,NE 43,1,10,57,3,4,0,0,1,0,1,0,1,R,1,6,1,0,1,0,1,0,0,0,0,5,1,1,P,,0,1,0,0,0,0,0,0,0,0,0,4.2,0,3.2,4,0,0,CLS,S,,11 - Texas/Angle,SD,,,P,00-0036916,00-0040639,,,,,,,,,,,,,,,,00-0036813,,9,0,1,,,,,,,1,5,4,00-0034778,,,,Open,
7019,1153441,Timeout #1 by SEA at 06:12.,TRUE,NA,NA,NOPL,,,,3,NE 39,0,0,0,0,0,0,0,0,0,0,0,0,,0,0,0,0,0,0,0,0,0,0,0,0,0,0,,,0,0,0,0,0,0,0,0,0,0,0,NA,0,NA,NA,NA,NA,,,,,,,,,,,,,,,,,,,,,,,,,,,,,0,,,,,,,,0,0,0,,,,,,
7019,1153442,(6:12) (Shotgun) 2-D.Lock pass short left to 8-J.Price pushed ob at NE 37 for 2 yards (14-R.Spillane).,FALSE,SEA,NE,PASS,00-0035704,00-0041512,,3,NE 39,2,6,61,4,2,0,0,1,0,1,0,0,R,1,6,0,0,0,0,0,0,0,0,0,5,1,0,,,0,1,0,0,0,0,0,0,1,0,0,1.5,0,NA,-5,7,1,OPN,S,,10 - Swing,1,,,,,,,,,,,,,,,,,,,,,00-0034720,,1,0,3,,,,,,,0,5,4,00-0037253,,,,Open,
7019,1153443,(5:36) (Shotgun) 2-D.Lock pass deep right to 10-C.Kupp to NE 13 for 24 yards (25-M.Jones) [90-C.Barmore].,FALSE,SEA,NE,PASS,00-0035704,00-0033908,,3,NE 37,3,4,63,4,24,1,1,1,0,1,0,1,L,1,6,0,0,1,1,0,0,0,0,0,6,2,0,,,0,1,0,0,1,0,0,0,1,0,0,2.7,0,NA,22,2,0,TCV,S,,6 - Corner,1,,,,,,,,,,,,,,,,,,,,,00-0037253,,1,0,1,,,,,,,0,5,5,00-0036813,00-0034720,,,Closed,
7019,1153444,(4:50) (Shotgun) 36-G.Holani up the middle to NE 11 for 2 yards (97-M.Williams).,FALSE,SEA,NE,RUSH,,,00-0039299,3,NE 13,1,10,87,5,2,0,0,1,0,0,0,1,R,1,6,0,0,0,0,0,0,0,0,0,0,0,0,,,0,0,0,0,0,0,0,0,0,0,0,NA,0,NA,NA,NA,0,,P,,,,Man/Duo,Pull Lead,,,,,,,,,,,,,,,,,,,,,,0,,,,,,,,0,5,0,,,,,,Tar Ang/Gap
7019,1153445,(4:12) (Shotgun) 36-G.Holani right end to NE 7 for 4 yards (50-G.Jacas).,FALSE,SEA,NE,RUSH,,,00-0039299,3,NE 11,2,8,89,5,4,0,0,1,0,0,0,1,M,0,6,0,0,0,0,0,0,0,0,0,0,0,0,,,0,0,0,0,0,0,0,0,0,0,0,NA,0,NA,NA,NA,0,,S,,,,Power,Pitch,,,,,,,,,,,,,,,,,,,,,,0,,,,,,,,0,5,0,,,,,,Tar Ang/Gap
7019,1153446,"(3:25) (Shotgun) 2-D.Lock pass short left to 10-C.Kupp for 7 yards, TOUCHDOWN NULLIFIED by Penalty. PENALTY on SEA, Illegal Shift, 5 yards, enforced at NE 7 - No Play.",TRUE,SEA,NE,NOPL,00-0035704,,,3,NE 7,3,4,93,5,0,0,0,1,0,0,0,1,R,1,7,0,0,1,0,1,0,0,0,0,8,3,0,,,0,1,0,0,0,0,0,0,1,0,0,2.1,0,1.7,0,NA,NA,OPN,S,,7 - Post,1,,,P,00-0040574,00-0037821,,,,,,,,,,,,,,,,00-0040716,,0,0,2,,,,,,,0,4,6,00-0034720,00-0036813,00-0033132,,Closed,
7019,1153447,(3:21) (Shotgun) 2-D.Lock pass incomplete short left to 11-J.Smith-Njigba [5-D.Jones].,FALSE,SEA,NE,PASS,00-0035704,00-0038543,,3,NE 12,3,9,88,5,0,0,0,1,0,0,0,1,R,0,7,0,0,1,1,0,0,0,0,0,7,3,0,,,0,0,0,0,0,0,0,0,1,0,0,2.2,0,NA,12,NA,NA,TCV,S,IAT,6 - Corner,1,,,,,,,,,,,,,,,,,,,,,00-0039147,,0,0,0,,,,,,,0,5,5,00-0034720,00-0036813,00-0033132,,No Safeties,
7019,1153448,"(3:16) 5-J.Myers 30 yard field goal is GOOD, Center-41-C.Stoll, Holder-4-M.Dickson.",FALSE,SEA,NE,FGXP,,,,3,NE 12,4,9,88,5,0,1,0,0,0,0,0,0,,0,0,0,0,0,0,0,0,0,0,0,0,0,0,,,0,0,0,0,0,0,0,0,0,0,0,NA,0,NA,NA,NA,NA,,,,,,,,,,,,,,,,,,,,,,,,,,,,,0,,,,,,,,0,0,0,,,,,,
7019,1153449,5-J.Myers kicks 62 yards from SEA 35 to NE 3. 18-K.Williams to NE 32 for 29 yards (52-P.O'Connell; 44-C.Surratt).,FALSE,NE,SEA,KOFF,,,,3,SEA 35,0,0,65,4,0,1,0,0,0,0,0,0,,0,0,0,0,0,0,0,0,0,0,0,0,0,0,,,0,0,0,0,0,0,0,0,0,0,0,NA,0,NA,NA,NA,NA,,,,,,,,,,,,,,,,,,,,,,,,,,,,,0,,,,,,,,0,0,0,,,,,,
7019,1153450,"(3:06) PENALTY on NE-76-M.Moses, False Start, 5 yards, enforced at NE 32 - No Play.",TRUE,NE,SEA,NOPL,,,,3,NE 32,1,10,32,2,0,0,0,0,0,0,0,0,,0,0,0,0,0,0,0,0,0,0,0,0,0,0,,,0,0,0,0,0,0,0,0,0,0,0,NA,0,NA,NA,NA,NA,,,,,,,,,,,,,,,,,,,,,,,,,,,,,0,,,,,,,,0,0,0,,,,,,
7019,1153451,(3:06) 10-D.Maye pass short left to 38-R.Stevenson pushed ob at NE 44 for 17 yards (13-E.Jones).,FALSE,NE,SEA,PASS,00-0039851,00-0036875,,3,NE 27,1,15,27,2,17,1,1,0,0,1,0,2,R,1,6,1,0,0,0,0,0,0,0,0,5,1,0,,,0,1,0,0,0,0,0,0,0,0,0,3.3,0,NA,-1,18,0,OPN,U,,10 - Swing,CHK,,,,,,,,,,,,,,,,,,,,,00-0039169,,6,0,5+,,,,,,,0,5,4,00-0039169,,,,Open,
7019,1153452,(2:29) 38-R.Stevenson right guard to NE 45 for 1 yard (32-D.Thomas; 7-U.Nwosu).,FALSE,NE,SEA,RUSH,,,00-0036875,3,NE 44,1,10,44,3,1,0,0,0,0,0,0,2,L,1,7,0,0,0,0,0,0,0,0,0,0,0,0,,,0,0,0,0,0,0,0,0,0,0,0,NA,0,NA,NA,NA,2,,U,,,,Man/Duo,Lead,,,,,,,,,,,,,,,,,,,,,,0,,,,,,,,0,4,0,,,,,,Tar Ang/Gap
7019,1153453,"(1:48) (Shotgun) 38-R.Stevenson left end to NE 49 for 4 yards (58-D.Hall; 24-R.Thomas). PENALTY on NE-66-W.Campbell, Illegal Block Above the Waist, 10 yards, enforced at NE 45 - No Play.",TRUE,NE,SEA,NOPL,,,00-0036875,3,NE 45,2,9,45,3,0,0,0,1,0,0,0,2,M,1,7,0,0,0,0,0,0,0,0,0,0,0,0,,,0,0,0,0,0,0,0,0,0,0,0,NA,0,NA,NA,NA,0,,S,,,,Outside Zone,Lead,,,,,,,,,,,,,,,,,,,,,,0,,,,,,,,0,4,0,,,,,,Tar Ang/Gap
7019,1153454,(1:26) 10-D.Maye pass short left to 38-R.Stevenson to NE 46 for 11 yards (32-D.Thomas; 13-E.Jones).,FALSE,NE,SEA,PASS,00-0039851,00-0036875,,3,NE 35,2,19,35,2,11,1,0,0,0,1,0,2,M,1,6,1,0,0,0,0,0,0,0,0,4,0,0,,,0,1,0,0,0,0,0,0,0,0,0,3.6,0,NA,5,6,1,OPN,U,,2 - Quick Out,CHK,,,,,,,,,,,,,,,,,,,,,00-0038922,,9,0,2,,,,,,,0,5,4,,,,,Open,
7019,1153455,(:43) (Shotgun) 10-D.Maye pass short right to 3-D.Douglas to SEA 46 for 8 yards (24-R.Thomas).,FALSE,NE,SEA,PASS,00-0039851,00-0038621,,3,NE 46,3,8,46,3,8,1,1,1,0,1,0,1,L,0,5,0,0,0,0,0,0,0,0,0,6,2,0,,,0,1,0,0,0,0,0,0,0,1,0,1.1,0,NA,-4,12,1,OPN,S,,0 - Screen,DES,,,,,,,,,,,,,,,,,,,,,00-0037323,,3,1,5+,,,,,,,0,5,7,00-0038922,00-0039169,,,Open,
7019,1153456,(15:00) 9-C.Kiner right end pushed ob at SEA 45 for 1 yard (0-D.Lawrence).,FALSE,NE,SEA,RUSH,,,00-0040556,4,SEA 46,1,10,54,3,1,0,0,0,0,0,0,1,R,1,6,0,0,0,0,0,0,0,0,0,0,0,0,,,0,0,0,0,0,0,0,0,0,0,0,NA,0,NA,NA,NA,0,,U,,,,Power,Pitch,,,,,,,,,,,,,,,,,,,,,,0,,,,,,,,0,5,0,,,,,,Tar Ang/Gap
7019,1153457,(14:27) 10-D.Maye pass deep left intended for 87-R.Doubs INTERCEPTED by 28-N.Pritchett (24-R.Thomas) at SEA 3. 28-N.Pritchett to SEA 33 for 30 yards (55-J.Wilson).,FALSE,NE,SEA,PASS,00-0039851,00-0037816,,4,SEA 45,2,9,55,3,0,0,0,0,0,0,0,1,R,1,6,1,0,0,0,0,0,0,0,0,4,0,0,,,1,0,0,0,0,1,0,0,1,0,0,3.7,0,NA,42,NA,NA,TCV,U,FI,9 - Go,1,,,,,,,,,,,,,,,,,,,,,00-0039169,00-0039795,6,0,0,,,,,,,0,5,5,,,,,Open,
7019,1153458,(14:12) 2-D.Lock pass short right to 11-J.Smith-Njigba pushed ob at SEA 46 for 13 yards (31-K.Byard) [5-D.Jones].,FALSE,SEA,NE,PASS,00-0035704,00-0038543,,4,SEA 33,1,10,33,2,13,1,1,0,0,1,0,2,R,0,7,1,0,1,1,0,0,0,0,0,5,1,0,,,0,1,0,0,0,0,0,0,1,0,0,2.8,0,2.4,13,0,NA,OPN,U,,4 - Deep Out,1,,,P,00-0035678,00-0037812,,,,,,,,,,,,,,,,00-0033132,,9,0,2,,,,,,,0,5,4,00-0039147,,,,Open,
7019,1153459,(13:41) 8-J.Price left end to NE 49 for 5 yards (4-C.Woodson).,FALSE,SEA,NE,RUSH,,,00-0041512,4,SEA 46,1,10,46,3,5,0,0,0,0,0,0,3,R,1,6,0,0,0,0,0,0,0,0,0,0,0,0,,,0,0,0,0,0,0,0,0,0,0,0,NA,0,NA,NA,NA,1,,U,,,,Outside Zone,Pitch,,,,,,,,,,,,,,,,,,,,,,0,,,,,,,,0,5,0,,,,,,Cutback
7019,1153460,(13:04) 8-J.Price left tackle to NE 45 for 4 yards (5-D.Jones; 31-K.Byard).,FALSE,SEA,NE,RUSH,,,00-0041512,4,NE 49,2,5,51,3,4,1,0,0,0,0,0,1,L,1,6,0,0,0,0,0,0,0,0,0,0,0,0,,,0,0,0,0,0,0,0,0,0,0,0,NA,0,NA,NA,NA,0,,U,,,,Outside Zone,,,,,,,,,,,,,,,,,,,,,,,0,,,,,,,,0,5,0,,,,,,Cutback
7019,1153461,(12:20) 74-J.Jones reported in as eligible. 23-E.Wilson right guard to NE 45 for no gain (97-M.Williams).,FALSE,SEA,NE,RUSH,,,00-0038797,4,NE 45,3,1,55,3,0,0,0,0,0,0,0,2,L,0,7,0,0,0,0,0,0,0,0,0,0,0,0,,,0,0,0,0,0,0,0,0,0,0,0,NA,0,NA,NA,NA,0,,U,,,,Outside Zone,Lead,,,,,,,,,,,,,,,,,,,,,,0,,,,,,,,0,4,0,,,,,,Tar Ang/Gap
7019,1153462,"(11:38) 2-D.Lock pass short left to 11-J.Smith-Njigba for 45 yards, TOUCHDOWN.",FALSE,SEA,NE,PASS,00-0035704,00-0038543,,4,NE 45,4,1,55,3,45,1,1,0,0,1,0,2,R,0,8,1,0,0,0,0,0,0,0,0,5,0,0,,,0,1,0,0,0,0,0,0,1,0,0,2.1,0,NA,4,41,NA,OPN,U,,3 - Hitch/Curl,1,,,,,,,,,,,,00-0040716,2ND,GB,,,,,,,00-0040716,,2,0,4,,,,,,,0,4,8,,,,,Open,
7019,1153463,"5-J.Myers extra point is GOOD, Center-41-C.Stoll, Holder-4-M.Dickson.",FALSE,SEA,NE,FGXP,,,,4,NE 15,0,0,85,5,0,1,0,0,0,0,0,0,,0,0,0,0,0,0,0,0,0,0,0,0,0,0,,,0,0,0,0,0,0,0,0,0,0,0,NA,0,NA,NA,NA,NA,,,,,,,,,,,,,,,,,,,,,,,,,,,,,0,,,,,,,,0,0,0,,,,,,
7019,1153464,"5-J.Myers kicks 63 yards from SEA 35 to NE 2. 34-L.Larison to NE 25 for 23 yards (44-C.Surratt). PENALTY on NE-50-G.Jacas, Illegal Block Above the Waist, 10 yards, enforced at NE 24.",FALSE,NE,SEA,KOFF,,,,4,SEA 35,0,0,65,4,0,0,0,0,0,0,0,0,,0,0,0,0,0,0,0,0,0,0,0,0,0,0,,,0,0,0,0,0,0,0,0,0,0,0,NA,0,NA,NA,NA,NA,,,,,,,,,,,,,,,,,,,,,,,,,,,,,0,,,,,,,,0,0,0,,,,,,
7019,1153465,(11:23) 38-R.Stevenson up the middle to NE 21 for 7 yards (90-J.Reed).,FALSE,NE,SEA,RUSH,,,00-0036875,4,NE 14,1,10,14,1,7,1,0,0,0,0,0,1,L,0,7,0,0,0,0,0,0,0,0,0,0,0,0,,,0,0,0,0,0,0,0,0,0,0,0,NA,0,NA,NA,NA,4,,U,,,,Man/Duo,,,,,,,,,,,,,,,,,,,,,,,0,,,,,,,,0,4,0,,,,,,Tar Ang/Gap
7019,1153466,(10:49) 38-R.Stevenson left tackle to NE 26 for 5 yards (32-D.Thomas).,FALSE,NE,SEA,RUSH,,,00-0036875,4,NE 21,2,3,21,2,5,1,1,0,0,0,0,1,M,0,7,0,0,0,0,0,0,0,0,0,0,0,0,,,0,0,0,0,0,0,0,0,0,0,0,NA,0,NA,NA,NA,0,,U,,,,Man/Duo,Pitch,,,,,,,,,,,,,,,,,,,,,,0,,,,,,,,0,4,0,,,,,,Cutback
7019,1153467,(10:11) 38-R.Stevenson up the middle to NE 22 for -4 yards (91-B.Murphy).,FALSE,NE,SEA,RUSH,,,00-0036875,4,NE 26,1,10,26,2,-4,0,0,0,0,0,0,1,L,0,7,0,0,0,0,0,0,0,0,0,0,0,0,,,0,0,0,0,0,0,0,0,0,0,0,NA,0,NA,NA,NA,0,,U,,,,Man/Duo,,,,,,,,,,,,,,,,,,,,,,,0,,00-0040147,00-0039309,,,,,0,4,0,,,,,,Broken Play
7019,1153468,(9:32) (Shotgun) 10-D.Maye pass incomplete deep right to 87-R.Doubs.,FALSE,NE,SEA,PASS,00-0039851,00-0037816,,4,NE 22,2,14,22,2,0,0,0,1,0,0,0,1,L,0,6,0,0,0,0,0,0,0,0,0,4,0,1,BL,,0,1,0,0,0,0,1,0,0,0,0,4.7,0,NA,22,NA,NA,OPN,S,DP,5 - In/Dig,SD,,,,,,,,,,,,,,,,,,,,,00-0037323,,2,0,5+,,,,,,,1,5,4,,,,,Open,
7019,1153469,(9:25) (Shotgun) 10-D.Maye pass deep middle intended for 3-D.Douglas INTERCEPTED by 20-J.Love at NE 47. 20-J.Love to NE 47 for no gain (3-D.Douglas).,FALSE,NE,SEA,PASS,00-0039851,00-0038621,,4,NE 22,3,14,22,2,0,0,0,1,0,0,0,2,L,0,5,0,0,0,0,0,0,0,0,0,4,1,0,,,0,0,0,0,0,1,0,0,1,0,0,3.3,0,NA,25,NA,NA,TCV,S,FI,7 - Post,1,,,,,,,,,,,,,,,,,,,,,00-0034974,,6,0,0,,,,,,,1,5,3,00-0032052,,,,Open,
7019,1153470,(9:20) 8-J.Price right end to NE 43 for 4 yards (4-C.Woodson).,FALSE,SEA,NE,RUSH,,,00-0041512,4,NE 47,1,10,53,3,4,0,0,0,0,0,0,1,L,1,6,0,0,0,0,0,0,0,0,0,0,0,0,,,0,0,0,0,0,0,0,0,0,0,0,NA,0,NA,NA,NA,7,,U,,,,Outside Zone,Pitch,,,,,,,,,,00-0034720,FLT,GB,,,,,,,,,,0,,00-0037812,00-0034720,,,,,0,5,0,,,,,,Tar Ang/Gap
7019,1153471,(8:37) 2-D.Lock pass short right to 88-A.Barner pushed ob at NE 34 for 9 yards (53-C.Elliss).,FALSE,SEA,NE,PASS,00-0035704,00-0039793,,4,NE 43,2,6,57,3,9,1,1,0,0,1,0,3,R,1,8,1,0,0,0,0,0,0,0,0,5,0,0,,,0,1,0,0,0,0,0,0,1,0,0,2.5,0,NA,2,7,2,OPN,U,,2 - Quick Out,1,,,,,,,,,,,,,,,,,,,,,00-0036813,,1,0,3,,,,,,,0,4,5,,,,,Closed,
7019,1153472,(8:11) 2-D.Lock pass short left to 11-J.Smith-Njigba pushed ob at NE 23 for 11 yards (24-D.Pettus).,FALSE,SEA,NE,PASS,00-0035704,00-0038543,,4,NE 34,1,10,66,4,11,1,1,0,0,1,0,1,R,0,7,1,0,0,0,0,0,0,0,0,4,0,1,BT,,0,1,0,0,0,0,0,0,1,0,0,3,0,NA,4,7,1,OPN,U,,2 - Quick Out,1,,,,,,,,,,,,,,,,,,,,,00-0039692,,3,0,5+,,,,,,,0,5,4,,,,,Closed,
7019,1153473,(7:31) (Shotgun) 2-D.Lock pass short right to 10-C.Kupp to NE 12 for 11 yards (7-C.Davis).,FALSE,SEA,NE,PASS,00-0035704,00-0033908,,4,NE 23,1,10,77,4,11,1,1,1,0,1,0,1,L,1,6,0,0,0,0,0,0,0,0,0,4,0,0,,,0,1,0,0,0,0,0,0,1,0,0,2.6,0,NA,8,3,1,OPN,S,,3 - Hitch/Curl,1,,,,,,,,,,,,,,,,,,,,,00-0034720,,4,0,2,,,,,,,0,5,4,,,,,Open,
7019,1153474,"(6:42) PENALTY on SEA-75-A.Bradford, False Start, 5 yards, enforced at NE 12 - No Play.",TRUE,SEA,NE,NOPL,,,,4,NE 12,1,10,88,5,0,0,0,0,0,0,0,0,,0,0,0,0,0,0,0,0,0,0,0,0,0,0,,,0,0,0,0,0,0,0,0,0,0,0,NA,0,NA,NA,NA,NA,,,,,,,,,,,,,,,,,,,,,,,,,,,,,0,,,,,,,,0,0,0,,,,,,
7019,1153475,(6:42) 2-D.Lock scrambles left tackle pushed ob at NE 3 for 14 yards (25-M.Jones).,FALSE,SEA,NE,RUSH,,,00-0035704,4,NE 17,1,15,83,5,14,1,0,0,0,0,0,1,R,0,7,1,0,0,0,0,0,0,1,0,4,0,1,BL,,0,0,0,0,0,0,0,0,0,0,0,NA,0,NA,NA,NA,NA,,U,,,SD,,,,,,,,,,,,,,,,,,,,,,,3,0,,,,,,,,0,5,4,,,,,Closed,
7019,1153476,"(5:59) PENALTY on SEA, Delay of Game, 5 yards, enforced at NE 3 - No Play.",TRUE,SEA,NE,NOPL,,,,4,NE 3,2,1,97,5,0,0,0,0,0,0,0,0,,0,0,0,0,0,0,0,0,0,0,0,0,0,0,,,0,0,0,0,0,0,0,0,0,0,0,NA,0,NA,NA,NA,NA,,,,,,,,,,,,,,,,,,,,,,,,,,,,,0,,,,,,,,0,0,0,,,,,,
7019,1153477,(5:59) (Shotgun) 2-D.Lock pass incomplete short right to 11-J.Smith-Njigba (0-C.Gonzalez).,FALSE,SEA,NE,PASS,00-0035704,00-0038543,,4,NE 8,2,6,92,5,0,0,0,1,0,0,0,1,L,0,6,0,0,0,0,0,0,0,0,0,4,0,0,,,1,0,0,0,0,0,0,0,1,0,0,2,0,NA,2,NA,NA,TCV,S,FI,1 - Slant,1,,,,,,,,,,,,,,,,,,,,,00-0039147,,2M,0,0,,,,,,,0,5,4,,,,,Open,
7019,1153478,(5:56) (Shotgun) 2-D.Lock pass incomplete short left to 11-J.Smith-Njigba.,FALSE,SEA,NE,PASS,00-0035704,00-0038543,,4,NE 8,3,6,92,5,0,0,0,1,0,0,0,2,L,0,6,0,0,1,0,1,0,0,0,0,6,2,0,,,1,0,0,0,0,0,0,0,1,0,0,1.8,0,1.5,2,NA,NA,TCV,S,CC,2 - Quick Out,1,,,U,00-0035678,,,,,,,,,,,,,,,,,00-0040716,,4,0,0,,,,,,,0,5,6,00-0034720,00-0036813,,,Open,
7019,1153479,"(5:53) 5-J.Myers 26 yard field goal is GOOD, Center-41-C.Stoll, Holder-4-M.Dickson.",FALSE,SEA,NE,FGXP,,,,4,NE 8,4,6,92,5,0,1,0,0,0,0,0,0,,0,0,0,0,0,0,0,0,0,0,0,0,0,0,,,0,0,0,0,0,0,0,0,0,0,0,NA,0,NA,NA,NA,NA,,,,,,,,,,,,,,,,,,,,,,,,,,,,,0,,,,,,,,0,0,0,,,,,,
7019,1153480,5-J.Myers kicks 65 yards from SEA 35 to NE 0. 34-L.Larison to NE 27 for 27 yards (57-C.O'Toole; 38-B.Russell).,FALSE,NE,SEA,KOFF,,,,4,SEA 35,0,0,65,4,0,1,0,0,0,0,0,0,,0,0,0,0,0,0,0,0,0,0,0,0,0,0,,,0,0,0,0,0,0,0,0,0,0,0,NA,0,NA,NA,NA,NA,,,,,,,,,,,,,,,,,,,,,,,,,,,,,0,,,,,,,,0,0,0,,,,,,
7019,1153481,"(5:45) 38-R.Stevenson left tackle to NE 33 for 6 yards (20-J.Love). PENALTY on NE-66-W.Campbell, Offensive Holding, 10 yards, enforced at NE 27 - No Play.",TRUE,NE,SEA,NOPL,,,00-0036875,4,NE 27,1,10,27,2,0,0,0,0,0,0,0,2,L,1,6,0,0,0,0,0,0,0,0,0,0,0,0,,,0,0,0,0,0,0,0,0,0,0,0,NA,0,NA,NA,NA,1,,U,,,,Man/Duo,,,,,,,,,,,,,,,,,,,,,,,0,,,,,,,,0,5,0,,,,,,Tar Ang/Gap
7019,1153482,(5:22) (Shotgun) 10-D.Maye sacked at NE 16 for -1 yards (99-L.Williams).,FALSE,NE,SEA,PASS,00-0039851,,,4,NE 17,1,20,17,1,-1,0,0,1,0,0,0,0,L,1,5,0,0,1,1,0,0,0,0,0,4,0,0,,,0,0,0,0,0,0,0,1,0,0,0,NA,0,2.4,NA,NA,NA,,S,,,,,,P,00-0039309,00-0036979,C,00-0031933,00-0040147,,,,,,,,,,,,,,,4,0,,,,,,,,0,5,4,,,,,Open,
7019,1153483,(4:41) (Shotgun) 10-D.Maye pass deep middle to 13-M.Hollins to NE 35 for 19 yards (24-R.Thomas).,FALSE,NE,SEA,PASS,00-0039851,00-0033555,,4,NE 16,2,21,16,1,19,1,0,1,0,1,0,2,L,0,6,0,0,0,0,0,0,0,0,0,4,0,0,,,1,1,0,0,0,0,0,0,1,0,0,3.8,0,NA,19,0,0,CLS,S,,5 - In/Dig,1,,,,,,,,,,,,,,,,,,,,,00-0037323,,9,0,2,,,,,,,1,5,4,,,,,Open,
7019,1153484,(3:55) (Shotgun) 10-D.Maye pass incomplete short left to 87-R.Doubs.,FALSE,NE,SEA,PASS,00-0039851,00-0037816,,4,NE 35,3,2,35,2,0,0,0,1,0,0,0,1,R,1,6,0,0,1,0,1,0,0,0,0,4,1,1,BL,,1,0,0,0,0,0,0,0,0,0,0,4.8,0,4.5,11,NA,NA,TCV,S,CC,5 - In/Dig,SD,,,P,00-0031933,00-0040699,,,,,,,,,,,,,,,,00-0039795,,1,0,0,,,,,,,0,5,4,00-0038922,,,,Open,
7019,1153485,(3:49) (Shotgun) 10-D.Maye scrambles right end ran ob at NE 40 for 5 yards (32-D.Thomas).,FALSE,NE,SEA,RUSH,,,00-0039851,4,NE 35,4,2,35,2,5,1,1,1,0,0,0,1,R,0,7,0,0,0,0,0,0,0,1,0,3,0,1,BL,,0,0,0,0,0,0,0,0,0,0,0,NA,0,NA,NA,NA,NA,,S,,,SD,,,,,,,,,,,,,,,,,,,,,,,1,0,,,,,,,,0,5,4,,,,,Closed,
7019,1153486,(3:42) 38-R.Stevenson right guard to SEA 48 for 12 yards (21-D.Witherspoon; 24-R.Thomas).,FALSE,NE,SEA,RUSH,,,00-0036875,4,NE 40,1,10,40,3,12,1,1,0,0,0,0,2,R,1,6,0,0,0,0,0,0,0,0,0,0,0,0,,,0,0,0,0,0,0,0,0,0,0,0,NA,0,NA,NA,NA,0,,U,,,,Man/Duo,Pull Lead,,,,,,,,,,,,,,,,,,,,,,0,,,,,,,,0,5,0,,,,,,Tar Ang/Gap
7019,1153487,"(3:03) (Shotgun) 10-D.Maye pass incomplete short right. PENALTY on NE-75-A.Vera-Tucker, Ineligible Downfield Pass, 5 yards, enforced at SEA 48 - No Play.",TRUE,NE,SEA,NOPL,00-0039851,,,4,SEA 48,1,10,52,3,0,0,0,1,0,0,0,1,R,0,6,1,0,1,0,1,0,0,0,0,4,0,1,BL,,0,0,0,0,0,0,0,0,0,0,0,4.5,0,4.1,0,NA,NA,,S,PEN,,SD,,,P,00-0032052,00-0041395,,,,,,,,,,,,,,,,,,2,0,,,,,,,,0,5,4,,,,,Open,
7019,1153488,(2:59) (Shotgun) 10-D.Maye pass short right to 34-L.Larison to NE 45 for -2 yards (29-J.Jobe).,FALSE,NE,SEA,PASS,00-0039851,00-0040568,,4,NE 47,1,15,47,3,-2,0,0,1,0,1,0,1,R,0,7,0,0,0,0,0,0,0,0,0,5,2,0,,,0,1,0,0,0,0,0,0,1,0,0,1.6,0,NA,-4,2,0,CLS,S,,10 - Swing,1,,,,,,,,,,,,,,,,,,,,,00-0037137,,4,0,2,,,,,,,0,5,4,00-0038922,00-0034974,,,Open,
7019,1153489,(2:16) (Shotgun) 10-D.Maye sacked ob at NE 43 for -2 yards (32-D.Thomas).,FALSE,NE,SEA,PASS,00-0039851,,,4,NE 45,2,17,45,3,-2,0,0,1,0,0,0,2,R,1,6,0,0,1,0,0,0,0,0,0,5,3,1,P,,0,0,0,0,0,0,0,1,0,0,0,NA,0,1.7,NA,NA,NA,,S,,,SD,,,U,00-0034974,,C,00-0038922,00-0033090,,,,,,,,,,,,,,,3,0,,,,,,,,0,5,8,00-0039169,00-0038922,00-0034974,,Closed,
7019,1153490,(2:10) (Shotgun) 10-D.Maye pass short left to 85-H.Henry to SEA 47 for 10 yards (13-E.Jones).,FALSE,NE,SEA,PASS,00-0039851,00-0033090,,4,NE 43,3,19,43,3,10,0,0,1,0,1,0,2,R,0,5,0,0,0,0,0,0,0,0,0,4,0,0,,,0,1,0,0,0,0,0,0,0,0,0,3.6,0,NA,5,5,1,OPN,S,,2 - Quick Out,CHK,,,,,,,,,,,,00-0034974,2ND,PW,,,,,,,00-0034974,,6,0,5+,,,,,,,1,5,4,,,,,Open,
7019,1153491,Timeout #2 by SEA at 02:00.,TRUE,NA,NA,NOPL,,,,4,SEA 47,0,0,0,0,0,0,0,0,0,0,0,0,,0,0,0,0,0,0,0,0,0,0,0,0,0,0,,,0,0,0,0,0,0,0,0,0,0,0,NA,0,NA,NA,NA,NA,,,,,,,,,,,,,,,,,,,,,,,,,,,,,0,,,,,,,,0,0,0,,,,,,
7019,1153492,(2:00) (Shotgun) 10-D.Maye pass short right to 13-M.Hollins to SEA 36 for 11 yards (13-E.Jones).,FALSE,NE,SEA,PASS,00-0039851,00-0033555,,4,SEA 47,4,9,53,3,11,1,1,1,0,1,0,2,L,0,5,0,0,0,0,0,0,0,0,0,4,0,0,,,0,1,0,0,0,0,0,0,1,0,0,2.5,0,NA,8,3,0,CLS,S,,5 - In/Dig,1,,,,,,,,,,,,,,,,,,,,,00-0036994,,2,0,2,,,,,,,0,5,7,,,,,Open,
7019,1153493,(1:30) 38-R.Stevenson up the middle to SEA 28 for 8 yards (58-D.Hall; 21-D.Witherspoon).,FALSE,NE,SEA,RUSH,,,00-0036875,4,SEA 36,1,10,64,4,8,0,0,0,0,0,0,2,R,1,6,0,0,0,0,0,0,0,0,0,0,0,0,,,0,0,0,0,0,0,0,0,0,0,0,NA,0,NA,NA,NA,9,,U,,,,Man/Duo,Split,,,,,,,,,,00-0031933,LOS,PW,,,,,,,,,,0,,,,,,,,0,5,0,,,,,,Tar Ang/Gap
7019,1153494,Timeout #3 by SEA at 01:22.,TRUE,NA,NA,NOPL,,,,4,SEA 28,0,0,0,0,0,0,0,0,0,0,0,0,,0,0,0,0,0,0,0,0,0,0,0,0,0,0,,,0,0,0,0,0,0,0,0,0,0,0,NA,0,NA,NA,NA,NA,,,,,,,,,,,,,,,,,,,,,,,,,,,,,0,,,,,,,,0,0,0,,,,,,
7019,1153495,(1:22) 10-D.Maye pass short left to 3-D.Douglas to SEA 27 for 1 yard (28-N.Pritchett).,FALSE,NE,SEA,PASS,00-0039851,00-0038621,,4,SEA 28,2,2,72,4,1,1,0,0,0,1,0,1,M,1,6,0,0,0,0,0,0,0,0,0,4,0,0,,,0,1,0,0,0,0,0,0,1,0,0,1.7,0,NA,1,0,0,CLS,U,,2 - Quick Out,1,,,,,,,,,,,,,,,,,,,,,00-0039795,,2,0,3,,,,,,,0,5,4,,,,,Open,
7019,1153496,Timeout #1 by NE at 00:44.,TRUE,NA,NA,NOPL,,,,4,SEA 27,0,0,0,0,0,0,0,0,0,0,0,0,,0,0,0,0,0,0,0,0,0,0,0,0,0,0,,,0,0,0,0,0,0,0,0,0,0,0,NA,0,NA,NA,NA,NA,,,,,,,,,,,,,,,,,,,,,,,,,,,,,0,,,,,,,,0,0,0,,,,,,
7019,1153497,(:44) 70-G.Van Roten reported in as eligible. 10-D.Maye scrambles left end ran ob at SEA 21 for 6 yards (29-J.Jobe).,FALSE,NE,SEA,RUSH,,,00-0039851,4,SEA 27,3,1,73,4,6,1,1,0,0,0,0,2,L,0,8,1,0,0,0,0,0,0,1,0,5,0,1,BT,,0,0,0,0,0,0,0,0,0,0,0,NA,0,NA,NA,NA,NA,,U,,,SD,,,,,,,,,,,,,,,,,,,,,,,2,0,,,,,,,,0,4,6,,,,,Open,
7019,1153498,(:38) (Shotgun) 10-D.Maye sacked at SEA 28 for -7 yards (58-D.Hall).,FALSE,NE,SEA,PASS,00-0039851,,,4,SEA 21,1,10,79,4,-7,0,0,1,0,0,0,1,L,1,6,0,0,1,1,0,0,0,0,0,4,0,1,P,,0,0,0,0,0,0,0,0,0,0,0,NA,0,2.3,NA,NA,NA,,S,,,,,,U,00-0039047,,C,00-0031411,00-0031330,C,00-0039309,00-0040147,,,,,,,,,,,,2,0,,,,,,,,1,5,4,,,,,Open,
7019,1153499,Timeout #2 by NE at 00:32.,TRUE,NA,NA,NOPL,,,,4,SEA 28,0,0,0,0,0,0,0,0,0,0,0,0,,0,0,0,0,0,0,0,0,0,0,0,0,0,0,,,0,0,0,0,0,0,0,0,0,0,0,NA,0,NA,NA,NA,NA,,,,,,,,,,,,,,,,,,,,,,,,,,,,,0,,,,,,,,0,0,0,,,,,,
7019,1153500,(:32) (Shotgun) 10-D.Maye pass short right to 13-M.Hollins pushed ob at SEA 16 for 12 yards (29-J.Jobe).,FALSE,NE,SEA,PASS,00-0039851,00-0033555,,4,SEA 28,2,17,72,4,12,1,0,1,0,1,0,1,R,0,6,0,0,0,0,0,0,0,0,0,4,0,0,,,0,1,0,0,0,0,0,0,1,0,0,2.7,0,NA,10,2,3,OPN,S,,3 - Hitch/Curl,1,,,,,,,,,,,,,,,,,,,,,00-0037137,,6,0,3,,,,,,,0,5,4,,,,,Open,
7019,1153501,(:26) (Shotgun) 10-D.Maye pass deep right intended for 13-M.Hollins INTERCEPTED by 29-J.Jobe [0-D.Lawrence] at SEA -3. Touchback.,FALSE,NE,SEA,PASS,00-0039851,00-0033555,,4,SEA 16,3,5,84,5,0,0,0,1,0,0,0,1,R,1,7,0,0,1,1,0,0,0,0,0,4,0,0,,,0,0,0,0,0,1,0,0,1,0,0,3.1,0,2.8,16,NA,NA,TCV,S,IAT,9 - Go,1,,,P,00-0031411,00-0031330,,,,,,,,,,,,,,,,00-0037137,,1,0,0,,,,,,,0,5,4,,,,,Closed,
7019,1153502,(:21) 2-D.Lock kneels to SEA 19 for -1 yards.,FALSE,SEA,NE,RUSH,,,00-0035704,4,SEA 20,1,10,20,2,-1,0,0,0,0,0,0,0,,0,0,0,0,0,0,0,0,0,0,0,0,0,0,,,0,0,0,0,0,0,0,0,0,0,0,NA,0,NA,NA,NA,NA,,,,,,Kneel,,,,,,,,,,,,,,,,,,,,,,,0,,,,,,,,0,0,0,,,,,,
7020,1153503,18-E.Pineiro kicks 65 yards from SF 35 to LA 0. 88-J.Whittington to LA 17 for 17 yards (6-M.Mustapha).,FALSE,LA,SF,KOFF,,,,1,SF 35,0,0,65,4,0,0,0,0,0,0,0,0,,0,0,0,0,0,0,0,0,0,0,0,0,0,0,,,0,0,0,0,0,0,0,0,0,0,0,NA,0,NA,NA,NA,NA,,,,,,,,,,,,,,,,,,,,,,,,,,,,,0,,,,,,,,0,0,0,,,,,,
7020,1153504,(14:54) (Shotgun) 9-M.Stafford pass incomplete short left to 12-P.Nacua (54-F.Warner) [97-N.Bosa].,FALSE,LA,SF,PASS,00-0026498,00-0039075,,1,LA 17,1,10,17,1,0,0,0,1,0,0,0,1,L,0,7,0,0,1,1,0,0,0,0,0,4,0,0,,,0,0,0,0,0,1,0,0,0,0,0,2.48,0,2.1,3,NA,NA,TCV,S,FI,8 - Shallow Cross/Drag,2,,,P,00-0035717,00-0039077,,,,,,,,,,,,,,,,00-0034815,,2,0,0,,,,,,,0,4,4,,,,,Open,
7020,1153505,(14:50) (Shotgun) 23-K.Williams left guard to LA 22 for 5 yards (54-F.Warner).,FALSE,LA,SF,RUSH,,,00-0037840,1,LA 17,2,10,17,1,5,0,0,1,0,0,0,2,L,1,6,0,0,0,0,0,0,0,0,0,0,0,0,,,0,0,0,0,0,0,0,0,0,0,0,NA,0,NA,NA,NA,4,,S,,,,Inside Zone,Split,,,,,,,,,,00-0040711,2ND,DC,,,,,,,,,,0,,,,,,,,0,5,0,,,,,,Tar Ang/Gap
7020,1153506,(14:17) (Shotgun) 9-M.Stafford pass short left to 12-P.Nacua to LA 26 for 4 yards (2-D.Lenoir).,FALSE,LA,SF,PASS,00-0026498,00-0039075,,1,LA 22,3,5,22,2,4,0,0,1,0,1,0,1,L,0,6,0,0,0,0,0,0,0,0,0,5,0,0,,,0,1,0,0,0,0,0,0,1,0,0,1.9,0,NA,1,3,0,TCV,S,,3 - Hitch/Curl,1,,,,,,,,,,,,,,,,,,,,,00-0036563,,1,0,0,,,,,,,1,5,5,,,,,Closed,
7020,1153507,"(13:38) 42-E.Evans punts 54 yards to SF 20, Center-49-J.Cardona. 4-J.Cowing ran ob at SF 33 for 13 yards (5-K.Kinchens).",FALSE,LA,SF,PUNT,,,,1,LA 26,4,1,26,2,0,0,0,0,0,0,0,0,,0,0,0,0,0,0,0,0,0,0,0,0,0,0,,,0,0,0,0,0,0,0,0,0,0,0,NA,0,NA,NA,NA,NA,,,,,,,,,,,,,,,,,,,,,,,,,,,,,0,,,,,,,,0,0,0,,,,,,
7020,1153508,(13:28) 23-C.McCaffrey up the middle to SF 39 for 6 yards (53-N.Landman).,FALSE,SF,LA,RUSH,,,00-0033280,1,SF 33,1,10,33,2,6,1,0,0,0,0,0,2,R,1,6,0,0,0,0,0,0,0,0,0,0,0,0,,,0,0,0,0,0,0,0,0,0,0,0,NA,0,NA,NA,NA,3,,U,,,,Inside Zone,Lead,,,,,,,,,,,,,,,,,,,,,,0,,,,,,,,0,5,0,,,,,,Tar Ang/Gap
7020,1153509,(12:59) (Shotgun) 13-B.Purdy pass incomplete short left to 85-G.Kittle (37-Q.Lake).,FALSE,SF,LA,PASS,00-0037834,00-0033288,,1,SF 39,2,4,39,2,0,0,0,1,0,0,0,2,R,1,7,0,0,0,0,0,0,0,0,0,4,0,0,,,1,1,0,0,0,0,0,0,1,0,0,2.1,0,NA,3,NA,NA,TCV,S,FI,2 - Quick Out,1,,,,,,,,,,,,,,,,,,,,,00-0037841,,9,0,1,,,,,,,0,5,4,,,,,Open,
7020,1153510,(12:53) (Shotgun) 13-B.Purdy pass short left to 5-M.Evans to SF 46 for 7 yards (37-Q.Lake).,FALSE,SF,LA,PASS,00-0037834,00-0031408,,1,SF 39,3,4,39,2,7,1,1,1,0,1,0,1,R,1,7,0,0,0,0,0,0,0,0,0,4,0,0,,,0,1,0,0,0,0,0,0,1,0,0,2.1,0,NA,7,0,0,STP,S,,2 - Quick Out,1,,,,,,,,,,,,,,,,,,,,,00-0037841,,1,0,1,,,,,,,0,6,4,,,,,Closed,
7020,1153511,(12:19) (Shotgun) 13-B.Purdy pass short left to 85-G.Kittle to LA 48 for 6 yards (35-J.Watson).,FALSE,SF,LA,PASS,00-0037834,00-0033288,,1,SF 46,1,10,46,3,6,1,0,1,0,1,0,0,L,1,7,0,0,0,0,0,0,0,0,0,4,0,0,,,0,1,0,0,0,0,0,0,0,1,0,2.2,0,NA,-3,9,5,STP,S,,0 - Screen,DES,,,,,,,,,,,,00-0039749,LOS,PW,,,,,,,00-0039774,,4,0,1,,,,,,,0,5,4,,,,,Open,
7020,1153512,(11:40) 13-B.Purdy pass short right to 19-D.Samuel pushed ob at LA 39 for 9 yards (22-T.McDuffie).,FALSE,SF,LA,PASS,00-0037834,00-0035719,,1,LA 48,2,4,52,3,9,1,1,0,0,1,0,1,L,0,7,1,0,0,0,0,0,0,0,0,5,1,1,DR,,0,1,0,0,0,0,0,0,1,0,0,2.3,0,NA,5,4,0,OPN,U,,2 - Quick Out,1,,,,,,,,,,,,,,,,,,,,,00-0037191,,3,0,3,,,,,,,0,6,4,00-0037841,,,,Open,
7020,1153513,(11:07) 26-K.Black left guard to LA 38 for 1 yard (91-K.Turner; 48-O.Speights).,FALSE,SF,LA,RUSH,,,00-0041052,1,LA 39,1,10,61,4,1,0,0,0,0,0,0,2,R,1,6,0,0,0,0,0,0,0,0,0,0,0,0,,,0,0,0,0,0,0,0,0,0,0,0,NA,0,NA,NA,NA,1,,U,,,,Outside Zone,Lead,,,,,,,,,,,,,,,,,,,,,,0,,,,,,,,0,5,0,,,,,,Cutback
7020,1153514,(10:30) 13-B.Purdy pass short left to 26-K.Black to LA 33 for 5 yards (3-K.Curl; 5-K.Kinchens) [10-J.Stewart].,FALSE,SF,LA,PASS,00-0037834,00-0041052,,1,LA 38,2,9,62,4,5,1,0,0,0,1,0,2,L,1,7,0,0,1,1,0,0,0,0,0,4,0,0,,,0,1,0,0,0,0,0,0,0,0,0,2.4,0,1.8,-5,10,1,OPN,U,,10 - Swing,CHK,,,U,00-0040580,,,,,,,,,,,,,,,,,00-0036349,,3,0,2,,,,,,,1,6,4,,,,,Open,
7020,1153515,(9:48) (Shotgun) 13-B.Purdy pass short right to 5-M.Evans to LA 26 for 7 yards (35-J.Watson; 2-J.McCollough).,FALSE,SF,LA,PASS,00-0037834,00-0031408,,1,LA 33,3,4,67,4,7,1,1,1,0,1,0,0,L,1,6,0,0,0,0,0,0,0,0,0,4,0,0,,,0,1,0,0,0,0,0,0,1,0,0,1.6,0,NA,7,0,0,OPN,S,,3 - Hitch/Curl,1,,,,,,,,,,,,,,,,,,,,,00-0037195,,6,0,2,,,,,,,0,6,4,,,,,Open,
7020,1153516,(9:07) (Shotgun) 13-B.Purdy pass incomplete deep right to 85-G.Kittle (22-T.McDuffie).,FALSE,SF,LA,PASS,00-0037834,00-0033288,,1,LA 26,1,10,74,4,0,0,0,1,0,0,0,1,R,1,7,0,0,1,0,1,0,0,0,0,4,0,0,,,0,0,0,0,0,0,0,0,0,0,0,2.8,0,2.38,25,NA,NA,TCV,S,CC,6 - Corner,2,,,P,00-0039734,00-0027857,,,,,,,,,,,,,,,,00-0037191,,3,0,0,,,,,,,1,5,4,,,,,Open,
7020,1153517,(9:01) 13-B.Purdy pass short right to 23-C.McCaffrey to LA 18 for 8 yards (3-K.Curl).,FALSE,SF,LA,PASS,00-0037834,00-0033280,,1,LA 26,2,10,74,4,8,1,0,0,0,1,0,2,R,1,8,1,0,0,0,0,0,0,0,0,4,0,0,,,0,1,0,0,0,0,0,0,0,1,0,2.8,0,NA,-5,13,3,OPN,U,,0 - Screen,DES,,,,,,,,,,,,,,,,,,,,,00-0036349,,3,0,3,,,,,,,0,6,4,,,,,Open,
7020,1153518,(8:19) (Shotgun) 13-B.Purdy pass short left to 5-M.Evans to LA 10 for 8 yards (37-Q.Lake).,FALSE,SF,LA,PASS,00-0037834,00-0031408,,1,LA 18,3,2,82,5,8,1,1,1,0,1,0,1,R,1,7,0,0,0,0,0,0,0,0,0,4,0,0,,,0,1,0,0,0,0,0,0,1,0,0,1.9,0,NA,8,0,0,STP,S,,4 - Deep Out,1,,,,,,,,,,,,,,,,,,,,,00-0037841,,1,0,1,,,,,,,0,6,4,,,,,Open,
7020,1153519,(7:44) 13-B.Purdy pass short right to 19-D.Samuel to LA 8 for 2 yards (22-T.McDuffie).,FALSE,SF,LA,PASS,00-0037834,00-0035719,,1,LA 10,1,10,90,5,2,0,0,0,0,1,0,1,L,0,6,0,0,0,0,0,0,0,0,0,4,0,0,,,0,1,0,0,0,0,0,0,0,1,0,0.8,0,NA,-2,4,0,STP,U,,0 - Screen,DES,,,,,,,,,,,,,,,,,,,,,00-0037587,,2,0,1,,,,,,,0,5,4,,,,,Open,
7020,1153520,(7:04) 13-B.Purdy pass short right to 85-G.Kittle to LA 2 for 6 yards (90-T.Davis; 5-K.Kinchens).,FALSE,SF,LA,PASS,00-0037834,00-0033288,,1,LA 8,2,8,92,5,6,1,0,0,0,1,0,0,R,1,5,0,0,0,0,0,0,0,0,0,4,0,0,,,0,1,0,0,0,0,0,0,0,1,0,2,0,NA,-2,8,0,OPN,U,,0 - Screen,DES,,,,,,,,,,,,,,,,,,,,,00-0039834,,4,0,2,,,,,,,0,6,4,,,,,Open,
7020,1153521,(6:22) (Shotgun) 13-B.Purdy pass incomplete short right to 11-D.Robinson (22-T.McDuffie) [53-N.Landman].,FALSE,SF,LA,PASS,00-0037834,00-0032775,,1,LA 2,3,2,98,5,0,0,0,1,0,0,0,1,R,1,6,1,0,1,1,0,0,0,0,0,4,0,1,P,,0,0,0,0,0,0,0,0,0,0,0,4.1,0,3.2,2,NA,NA,TCV,S,CC,2 - Quick Out,SD,,,P,00-0033868,00-0036256,U,00-0037587,,,,,,,,,,,,,,00-0037191,,4,0,0,,,,,,,0,4,4,,,,,Open,
7020,1153522,"(6:17) 18-E.Pineiro 20 yard field goal is GOOD, Center-46-J.Weeks, Holder-15-C.Waitman.",FALSE,SF,LA,FGXP,,,,1,LA 2,4,2,98,5,0,1,0,0,0,0,0,0,,0,0,0,0,0,0,0,0,0,0,0,0,0,0,,,0,0,0,0,0,0,0,0,0,0,0,NA,0,NA,NA,NA,NA,,,,,,,,,,,,,,,,,,,,,,,,,,,,,0,,,,,,,,0,0,0,,,,,,
7020,1153523,18-E.Pineiro kicks 65 yards from SF 35 to LA 0. 19-X.Smith to LA 25 for 25 yards (24-A.Davis; 86-K.Hodge).,FALSE,LA,SF,KOFF,,,,1,SF 35,0,0,65,4,0,0,0,0,0,0,0,0,,0,0,0,0,0,0,0,0,0,0,0,0,0,0,,,0,0,0,0,0,0,0,0,0,0,0,NA,0,NA,NA,NA,NA,,,,,,,,,,,,,,,,,,,,,,,,,,,,,0,,,,,,,,0,0,0,,,,,,
7020,1153524,(6:10) 24-B.Corum up the middle to LA 34 for 9 yards (36-M.Sigle).,FALSE,LA,SF,RUSH,,,00-0039738,1,LA 25,1,10,25,2,9,1,0,0,0,0,0,1,L,0,7,0,0,0,0,0,0,0,0,0,0,0,0,,,0,0,0,0,0,0,0,0,0,0,0,NA,0,NA,NA,NA,1,,U,,,,Inside Zone,,,,,,,,,,,,,,,,,,,,,,,0,,,,,,,,0,4,0,,,,,,Tar Ang/Gap
7020,1153525,(5:32) 24-B.Corum up the middle to LA 33 for -1 yards (97-N.Bosa).,FALSE,LA,SF,RUSH,,,00-0039738,1,LA 34,2,1,34,2,-1,0,0,0,0,0,0,1,M,0,7,0,0,0,0,0,0,0,0,0,0,0,0,,,0,0,0,0,0,0,0,0,0,0,0,NA,0,NA,NA,NA,1,,U,,,,Inside Zone,,,,,,,,,,,,,,,,,,,,,,,0,,00-0039077,00-0035717,00-0036339,00-0039148,,,0,4,0,,,,,,Broken Play
7020,1153526,(4:59) 23-K.Williams up the middle to LA 36 for 3 yards (54-F.Warner; 92-O.Odighizuwa).,FALSE,LA,SF,RUSH,,,00-0037840,1,LA 33,3,2,33,2,3,1,1,0,0,0,0,1,L,0,8,0,0,0,0,0,0,0,0,0,0,0,0,,,0,0,0,0,0,0,0,0,0,0,0,NA,0,NA,NA,NA,3,,U,,,,Man/Duo,,,,,,,,,,,,,,,,,,,,,,,0,,,,,,,,0,5,0,,,,,,Tar Ang/Gap
7020,1153527,(4:18) 9-M.Stafford pass incomplete deep left to 12-P.Nacua [92-O.Odighizuwa].,FALSE,LA,SF,PASS,00-0026498,00-0039075,,1,LA 36,1,10,36,2,0,0,0,0,0,0,0,1,L,0,6,1,0,1,1,0,0,0,0,0,4,0,0,,,0,0,0,0,0,0,0,0,0,0,0,3.3,0,NA,40,NA,NA,STP,U,IAT,9 - Go,2,,,,,,,,,,,,,,,,,,,,,00-0036563,,1,0,1,,,,,,,0,4,4,,,,,Closed,
7020,1153528,(4:13) (Shotgun) 9-M.Stafford pass short left to 23-K.Williams to LA 40 for 4 yards (57-D.Greenlaw) [99-C.West].,FALSE,LA,SF,PASS,00-0026498,00-0037840,,1,LA 36,2,10,36,2,4,0,0,1,0,1,0,1,L,1,6,0,0,1,1,0,0,0,0,0,4,0,0,,,0,1,0,0,0,0,0,0,0,0,0,3.3,0,NA,2,2,2,OPN,S,,3 - Hitch/Curl,CHK,,,,,,,,,,,,,,,,,,,,,00-0034982,,9,0,2,,,,,,,0,5,5,,,,,Open,
7020,1153529,(3:29) (Shotgun) 9-M.Stafford pass incomplete deep right to 17-D.Adams [92-O.Odighizuwa].,FALSE,LA,SF,PASS,00-0026498,00-0031381,,1,LA 40,3,6,40,3,0,0,0,1,0,0,0,1,L,1,7,0,0,1,1,0,0,0,0,0,4,0,0,,,0,0,0,0,0,0,0,0,0,0,0,2.6,0,NA,20,NA,NA,STP,S,IAT,4 - Deep Out,2,,,,,,,,,,,,,,,,,,,,,00-0040152,,1,0,1,,,,,,,1,5,5,,,,,Closed,
7020,1153530,"(3:25) 42-E.Evans punts 43 yards to SF 17, Center-49-J.Cardona, fair catch by 4-J.Cowing.",FALSE,LA,SF,PUNT,,,,1,LA 40,4,6,40,3,0,1,0,0,0,0,0,0,,0,0,0,0,0,0,0,0,0,0,0,0,0,0,,,0,0,0,0,0,0,0,0,0,0,0,NA,0,NA,NA,NA,NA,,,,,,,,,,,,,,,,,,,,,,,,,,,,,0,,,,,,,,0,0,0,,,,,,
7020,1153531,(3:18) 13-B.Purdy pass short left to 89-L.Farrell to SF 22 for 5 yards (37-Q.Lake).,FALSE,SF,LA,PASS,00-0037834,00-0036887,,1,SF 17,1,10,17,1,5,0,0,0,0,1,0,1,R,0,7,1,0,0,0,0,0,0,0,0,4,0,1,DR,,0,1,0,0,0,0,0,0,0,0,0,2.3,0,NA,1,4,0,TCV,U,,2 - Quick Out,2,,,,,,,,,,,,,,,,,,,,,00-0037841,,2,0,1,,,,,,,0,5,4,,,,,Open,
7020,1153532,(2:47) 26-K.Black left guard to SF 25 for 3 yards (53-N.Landman).,FALSE,SF,LA,RUSH,,,00-0041052,1,SF 22,2,5,22,2,3,1,0,0,0,0,0,1,L,0,6,0,0,0,0,0,0,0,0,0,0,0,0,,,0,0,0,0,0,0,0,0,0,0,0,NA,0,NA,NA,NA,1,,U,,,,Inside Zone,,,,,,,,,,,,,,,,,,,,,,,0,,,,,,,,0,5,0,,,,,,Tar Ang/Gap
7020,1153533,(2:06) (Shotgun) 13-B.Purdy pass incomplete short left to 23-C.McCaffrey (48-O.Speights).,FALSE,SF,LA,PASS,00-0037834,00-0033280,,1,SF 25,3,2,25,2,0,0,0,1,0,0,0,1,L,1,6,0,0,1,0,1,0,0,0,0,4,0,0,,,0,1,0,0,0,0,0,0,0,0,0,3.1,0,2.6,4,NA,NA,STP,S,FI,2 - Quick Out,2,,,P,00-0039137,00-0036256,,,,,,,,,,,,,,,,00-0039774,,4,0,1,,,,,,,1,6,4,,,,,Closed,
7020,1153534,"(2:01) 15-C.Waitman punts 43 yards to LA 32, Center-46-J.Weeks. 19-X.Smith to LA 43 for 11 yards (53-J.Dugger; 24-A.Davis).",FALSE,SF,LA,PUNT,,,,1,SF 25,4,2,25,2,0,0,0,0,0,0,0,0,,0,0,0,0,0,0,0,0,0,0,0,0,0,0,,,0,0,0,0,0,0,0,0,0,0,0,NA,0,NA,NA,NA,NA,,,,,,,,,,,,,,,,,,,,,,,,,,,,,0,,,,,,,,0,0,0,,,,,,
7020,1153535,(1:52) 23-K.Williams up the middle to SF 49 for 8 yards (36-M.Sigle; 96-J.Thompson).,FALSE,LA,SF,RUSH,,,00-0037840,1,LA 43,1,10,43,3,8,1,0,0,0,0,0,2,M,1,7,0,0,0,0,0,0,0,0,0,0,0,0,,,0,0,0,0,0,0,0,0,0,0,0,NA,0,NA,NA,NA,4,,U,,,,Man/Duo,Lead,,,,,,,,,,,,,,,,,,,,,,0,,,,,,,,0,4,0,,,,,,Tar Ang/Gap
7020,1153536,"(1:31) (No Huddle, Shotgun) 9-M.Stafford pass deep right to 12-P.Nacua to SF 8 for 41 yards (36-M.Sigle; 0-R.Green).",FALSE,LA,SF,PASS,00-0026498,00-0039075,,1,SF 49,2,2,51,3,41,1,1,1,1,1,0,1,R,0,7,0,0,0,0,0,0,0,0,0,4,0,0,,,1,1,0,0,1,0,0,0,1,0,0,2.7,0,NA,17,24,23,CLS,S,,4 - Deep Out,1,,,,,,,,,,,,00-0040185,2ND,PW,00-0041078,DFD,JK,,,,00-0040185,,6,0,2,,,,,,,1,4,4,,,,,Open,
7020,1153537,(:41) 23-K.Williams up the middle to SF 5 for 3 yards (97-N.Bosa).,FALSE,LA,SF,RUSH,,,00-0037840,1,SF 8,1,8,92,5,3,0,0,0,0,0,0,2,R,1,7,0,0,0,0,0,0,0,0,0,0,0,0,,,0,0,0,0,0,0,0,0,0,0,0,NA,0,NA,NA,NA,3,,U,,,,Man/Duo,Lead,,,,,,,,,,,,,,,,,,,,,,0,,00-0036244,00-0035717,,,,,0,4,0,,,,,,Tar Ang/Gap
7020,1153538,"(15:00) 23-K.Williams up the middle for 5 yards, TOUCHDOWN.",FALSE,LA,SF,RUSH,,,00-0037840,2,SF 5,2,5,95,5,5,1,1,0,0,0,0,1,M,1,7,0,0,0,0,0,0,0,0,0,0,0,0,,,0,0,0,0,0,0,0,0,0,0,0,NA,0,NA,NA,NA,0,,U,,,,Inside Zone,Split,,,,,,,,,,,,,,,,,,,,,,0,,,,,,,,0,4,0,,,,,,Tar Ang/Gap
7020,1153539,"92-H.Mevis extra point is GOOD, Center-49-J.Cardona, Holder-42-E.Evans.",FALSE,LA,SF,FGXP,,,,2,SF 15,0,0,85,5,0,1,0,0,0,0,0,0,,0,0,0,0,0,0,0,0,0,0,0,0,0,0,,,0,0,0,0,0,0,0,0,0,0,0,NA,0,NA,NA,NA,NA,,,,,,,,,,,,,,,,,,,,,,,,,,,,,0,,,,,,,,0,0,0,,,,,,
7020,1153540,92-H.Mevis kicks 63 yards from LA 35 to SF 2. 19-D.Samuel to SF 31 for 29 yards (56-S.Dolac; 10-J.Stewart).,FALSE,SF,LA,KOFF,,,,2,LA 35,0,0,65,4,0,1,0,0,0,0,0,0,,0,0,0,0,0,0,0,0,0,0,0,0,0,0,,,0,0,0,0,0,0,0,0,0,0,0,NA,0,NA,NA,NA,NA,,,,,,,,,,,,,,,,,,,,,,,,,,,,,0,,,,,,,,0,0,0,,,,,,
7020,1153541,(14:51) (Shotgun) 13-B.Purdy pass incomplete short left to 19-D.Samuel. ** Injury Update: SF-7-D.Stribling has returned to the game.,FALSE,SF,LA,PASS,00-0037834,00-0035719,,2,SF 31,1,10,31,2,0,0,0,1,0,0,0,1,R,1,7,1,0,0,0,0,0,0,0,0,4,0,0,,,0,1,0,0,0,0,1,0,0,0,0,3.1,0,NA,-3,NA,NA,OPN,S,DP,10 - Swing,CHK,,,,,,,,,,,,,,,,,,,,,00-0037195,,3,0,2,,,,,,,0,5,4,,,,,Open,
7020,1153542,(14:47) (Shotgun) 13-B.Purdy pass short middle to 5-M.Evans to SF 43 for 12 yards (35-J.Watson).,FALSE,SF,LA,PASS,00-0037834,00-0031408,,2,SF 31,2,10,31,2,12,1,1,1,0,1,0,0,R,1,7,0,0,0,0,0,0,0,0,0,4,0,0,,,0,1,0,0,0,0,0,0,1,0,0,1.7,0,NA,6,6,0,STP,S,,1 - Slant,1,,,,,,,,,,,,,,,,,,,,,00-0039772,,3,0,1,,,,,,,1,6,4,,,,,Open,
7020,1153543,(14:14) 23-C.McCaffrey right end to SF 47 for 4 yards (56-S.Dolac).,FALSE,SF,LA,RUSH,,,00-0033280,2,SF 43,1,10,43,3,4,0,0,0,0,0,0,2,L,1,7,0,0,0,0,0,0,0,0,0,0,0,0,,,0,0,0,0,0,0,0,0,0,0,0,NA,0,NA,NA,NA,2,,U,,,,Inside Zone,,,,,,,,,,,,,,,,,,,,,,,0,,,,,,,,0,5,0,,,,,,Bounce Out
7020,1153544,(13:37) 13-B.Purdy pass short middle to 23-C.McCaffrey to LA 48 for 5 yards (0-B.Young; 91-K.Turner).,FALSE,SF,LA,PASS,00-0037834,00-0033280,,2,SF 47,2,6,47,3,5,1,0,0,0,1,0,1,R,1,6,1,0,1,0,1,0,0,0,0,4,0,0,,,0,1,0,0,0,0,0,0,0,1,0,3.35,0,3,-2,7,2,OPN,U,,0 - Screen,DES,,,P,00-0033868,00-0033288,,,,,,,,,,,,,,,,00-0037587,,9,0,3,,,,,,,0,5,4,,,,,Open,
7020,1153545,Timeout #1 by SF at 12:46.,TRUE,NA,NA,NOPL,,,,2,LA 48,0,0,0,0,0,0,0,0,0,0,0,0,,0,0,0,0,0,0,0,0,0,0,0,0,0,0,,,0,0,0,0,0,0,0,0,0,0,0,NA,0,NA,NA,NA,NA,,,,,,,,,,,,,,,,,,,,,,,,,,,,,0,,,,,,,,0,0,0,,,,,,
7020,1153546,(12:46) 13-B.Purdy up the middle to LA 46 for 2 yards (56-S.Dolac).,FALSE,SF,LA,RUSH,,,00-0037834,2,LA 48,3,1,52,3,2,1,1,0,0,0,0,1,L,0,7,0,0,0,0,0,1,1,0,0,0,0,0,,,0,0,0,0,0,0,0,0,0,0,0,NA,0,NA,NA,NA,1,,U,,,,QB Sneak,,,,,,,,,,,,,,,,,,,,,,,0,,,,,,,,0,5,0,,,,,,No Read
7020,1153547,(12:09) 13-B.Purdy pass short right intended for 85-G.Kittle INTERCEPTED by 37-Q.Lake at LA 31. 37-Q.Lake to LA 31 for no gain (85-G.Kittle).,FALSE,SF,LA,PASS,00-0037834,00-0033288,,2,LA 46,1,10,54,3,0,0,0,0,0,0,0,1,L,1,7,1,0,0,0,0,0,0,0,0,4,0,0,,,0,0,0,0,0,1,0,0,1,0,0,3.1,0,NA,15,NA,NA,STP,U,IAT,6 - Corner,1,,,,,,,,,,,,,,,,,,,,,00-0037841,,3,0,1,,,,,,,0,5,4,,,,,Open,
7020,1153548,(12:04) 24-B.Corum right guard to LA 36 for 5 yards (36-M.Sigle; 54-F.Warner).,FALSE,LA,SF,RUSH,,,00-0039738,2,LA 31,1,10,31,2,5,1,0,0,0,0,0,1,L,0,7,0,0,0,0,0,0,0,0,0,0,0,0,,,0,0,0,0,0,0,0,0,0,0,0,NA,0,NA,NA,NA,2,,U,,,,Outside Zone,Lead,,,,,,,,,,,,,,,,,,,,,,0,,,,,,,,0,4,0,,,,,,Tar Ang/Gap
7020,1153549,(11:28) 24-B.Corum left guard to LA 46 for 10 yards (36-M.Sigle).,FALSE,LA,SF,RUSH,,,00-0039738,2,LA 36,2,5,36,2,10,1,1,0,0,0,0,1,R,1,6,0,0,0,0,0,0,0,0,0,0,0,0,,,0,0,0,0,0,0,0,0,0,0,0,NA,0,NA,NA,NA,1,,U,,,,Inside Zone,Lead,,,,,,,,,,00-0038554,2ND,GB,,,,,,,,,,0,,,,,,,,0,5,0,,,,,,Tar Ang/Gap
7020,1153550,(10:49) 24-B.Corum left tackle to SF 48 for 6 yards (53-J.Dugger).,FALSE,LA,SF,RUSH,,,00-0039738,2,LA 46,1,10,46,3,6,1,0,0,0,0,0,1,L,1,7,0,0,0,0,0,0,0,0,0,0,0,0,,,0,0,0,0,0,0,0,0,0,0,0,NA,0,NA,NA,NA,3,,U,,,,Outside Zone,,,,,,,,,,,,,,,,,,,,,,,0,,,,,,,,0,4,0,,,,,,Tar Ang/Gap
7020,1153551,(10:11) 24-B.Corum left tackle to SF 35 for 13 yards (36-M.Sigle).,FALSE,LA,SF,RUSH,,,00-0039738,2,SF 48,2,4,52,3,13,1,1,0,0,0,0,2,L,1,7,0,0,0,0,0,0,0,0,0,0,0,0,,,0,0,0,0,0,0,0,0,0,0,0,NA,0,NA,NA,NA,10,,U,,,,Man/Duo,Lead,,,,,,,,,,00-0036563,2ND,DC,,,,,,,,,,0,,,,,,,,0,5,0,,,,,,Cutback
7020,1153552,(9:23) 23-K.Williams left guard to SF 35 for no gain (20-U.Stout).,FALSE,LA,SF,RUSH,,,00-0037840,2,SF 35,1,10,65,4,0,0,0,0,0,0,0,1,L,0,7,0,0,0,0,0,0,0,0,0,0,0,0,,,0,0,0,0,0,0,0,0,0,0,0,NA,0,NA,NA,NA,2,,U,,,,Inside Zone,,,,,,,,,,,00-0040152,BCK,SP,,,,,,,,,,0,,,,,,,,0,5,0,,,,,,Tar Ang/Gap
7020,1153553,"(9:02) (No Huddle, Shotgun) 9-M.Stafford pass incomplete short right [92-O.Odighizuwa].",FALSE,LA,SF,PASS,00-0026498,,,2,SF 35,2,10,65,4,0,0,0,1,1,0,0,1,L,0,6,0,0,1,1,0,0,0,0,0,4,0,0,,,0,0,1,0,0,0,0,0,0,0,0,4,0,3.3,-4,NA,NA,STP,S,TA,2 - Quick Out,SD,,,P,00-0036942,00-0034114,,,,,,,,,,,,,,,,00-0040152,,C,0,1,,,,,,,0,5,4,,,,,Open,
7020,1153554,(8:58) (Shotgun) 9-M.Stafford pass deep right intended for 12-P.Nacua INTERCEPTED by 0-R.Green at SF 14. 0-R.Green to SF 14 for no gain (12-P.Nacua).,FALSE,LA,SF,PASS,00-0026498,00-0039075,,2,SF 35,3,10,65,4,0,0,0,1,0,0,0,1,L,0,6,0,0,0,0,0,0,0,0,0,4,0,0,,,0,0,0,0,0,1,0,0,1,0,0,2.7,0,NA,21,NA,NA,STP,S,FI,6 - Corner,1,,,,,,,,,,,,,,,,,,,,,00-0039345,,2,0,1,,,,,,,0,5,5,,,,,Closed,
7020,1153555,(8:52) (Shotgun) 26-K.Black right tackle to SF 19 for 5 yards (90-T.Davis).,FALSE,SF,LA,RUSH,,,00-0041052,2,SF 14,1,10,14,1,5,1,0,1,0,0,0,1,L,1,6,0,0,0,0,0,0,0,0,0,0,0,0,,,0,0,0,0,0,0,0,0,0,0,0,NA,0,NA,NA,NA,3,,S,,,,Outside Zone,Split,,,,,,,,,,,,,,,,,,,,,,0,,,,,,,,0,5,0,,,,,,Tar Ang/Gap
7020,1153556,(8:14) 26-K.Black left end to SF 28 for 9 yards (90-T.Davis; 35-J.Watson).,FALSE,SF,LA,RUSH,,,00-0041052,2,SF 19,2,5,19,1,9,1,1,0,0,0,0,2,R,1,6,0,0,0,0,0,0,0,0,0,0,0,0,,,0,0,0,0,0,0,0,0,0,0,0,NA,0,NA,NA,NA,7,,U,,,,Outside Zone,Lead,,,,,,,,,,00-0039137,2ND,GB,,,,,,,,,,0,,,,,,,,0,5,0,,,,,,Tar Ang/Gap
7020,1153557,(7:34) (Shotgun) 13-B.Purdy pass short middle to 64-J.Brendel to SF 30 for 2 yards (53-N.Landman). SF-7-D.Stribling was injured during the play.,FALSE,SF,LA,PASS,00-0037834,00-0032701,,2,SF 28,1,10,28,2,2,0,0,1,0,1,0,0,L,1,6,0,0,0,0,0,0,0,0,0,4,0,0,,,0,0,0,0,0,1,0,0,0,0,0,2.8,0,NA,-1,3,NA,TCV,S,BPA,3 - Hitch/Curl,CHK,,,,,,,,,,,,,,,,,,,,,00-0039138,,3,0,0,,,,,,,0,5,4,,,,,Open,
7020,1153558,(7:01) (Shotgun) 13-B.Purdy pass incomplete short left to 23-C.McCaffrey (53-N.Landman).,FALSE,SF,LA,PASS,00-0037834,00-0033280,,2,SF 30,2,8,30,2,0,0,0,1,0,0,0,0,L,1,6,0,0,0,0,0,0,0,0,0,5,2,0,,,0,1,0,0,0,0,0,0,0,0,0,2,0,NA,2,NA,NA,TCV,S,FI,11 - Texas/Angle,CHK,,,,,,,,,,,,,,,,,,,,,00-0037587,,3,0,0,,,,,,,0,6,4,00-0037195,00-0037841,,,Closed,
7020,1153559,(6:55) (Shotgun) 13-B.Purdy pass short left to 5-M.Evans to SF 43 for 13 yards (22-T.McDuffie).,FALSE,SF,LA,PASS,00-0037834,00-0031408,,2,SF 30,3,8,30,2,13,1,1,1,0,1,0,1,L,1,6,0,0,1,0,1,0,0,0,0,4,0,0,,,0,1,0,0,0,0,0,0,0,0,0,3.7,0,2.3,13,0,0,TCV,S,,3 - Hitch/Curl,2,,,P,00-0040613,00-0040245,,,,,,,,,,,,,,,,00-0037191,,4,0,0,,,,,,,0,6,4,,,,,Open,
7020,1153560,(6:16) 26-K.Black left end pushed ob at LA 48 for 9 yards (2-J.McCollough).,FALSE,SF,LA,RUSH,,,00-0041052,2,SF 43,1,10,43,3,9,1,0,0,0,0,0,2,L,1,7,0,0,0,0,0,0,0,0,0,0,0,0,,,0,0,0,0,0,0,0,0,0,0,0,NA,0,NA,NA,NA,0,,U,,,,Outside Zone,Lead,,,,,,,,,,,,,,,,,,,,,,0,,,,,,,,0,5,0,,,,,,Tar Ang/Gap
7020,1153561,(5:47) 26-K.Black up the middle to LA 43 for 5 yards (53-N.Landman).,FALSE,SF,LA,RUSH,,,00-0041052,2,LA 48,2,1,52,3,5,1,1,0,0,0,0,1,L,0,7,0,0,0,0,0,0,0,0,0,0,0,0,,,0,0,0,0,0,0,0,0,0,0,0,NA,0,NA,NA,NA,3,,U,,,,Draw,,,,,,,,,,,,,,,,,,,,,,,0,,,,,,,,0,5,0,,,,,,Tar Ang/Gap
7020,1153562,(5:10) 26-K.Black up the middle to LA 39 for 4 yards (57-T.Hamilton; 48-O.Speights).,FALSE,SF,LA,RUSH,,,00-0041052,2,LA 43,1,10,57,3,4,0,0,0,0,0,0,2,L,1,7,0,0,0,0,0,0,0,0,0,0,0,0,,,0,0,0,0,0,0,0,0,0,0,0,NA,0,NA,NA,NA,1,,U,,,,Inside Zone,Lead,,,,,,,,,,,,,,,,,,,,,,0,,,,,,,,0,5,0,,,,,,Tar Ang/Gap
7020,1153563,"(4:35) 13-B.Purdy pass deep middle to 11-D.Robinson for 39 yards, TOUCHDOWN.",FALSE,SF,LA,PASS,00-0037834,00-0032775,,2,LA 39,2,6,61,4,39,1,1,0,0,1,0,0,R,1,6,0,0,0,0,0,0,0,0,0,4,0,0,,,0,1,0,1,0,0,0,0,0,0,0,3.4,0,NA,39,0,NA,OPN,U,,7 - Post,2,,,,,,,,,,,,,,,,,,,,,00-0039834,,4,0,2,,,,,,,0,5,4,,,,,Open,
7020,1153564,"18-E.Pineiro extra point is GOOD, Center-46-J.Weeks, Holder-15-C.Waitman.",FALSE,SF,LA,FGXP,,,,2,LA 15,0,0,85,5,0,1,0,0,0,0,0,0,,0,0,0,0,0,0,0,0,0,0,0,0,0,0,,,0,0,0,0,0,0,0,0,0,0,0,NA,0,NA,NA,NA,NA,,,,,,,,,,,,,,,,,,,,,,,,,,,,,0,,,,,,,,0,0,0,,,,,,
7020,1153565,"18-E.Pineiro kicks 65 yards from SF 35 to end zone, Touchback to the LA 35.",FALSE,LA,SF,KOFF,,,,2,SF 35,0,0,65,4,0,1,0,0,0,0,0,0,,0,0,0,0,0,0,0,0,0,0,0,0,0,0,,,0,0,0,0,0,0,0,0,0,0,0,NA,0,NA,NA,NA,NA,,,,,,,,,,,,,,,,,,,,,,,,,,,,,0,,,,,,,,0,0,0,,,,,,
7020,1153566,(4:28) 9-M.Stafford pass short left to 23-K.Williams to SF 49 for 16 yards (54-F.Warner).,FALSE,LA,SF,PASS,00-0026498,00-0037840,,2,LA 35,1,10,35,2,16,1,1,0,0,1,0,1,L,0,7,1,0,0,0,0,0,0,0,0,4,0,0,,,0,1,0,0,0,0,0,0,0,0,0,2.8,0,NA,2,14,4,WO,U,,2 - Quick Out,CHK,,,,,,,,,,,,,,,,,,,,,00-0034815,,4,0,4,,,,,,,0,4,4,,,,,Closed,
7020,1153567,(3:48) 23-K.Williams up the middle to SF 42 for 7 yards (54-F.Warner).,FALSE,LA,SF,RUSH,,,00-0037840,2,SF 49,1,10,51,3,7,1,0,0,0,0,0,2,L,1,7,0,0,0,0,0,0,0,0,0,0,0,0,,,0,0,0,0,0,0,0,0,0,0,0,NA,0,NA,NA,NA,2,,U,,,,Man/Duo,Lead,,,,,,,,,,,,,,,,,,,,,,0,,,,,,,,0,4,0,,,,,,Tar Ang/Gap
7020,1153568,"(3:10) (Shotgun) 9-M.Stafford pass incomplete short middle to 12-P.Nacua. PENALTY on LA-71-W.McClendon, Offensive Holding, 10 yards, enforced at SF 42 - No Play.",TRUE,LA,SF,NOPL,00-0026498,,,2,SF 42,2,3,58,3,0,0,0,1,0,0,0,1,L,1,6,0,0,0,0,0,0,0,0,0,4,0,0,,,0,0,1,0,0,0,0,0,0,0,0,4.1,0,NA,0,NA,NA,OPN,S,TA,5 - In/Dig,2,,,,,,,,,,,,,,,,,,,,,,,6,0,4,,,,,,,0,4,4,,,,,Open,
7020,1153569,(3:05) (Shotgun) 9-M.Stafford pass incomplete short right to 84-C.Parkinson.,FALSE,LA,SF,PASS,00-0026498,00-0036244,,2,LA 48,2,13,48,3,0,0,0,1,0,0,0,1,L,0,6,0,0,0,0,0,0,0,0,0,4,0,1,BL,,0,0,1,0,0,0,0,0,0,0,0,5.3,0,NA,7,NA,NA,TCV,S,TA,12 - Wheel,SD,,,,,,,,,,,,,,,,,,,,,,,C,0,0,,,,,,,0,5,5,,,,,Open,
7020,1153570,(2:59) (Shotgun) 9-M.Stafford pass incomplete deep left to 17-D.Adams (25-J.Jones) [20-U.Stout].,FALSE,LA,SF,PASS,00-0026498,00-0031381,,2,LA 48,3,13,48,3,0,0,0,1,0,0,0,1,L,0,6,0,0,1,1,0,0,0,0,0,5,1,0,,,0,0,0,0,0,1,0,0,1,0,0,2.9,0,NA,17,NA,NA,TCV,S,FI,4 - Deep Out,1,,,,,,,,,,,,,,,,,,,,,00-0038039,,3,0,0,,,,,,,0,6,5,00-0040152,,,,Closed,
7020,1153571,"(2:54) 42-E.Evans punts 48 yards to SF 4, Center-49-J.Cardona. 4-J.Cowing to SF 8 for 4 yards (2-J.McCollough).",FALSE,LA,SF,PUNT,,,,2,LA 48,4,13,48,3,0,0,0,0,0,0,0,0,,0,0,0,0,0,0,0,0,0,0,0,0,0,0,,,0,0,0,0,0,0,0,0,0,0,0,NA,0,NA,NA,NA,NA,,,,,,,,,,,,,,,,,,,,,,,,,,,,,0,,,,,,,,0,0,0,,,,,,
7020,1153572,(2:43) (Shotgun) 19-D.Samuel right guard to SF 20 for 12 yards (37-Q.Lake; 2-J.McCollough). SF-88-J.Tonges was injured during the play.,FALSE,SF,LA,RUSH,,,00-0035719,2,SF 8,1,10,8,1,12,1,1,1,0,0,0,1,L,1,7,0,0,0,0,0,0,0,0,0,0,0,0,,,0,0,0,0,0,0,0,0,0,0,0,NA,0,NA,NA,NA,5,,S,,,,Outside Zone,Split,,,,,,,,,,,,,,,,,,,,,,0,,,,,,,,0,5,0,,,,,,Tar Ang/Gap
7020,1153573,(2:00) (Shotgun) 23-C.McCaffrey right guard to SF 27 for 7 yards (5-K.Kinchens; 90-T.Davis).,FALSE,SF,LA,RUSH,,,00-0033280,2,SF 20,1,10,20,2,7,1,0,1,0,0,0,1,M,0,6,0,0,0,0,0,0,0,0,0,0,0,0,,,0,0,0,0,0,0,0,0,0,0,0,NA,0,NA,NA,NA,4,,S,,,,Inside Zone,Split,,,,,,,,,,,,,,,,,,,,,,0,,,,,,,,0,5,0,,,,,,Tar Ang/Gap
7020,1153574,"(1:24) (Shotgun) 13-B.Purdy pass incomplete short middle to 19-D.Samuel. PENALTY on LA-90-T.Davis, Roughing the Passer, 15 yards, enforced at SF 27 - No Play.",TRUE,SF,LA,NOPL,00-0037834,,,2,SF 27,2,3,27,2,0,1,1,1,0,0,0,0,R,1,6,0,0,1,0,1,0,0,0,1,4,0,0,,,0,0,0,0,0,0,0,0,0,0,0,3.8,0,3.4,0,NA,NA,STP,S,HAT,3 - Hitch/Curl,CHK,,,P,00-0039749,00-0040245,P,00-0039137,00-0036256,,,,,,,,,,,,,00-0037841,,3,0,1,,,,,,,1,5,4,,,,,Open,
7020,1153575,(1:19) (Shotgun) 13-B.Purdy pass short right to 23-C.McCaffrey to SF 41 for -1 yards (22-T.McDuffie).,FALSE,SF,LA,PASS,00-0037834,00-0033280,,2,SF 42,1,10,42,3,-1,0,0,1,0,1,0,1,R,1,6,1,0,0,0,0,0,0,0,0,5,2,0,,,0,1,0,0,0,0,0,0,0,1,0,2.2,0,NA,-2,1,NA,TCV,S,,0 - Screen,DES,,,,,,,,,,,,,,,,,,,,,00-0037191,,2,0,0,,,,,,,0,5,4,00-0037191,00-0039774,,,Closed,
7020,1153576,(:39) 13-B.Purdy pass short right to 23-C.McCaffrey to SF 49 for 8 yards (37-Q.Lake).,FALSE,SF,LA,PASS,00-0037834,00-0033280,,2,SF 41,2,11,41,3,8,1,0,0,0,1,0,0,R,1,7,0,0,0,0,0,0,0,0,0,4,0,0,,,0,1,0,0,0,0,0,0,0,0,0,2.1,0,NA,5,3,0,OPN,S,,3 - Hitch/Curl,2,,,,,,,,,,,,,,,,,,,,,00-0037841,,4,0,2,,,,,,,1,6,4,,,,,Closed,
7020,1153577,Timeout #2 by SF at 00:32.,TRUE,NA,NA,NOPL,,,,2,SF 49,0,0,0,0,0,0,0,0,0,0,0,0,,0,0,0,0,0,0,0,0,0,0,0,0,0,0,,,0,0,0,0,0,0,0,0,0,0,0,NA,0,NA,NA,NA,NA,,,,,,,,,,,,,,,,,,,,,,,,,,,,,0,,,,,,,,0,0,0,,,,,,
7020,1153578,(:32) (Shotgun) 13-B.Purdy pass incomplete short left to 5-M.Evans.,FALSE,SF,LA,PASS,00-0037834,00-0031408,,2,SF 49,3,3,49,3,0,0,0,1,0,0,0,1,R,1,6,0,0,0,0,0,0,0,0,0,4,0,0,,,0,1,0,0,0,0,1,0,1,0,0,2.1,0,NA,12,NA,NA,OPN,S,DP,4 - Deep Out,1,,,,,,,,,,,,,,,,,,,,,00-0037195,,2M,0,1,,,,,,,1,6,4,,,,,Open,
7020,1153579,"(:28) 15-C.Waitman punts 51 yards to end zone, Center-46-J.Weeks, Touchback.",FALSE,SF,LA,PUNT,,,,2,SF 49,4,3,49,3,0,0,0,0,0,0,0,0,,0,0,0,0,0,0,0,0,0,0,0,0,0,0,,,0,0,0,0,0,0,0,0,0,0,0,NA,0,NA,NA,NA,NA,,,,,,,,,,,,,,,,,,,,,,,,,,,,,0,,,,,,,,0,0,0,,,,,,
7020,1153580,(:20) 9-M.Stafford kneels to LA 19 for -1 yards.,FALSE,LA,SF,RUSH,,,00-0026498,2,LA 20,1,10,20,2,-1,0,0,0,0,0,0,0,,0,0,0,0,0,0,0,0,0,0,0,0,0,0,,,0,0,0,0,0,0,0,0,0,0,0,NA,0,NA,NA,NA,NA,,,,,,Kneel,,,,,,,,,,,,,,,,,,,,,,,0,,,,,,,,0,0,0,,,,,,
7020,1153581,92-H.Mevis kicks 61 yards from LA 35 to SF 4. 19-D.Samuel to SF 49 for 45 yards (5-K.Kinchens).,FALSE,SF,LA,KOFF,,,,3,LA 35,0,0,65,4,0,1,0,0,0,0,0,0,,0,0,0,0,0,0,0,0,0,0,0,0,0,0,,,0,0,0,0,0,0,0,0,0,0,0,NA,0,NA,NA,NA,NA,,,,,,,,,,,,,,,,,,,,,,,,,,,,,0,,,,,,,,0,0,0,,,,,,
7020,1153582,(14:53) 23-C.McCaffrey right guard to LA 37 for 14 yards (5-K.Kinchens; 2-J.McCollough).,FALSE,SF,LA,RUSH,,,00-0033280,3,SF 49,1,10,49,3,14,1,1,0,0,0,0,2,L,1,6,0,0,0,0,0,0,0,0,0,0,0,0,,,0,0,0,0,0,0,0,0,0,0,0,NA,0,NA,NA,NA,3,,U,,,,Outside Zone,Lead,,,,,,,,,,,,,,,,,,,,,,0,,,,,,,,0,5,0,,,,,,Cutback
7020,1153583,(14:20) 23-C.McCaffrey left guard to LA 21 for 16 yards (5-K.Kinchens; 37-Q.Lake).,FALSE,SF,LA,RUSH,,,00-0033280,3,LA 37,1,10,63,4,16,1,1,0,0,0,0,2,L,1,6,0,0,0,0,0,0,0,0,0,0,0,0,,,0,0,0,0,0,0,0,0,0,0,0,NA,0,NA,NA,NA,12,,U,,,,Man/Duo,Lead,,,,,,,,,,00-0034234,2ND,GB,00-0039776,2ND,DC,,,,,,,0,,,,,,,,0,5,0,,,,,,Tar Ang/Gap
7020,1153584,(13:42) 26-K.Black up the middle to LA 17 for 4 yards (53-N.Landman).,FALSE,SF,LA,RUSH,,,00-0041052,3,LA 21,1,10,79,4,4,0,0,0,0,0,0,2,L,1,6,0,0,0,0,0,0,0,0,0,0,0,0,,,0,0,0,0,0,0,0,0,0,0,0,NA,0,NA,NA,NA,0,,U,,,,Inside Zone,Lead,,,,,,,,,,,,,,,,,,,,,,0,,,,,,,,0,5,0,,,,,,Tar Ang/Gap
7020,1153585,(12:58) (Shotgun) 13-B.Purdy pass short right to 11-D.Robinson pushed ob at LA 6 for 11 yards (37-Q.Lake).,FALSE,SF,LA,PASS,00-0037834,00-0032775,,3,LA 17,2,6,83,5,11,1,1,1,0,1,0,1,M,1,6,0,0,0,0,0,0,0,0,0,4,0,0,,,0,1,0,0,0,0,0,0,0,0,0,1.9,0,NA,4,7,1,STP,S,,2 - Quick Out,2,,,,,,,,,,,,,,,,,,,,,00-0037841,,4,0,1,,,,,,,0,5,4,,,,,Open,
7020,1153586,(12:21) 23-C.McCaffrey right tackle to LA 5 for 1 yard (90-T.Davis).,FALSE,SF,LA,RUSH,,,00-0033280,3,LA 6,1,6,94,5,1,0,0,0,0,0,0,2,R,1,8,0,0,0,0,0,0,0,0,0,0,0,0,,,0,0,0,0,0,0,0,0,0,0,0,NA,0,NA,NA,NA,1,,U,,,,Outside Zone,Lead,,,,,,,,,,,,,,,,,,,,,,0,,,,,,,,0,4,0,,,,,,Tar Ang/Gap
7020,1153587,Timeout #1 by SF at 11:44.,TRUE,NA,NA,NOPL,,,,3,LA 5,0,0,0,0,0,0,0,0,0,0,0,0,,0,0,0,0,0,0,0,0,0,0,0,0,0,0,,,0,0,0,0,0,0,0,0,0,0,0,NA,0,NA,NA,NA,NA,,,,,,,,,,,,,,,,,,,,,,,,,,,,,0,,,,,,,,0,0,0,,,,,,
7020,1153588,(11:44) (Shotgun) 13-B.Purdy pass short left to 19-D.Samuel to LA 2 for 3 yards (53-N.Landman; 37-Q.Lake).,FALSE,SF,LA,PASS,00-0037834,00-0035719,,3,LA 5,2,5,95,5,3,0,0,1,0,1,0,0,R,1,7,0,0,0,0,0,0,0,0,0,4,0,0,,,0,1,0,0,0,0,0,0,0,0,0,2.1,0,NA,-1,4,1,STP,S,,11 - Texas/Angle,2,,,,,,,,,,,,,,,,,,,,,00-0037587,,4,0,1,,,,,,,0,5,4,,,,,Open,
7020,1153589,"(11:07) 13-B.Purdy pass short left to 5-M.Evans for 2 yards, TOUCHDOWN.",FALSE,SF,LA,PASS,00-0037834,00-0031408,,3,LA 2,3,2,98,5,2,1,1,0,0,1,0,1,L,0,8,0,0,0,0,0,0,0,0,0,7,0,0,,,1,1,0,0,1,0,0,0,1,0,0,1.5,0,NA,2,0,NA,TCV,U,,9 - Go,1,,,,,,,,,,,,,,,,,,,,,00-0037195,,0,0,0,,,,,,,0,4,7,,,,,No Safeties,
7020,1153590,"18-E.Pineiro extra point is GOOD, Center-46-J.Weeks, Holder-15-C.Waitman.",FALSE,SF,LA,FGXP,,,,3,LA 15,0,0,85,5,0,1,0,0,0,0,0,0,,0,0,0,0,0,0,0,0,0,0,0,0,0,0,,,0,0,0,0,0,0,0,0,0,0,0,NA,0,NA,NA,NA,NA,,,,,,,,,,,,,,,,,,,,,,,,,,,,,0,,,,,,,,0,0,0,,,,,,
7020,1153591,"18-E.Pineiro kicks 62 yards from SF 35 to LA 3. 88-J.Whittington to LA 27 for 24 yards (33-S.Neal). FUMBLES (33-S.Neal), and recovers at LA 27.",FALSE,LA,SF,KOFF,,,,3,SF 35,0,0,65,4,0,1,0,0,0,0,0,0,,0,0,0,0,0,0,0,0,0,0,0,0,0,0,,,0,0,0,0,0,0,0,0,0,0,0,NA,0,NA,NA,NA,NA,,,,,,,,,,,,,,,,,,,,,,,,,,,,,0,,,,,,,,0,0,0,,,,,,
7020,1153592,(10:59) 24-B.Corum right tackle to LA 26 for -1 yards (97-N.Bosa).,FALSE,LA,SF,RUSH,,,00-0039738,3,LA 27,1,10,27,2,-1,0,0,0,0,0,0,2,R,1,7,0,0,0,0,0,0,0,0,0,0,0,0,,,0,0,0,0,0,0,0,0,0,0,0,NA,0,NA,NA,NA,1,,U,,,,Man/Duo,Lead,,,,,,,,,,,,,,,,,,,,,,0,,00-0036244,00-0035717,,,,,0,4,0,,,,,,Tar Ang/Gap
7020,1153593,"(10:24) 9-M.Stafford pass incomplete deep right to 12-P.Nacua (2-D.Lenoir). PENALTY on SF-2-D.Lenoir, Illegal Contact, 5 yards, enforced at LA 26 - No Play.",TRUE,LA,SF,NOPL,00-0026498,,,3,LA 26,2,11,26,2,0,1,1,0,0,0,0,1,R,0,6,1,0,0,0,0,0,0,0,0,4,0,0,,,0,1,0,0,0,0,0,0,1,0,0,3.7,0,NA,0,NA,NA,TCV,U,PEN,9 - Go,1,,,,,,,,,,,,,,,,,,,,,00-0036563,,3,0,0,,,,,,,1,4,4,,,,,Open,
7020,1153594,(10:17) 24-B.Corum left end to LA 39 for 8 yards (57-D.Greenlaw; 99-C.West).,FALSE,LA,SF,RUSH,,,00-0039738,3,LA 31,1,10,31,2,8,1,0,0,0,0,0,1,R,0,7,0,0,0,0,0,0,0,0,0,0,0,0,,,0,0,0,0,0,0,0,0,0,0,0,NA,0,NA,NA,NA,2,,U,,,,Outside Zone,,,,,,,,,,,,,,,,,,,,,,,0,,,,,,,,0,4,0,,,,,,Cutback
7020,1153595,(9:39) 24-B.Corum left tackle to LA 40 for 1 yard (97-N.Bosa; 54-F.Warner).,FALSE,LA,SF,RUSH,,,00-0039738,3,LA 39,2,2,39,2,1,0,0,0,0,0,0,2,L,1,7,0,0,0,0,0,0,0,0,0,0,0,0,,,0,0,0,0,0,0,0,0,0,0,0,NA,0,NA,NA,NA,2,,U,,,,Inside Zone,Lead,,,,,,,,,,,,,,,,,,,,,,0,,00-0036603,00-0035717,,,,,0,4,0,,,,,,Tar Ang/Gap
7020,1153596,(9:01) 9-M.Stafford pass short right to 87-D.Allen pushed ob at SF 47 for 13 yards (57-D.Greenlaw; 27-J.Brown). LA-87-D.Allen was injured during the play.,FALSE,LA,SF,PASS,00-0026498,00-0039074,,3,LA 40,3,1,40,3,13,1,1,0,0,1,0,1,L,1,7,1,0,1,0,1,0,0,0,0,6,2,1,DR,,0,1,0,0,0,0,0,0,1,0,0,3.5,0,3.3,-1,14,6,OPN,U,,2 - Quick Out,1,,,U,00-0041078,,,,,,,,,,,,,,,,,00-0036563,,1,0,2,,,,,,,0,4,4,00-0036563,00-0041078,,,Closed,
7020,1153597,(8:29) 23-K.Williams up the middle to SF 42 for 5 yards (57-D.Greenlaw; 96-J.Thompson).,FALSE,LA,SF,RUSH,,,00-0037840,3,SF 47,1,10,53,3,5,0,0,0,0,0,0,1,R,0,7,0,0,0,0,0,0,0,0,0,0,0,0,,,0,0,0,0,0,0,0,0,0,0,0,NA,0,NA,NA,NA,1,,U,,,,Man/Duo,,,,,,,,,,,,,,,,,,,,,,,0,,,,,,,,0,4,0,,,,,,Tar Ang/Gap
7020,1153598,(7:53) 9-M.Stafford pass deep middle to 12-P.Nacua to SF 19 for 23 yards (2-D.Lenoir; 36-M.Sigle).,FALSE,LA,SF,PASS,00-0026498,00-0039075,,3,SF 42,2,5,58,3,23,1,1,0,0,1,0,1,R,0,6,1,0,0,0,0,0,0,0,0,4,0,0,,,0,1,0,0,0,0,0,0,1,0,0,2.7,0,NA,19,4,3,TCV,U,,5 - In/Dig,1,,,,,,,,,,,,,,,,,,,,,00-0036563,,4,0,0,,,,,,,0,4,4,,,,,Open,
7020,1153599,"(7:13) PENALTY on LA-69-K.Dotson, False Start, 5 yards, enforced at SF 19 - No Play.",TRUE,LA,SF,NOPL,,,,3,SF 19,1,10,81,5,0,0,0,0,0,0,0,0,,0,0,0,0,0,0,0,0,0,0,0,0,0,0,,,0,0,0,0,0,0,0,0,0,0,0,NA,0,NA,NA,NA,NA,,,,,,,,,,,,,,,,,,,,,,,,,,,,,0,,,,,,,,0,0,0,,,,,,
7020,1153600,(6:56) 9-M.Stafford pass short left to 17-D.Adams to SF 11 for 13 yards (27-J.Brown).,FALSE,LA,SF,PASS,00-0026498,00-0031381,,3,SF 24,1,15,76,4,13,1,0,0,0,1,0,1,R,1,7,0,0,0,0,0,0,0,0,0,4,0,0,,,0,1,0,0,0,0,0,0,1,0,0,1.3,0,NA,4,9,1,STP,U,,1 - Slant,1,,,,,,,,,,,,,,,,,,,,,00-0039345,,2,0,1,,,,,,,0,4,4,,,,,Open,
7020,1153601,(6:20) 23-K.Williams up the middle to SF 9 for 2 yards (47-K.Kareem).,FALSE,LA,SF,RUSH,,,00-0037840,3,SF 11,2,2,89,5,2,1,1,0,0,0,0,2,L,1,7,0,0,0,0,0,0,0,0,0,0,0,0,,,0,0,0,0,0,0,0,0,0,0,0,NA,0,NA,NA,NA,1,,U,,,,Inside Zone,Lead,,,,,,,,,,,,,,,,,,,,,,0,,,,,,,,0,4,0,,,,,,Tar Ang/Gap
7020,1153602,(5:37) 9-M.Stafford pass short left to 84-C.Parkinson pushed ob at SF 3 for 6 yards (2-D.Lenoir; 57-D.Greenlaw).,FALSE,LA,SF,PASS,00-0026498,00-0036244,,3,SF 9,1,9,91,5,6,1,0,0,0,1,0,1,L,0,7,1,0,0,0,0,0,0,0,0,5,0,0,,,0,1,0,0,0,0,0,0,0,0,0,2.5,0,NA,2,4,2,OPN,U,,2 - Quick Out,2,,,,,,,,,,,,,,,,,,,,,00-0036563,,9,0,3,,,,,,,0,4,5,,,,,Closed,
7020,1153603,(5:07) 23-K.Williams right guard to SF 2 for 1 yard (53-J.Dugger; 54-F.Warner).,FALSE,LA,SF,RUSH,,,00-0037840,3,SF 3,2,3,97,5,1,0,0,0,0,0,0,2,L,1,7,0,0,0,0,0,0,0,0,0,0,0,0,,,0,0,0,0,0,0,0,0,0,0,0,NA,0,NA,NA,NA,1,,U,,,,Man/Duo,Lead,,,,,,,,,,,,,,,,,,,,,,0,,,,,,,,0,4,0,,,,,,Tar Ang/Gap
7020,1153604,(4:26) (Shotgun) 9-M.Stafford pass short left to 12-P.Nacua to SF 1 for 1 yard (2-D.Lenoir).,FALSE,LA,SF,PASS,00-0026498,00-0039075,,3,SF 2,3,2,98,5,1,0,0,1,0,1,0,1,M,1,6,0,0,0,0,0,0,0,0,0,4,0,0,,,0,1,0,0,0,0,0,0,1,0,0,1.7,0,NA,1,0,0,TCV,S,,1 - Slant,1,,,,,,,,,,,,,,,,,,,,,00-0036563,,2M,0,0,,,,,,,1,5,4,,,,,Open,
7020,1153605,"(3:46) 9-M.Stafford right guard to SF 1 for no gain (92-O.Odighizuwa). The Replay Official reviewed the short of the goal line ruling, and the play was Upheld. The ruling on the field stands.",FALSE,LA,SF,RUSH,,,00-0026498,3,SF 1,4,1,99,5,0,0,0,0,0,0,0,2,L,1,9,0,0,0,0,0,1,1,0,0,0,0,0,,,0,0,0,0,0,0,0,0,0,0,0,NA,0,NA,NA,NA,0,,U,,,,QB Sneak,,,,,,,,,,,,,,,,,,,,,,,0,,,,,,,,0,4,0,,,,,,No Read
7020,1153606,"(3:41) 13-B.Purdy up the middle to SF 1 for no gain (53-N.Landman; 90-T.Davis). Penalty on SF-11-D.Robinson, Offensive Offside, declined.",FALSE,SF,LA,RUSH,,,00-0037834,3,SF 1,1,10,1,1,0,0,0,0,0,0,0,1,M,0,8,0,0,0,0,0,1,1,0,0,0,0,0,,,0,0,0,0,0,0,0,0,0,0,0,NA,0,NA,NA,NA,0,,U,,,,QB Sneak,,,,,,,,,,,,,,,,,,,,,,,0,,,,,,,,0,4,0,,,,,,No Read
7020,1153607,(3:27) 13-B.Purdy pass short left to 89-L.Farrell to SF 15 for 14 yards (5-K.Kinchens).,FALSE,SF,LA,PASS,00-0037834,00-0036887,,3,SF 1,2,10,1,1,14,1,1,0,0,1,0,1,M,0,7,0,0,0,0,0,0,0,0,0,6,1,0,,,0,1,0,0,0,0,0,0,0,0,0,2.6,0,NA,2,12,4,OPN,U,,2 - Quick Out,2,,,,,,,,,,,,,,,,,,,,,00-0037587,,3,0,4,,,,,,,0,4,5,00-0039774,,,,Open,
7020,1153608,(2:41) 23-C.McCaffrey right end to SF 24 for 9 yards (56-S.Dolac).,FALSE,SF,LA,RUSH,,,00-0033280,3,SF 15,1,10,15,1,9,1,0,0,0,0,0,2,L,1,7,0,0,0,0,0,0,0,0,0,0,0,0,,,0,0,0,0,0,0,0,0,0,0,0,NA,0,NA,NA,NA,6,,U,,,,Outside Zone,Lead,,,,,,,,,,00-0037841,2ND,JK,,,,,,,,,,0,,,,,,,,0,4,0,,,,,,Tar Ang/Gap
7020,1153609,(1:54) (Shotgun) 13-B.Purdy pass short left to 19-D.Samuel pushed ob at SF 37 for 13 yards (37-Q.Lake).,FALSE,SF,LA,PASS,00-0037834,00-0035719,,3,SF 24,2,1,24,2,13,1,1,1,0,1,0,0,R,1,6,0,0,0,0,0,0,0,0,0,0,0,0,,,0,1,0,0,0,0,0,0,1,0,0,2.3,0,NA,5,8,4,STP,S,,2 - Quick Out,1,,,,,,,,,,,,,,,,,,,,,00-0037841,,3,0,1,,,,,,,0,5,4,,,,,Open,
7020,1153610,(1:23) 26-K.Black right end pushed ob at LA 49 for 14 yards (37-Q.Lake).,FALSE,SF,LA,RUSH,,,00-0041052,3,SF 37,1,10,37,2,14,1,1,0,0,0,0,2,L,1,7,0,0,0,0,0,0,0,0,0,0,0,0,,,0,0,0,0,0,0,0,0,0,0,0,NA,0,NA,NA,NA,2,,U,,,,Outside Zone,Lead,,,,,,,,,,,,,,,,,,,,,,0,,,,,,,,0,4,0,,,,,,Tar Ang/Gap
7020,1153611,(:54) 26-K.Black left end to LA 49 for no gain (55-B.Fiske; 5-K.Kinchens).,FALSE,SF,LA,RUSH,,,00-0041052,3,LA 49,1,10,51,3,0,0,0,0,0,0,0,1,R,0,7,0,0,0,0,0,0,0,0,0,0,0,0,,,0,0,0,0,0,0,0,0,0,0,0,NA,0,NA,NA,NA,0,,U,,,,Outside Zone,Pitch,,,,,,,,,,,,,,,,,,,,,,0,,00-0027857,00-0039734,,,,,0,4,0,,,,,,Tar Ang/Gap
7020,1153612,(:10) (Shotgun) 13-B.Purdy scrambles left end to LA 31 for 18 yards (2-J.McCollough).,FALSE,SF,LA,RUSH,,,00-0037834,3,LA 49,2,10,51,3,18,1,1,1,0,0,0,0,L,1,6,0,0,1,0,1,0,0,1,0,4,0,1,P,,0,0,0,0,0,0,0,0,0,0,0,NA,0,2.5,NA,NA,NA,,S,,,SD,,,P,00-0039137,00-0032701,,,,,,,,,,,,,,,,,,1,0,,,,,,,,1,6,4,,,,,Closed,
7020,1153613,(15:00) (Shotgun) 13-B.Purdy pass short right to 19-D.Samuel to LA 25 for 6 yards (90-T.Davis; 10-J.Stewart).,FALSE,SF,LA,PASS,00-0037834,00-0035719,,4,LA 31,1,10,69,4,6,1,0,1,0,1,0,0,L,1,6,0,0,0,0,0,0,0,0,0,4,0,0,,,0,1,0,0,0,0,0,0,0,1,0,1.1,0,NA,-2,8,2,STP,S,,0 - Screen,DES,,,,,,,,,,,,,,,,,,,,,00-0040580,,2,0,1,,,,,,,0,4,4,,,,,Open,
7020,1153614,(14:20) (Shotgun) 13-B.Purdy scrambles left end ran ob at LA 17 for 8 yards (10-J.Stewart).,FALSE,SF,LA,RUSH,,,00-0037834,4,LA 25,2,4,75,4,8,1,1,1,0,0,0,1,R,0,6,0,0,0,0,0,0,0,1,0,4,0,1,BL,,0,0,0,0,0,0,0,0,0,0,0,NA,0,NA,NA,NA,NA,,S,,,SD,,,,,,,,,,,,,,,,,,,,,,,4,0,,,,,,,,0,4,4,,,,,Open,
7020,1153615,(13:45) 23-C.McCaffrey right guard to LA 15 for 2 yards (10-J.Stewart; 91-K.Turner).,FALSE,SF,LA,RUSH,,,00-0033280,4,LA 17,1,10,83,5,2,0,0,0,0,0,0,2,L,1,7,0,0,0,0,0,0,0,0,0,0,0,0,,,0,0,0,0,0,0,0,0,0,0,0,NA,0,NA,NA,NA,2,,U,,,,Inside Zone,Lead,,,,,,,,,,,,,,,,,,,,,,0,,,,,,,,0,4,0,,,,,,Tar Ang/Gap
7020,1153616,"(13:04) (Shotgun) 13-B.Purdy pass short right to 19-D.Samuel for 15 yards, TOUCHDOWN.",FALSE,SF,LA,PASS,00-0037834,00-0035719,,4,LA 15,2,8,85,5,15,1,1,1,0,1,0,0,M,1,6,0,0,0,0,0,0,0,0,0,4,0,1,BL,,0,1,0,0,0,0,0,0,0,0,0,4.6,0,NA,15,0,NA,STP,S,,5 - In/Dig,SD,,,,,,,,,,,,,,,,,,,,,00-0039834,,3,0,1,,,,,,,1,6,4,,,,,Open,
7020,1153617,"18-E.Pineiro extra point is GOOD, Center-46-J.Weeks, Holder-15-C.Waitman.",FALSE,SF,LA,FGXP,,,,4,LA 15,0,0,85,5,0,1,0,0,0,0,0,0,,0,0,0,0,0,0,0,0,0,0,0,0,0,0,,,0,0,0,0,0,0,0,0,0,0,0,NA,0,NA,NA,NA,NA,,,,,,,,,,,,,,,,,,,,,,,,,,,,,0,,,,,,,,0,0,0,,,,,,
7020,1153618,18-E.Pineiro kicks 64 yards from SF 35 to LA 1. 88-J.Whittington to LA 23 for 22 yards (49-G.Wallow). ** Injury Update: LA-87-D.Allen has returned to the game.,FALSE,LA,SF,KOFF,,,,4,SF 35,0,0,65,4,0,0,0,0,0,0,0,0,,0,0,0,0,0,0,0,0,0,0,0,0,0,0,,,0,0,0,0,0,0,0,0,0,0,0,NA,0,NA,NA,NA,NA,,,,,,,,,,,,,,,,,,,,,,,,,,,,,0,,,,,,,,0,0,0,,,,,,
7020,1153619,(12:53) (Shotgun) 9-M.Stafford pass short left to 17-D.Adams to LA 26 for 3 yards (20-U.Stout).,FALSE,LA,SF,PASS,00-0026498,00-0031381,,4,LA 23,1,10,23,2,3,0,0,1,0,1,0,1,R,0,6,0,0,0,0,0,0,0,0,0,4,0,0,,,0,1,0,0,0,0,0,0,1,0,0,1.5,0,NA,3,0,0,TCV,S,,3 - Hitch/Curl,1,,,,,,,,,,,,,,,,,,,,,00-0040152,,9,0,0,,,,,,,0,5,5,,,,,Open,
7020,1153620,"(12:30) (No Huddle, Shotgun) 9-M.Stafford pass short middle to 84-C.Parkinson to LA 36 for 10 yards (54-F.Warner; 57-D.Greenlaw). PENALTY on LA-77-A.Jackson, Chop Block, 13 yards, enforced at LA 26 - No Play.",TRUE,LA,SF,NOPL,00-0026498,,,4,LA 26,2,7,26,2,0,0,0,1,1,0,0,1,L,0,6,0,0,0,0,0,0,0,0,0,4,0,1,BL,,0,1,0,0,0,0,0,0,0,0,0,2.7,0,NA,0,NA,2,WO,S,,3 - Hitch/Curl,CHK,,,,,,,,,,,,,,,,,,,,,00-0034982,,9,0,4,,,,,,,1,5,5,,,,,Open,
7020,1153621,(12:05) (Shotgun) 23-K.Williams up the middle to LA 15 for 2 yards (54-F.Warner).,FALSE,LA,SF,RUSH,,,00-0037840,4,LA 13,2,20,13,1,2,0,0,1,0,0,0,1,L,1,6,0,0,0,0,0,0,0,0,0,0,0,0,,,0,0,0,0,0,0,0,0,0,0,0,NA,0,NA,NA,NA,1,,S,,,,Inside Zone,,,,,,,,,,,,,,,,,,,,,,,0,,,,,,,,0,5,0,,,,,,Tar Ang/Gap
7020,1153622,"(11:45) (No Huddle, Shotgun) 9-M.Stafford pass incomplete deep middle to 12-P.Nacua (0-R.Green) [94-R.Height]. PENALTY on SF-0-R.Green, Defensive Pass Interference, 16 yards, enforced at LA 15 - No Play.",TRUE,LA,SF,NOPL,00-0026498,,,4,LA 15,3,18,15,1,0,1,1,1,1,0,0,1,M,0,7,0,0,0,0,0,0,0,0,0,4,0,0,,,1,0,0,0,0,0,0,0,1,0,0,3.1,0,NA,0,NA,NA,TCV,S,PEN,5 - In/Dig,1,,,,,,,,,,,,,,,,,,,,,00-0039345,,2,0,0,,,,,,,0,5,4,,,,,Open,
7020,1153623,(11:40) (Shotgun) 9-M.Stafford pass short right to 89-T.Higbee to LA 39 for 8 yards (54-F.Warner).,FALSE,LA,SF,PASS,00-0026498,00-0033110,,4,LA 31,1,10,31,2,8,1,0,1,0,1,0,1,R,0,6,0,0,0,0,0,0,0,0,0,4,0,0,,,1,0,0,0,0,0,0,0,0,0,0,2,0,NA,6,2,0,STP,S,,1 - Slant,2,,,,,,,,,,,,,,,,,,,,,00-0034815,,3,0,1,,,,,,,0,5,5,,,,,Open,
7020,1153624,"(11:19) (No Huddle, Shotgun) 9-M.Stafford pass short middle to 89-T.Higbee to LA 44 for 5 yards (54-F.Warner; 57-D.Greenlaw). FUMBLES (54-F.Warner), RECOVERED by SF-56-K.White at LA 43.",FALSE,LA,SF,PASS,00-0026498,00-0033110,,4,LA 39,2,2,39,2,4,0,0,1,1,1,0,1,R,0,6,0,0,0,0,0,0,0,0,0,4,0,0,,,1,0,0,0,0,0,0,0,0,0,0,3,0,NA,3,1,2,STP,S,,8 - Shallow Cross/Drag,2,,,,,,,,,,,,,,,,,,,,,00-0034982,,2,0,1,,,,,,,0,5,4,,,,,Open,
7020,1153625,(11:08) 26-K.Black up the middle to LA 39 for 4 yards (91-K.Turner).,FALSE,SF,LA,RUSH,,,00-0041052,4,LA 43,1,10,57,3,4,0,0,0,0,0,0,1,M,1,6,0,0,0,0,0,0,0,0,0,0,0,0,,,0,0,0,0,0,0,0,0,0,0,0,NA,0,NA,NA,NA,2,,U,,,,Inside Zone,Split,,,,,,,,,,,,,,,,,,,,,,0,,,,,,,,0,5,0,,,,,,Tar Ang/Gap
7020,1153626,(10:29) 26-K.Black left tackle to LA 38 for 1 yard (10-J.Stewart; 91-K.Turner).,FALSE,SF,LA,RUSH,,,00-0041052,4,LA 39,2,6,61,4,1,0,0,0,0,0,0,2,R,1,7,0,0,0,0,0,0,0,0,0,0,0,0,,,0,0,0,0,0,0,0,0,0,0,0,NA,0,NA,NA,NA,1,,U,,,,Inside Zone,Lead,,,,,,,,,,,,,,,,,,,,,,0,,,,,,,,0,4,0,,,,,,Tar Ang/Gap
7020,1153627,(9:52) (Shotgun) 13-B.Purdy pass incomplete short left to 23-C.McCaffrey (37-Q.Lake).,FALSE,SF,LA,PASS,00-0037834,00-0033280,,4,LA 38,3,5,62,4,0,0,0,1,0,0,0,1,M,0,7,0,0,1,0,1,0,0,0,0,4,0,0,,,0,0,0,0,0,0,0,0,0,0,0,2.3,0,2.1,1,NA,NA,TCV,S,FI,2 - Quick Out,2,,,P,00-0033868,00-0027857,,,,,,,,,,,,,,,,00-0037841,,1,0,0,,,,,,,0,6,4,,,,,Open,
7020,1153628,"(9:48) 18-E.Pineiro 56 yard field goal is GOOD, Center-46-J.Weeks, Holder-15-C.Waitman.",FALSE,SF,LA,FGXP,,,,4,LA 38,4,5,62,4,0,1,0,0,0,0,0,0,,0,0,0,0,0,0,0,0,0,0,0,0,0,0,,,0,0,0,0,0,0,0,0,0,0,0,NA,0,NA,NA,NA,NA,,,,,,,,,,,,,,,,,,,,,,,,,,,,,0,,,,,,,,0,0,0,,,,,,
7020,1153629,18-E.Pineiro kicks 64 yards from SF 35 to LA 1. 88-J.Whittington to LA 32 for 31 yards (86-K.Hodge).,FALSE,LA,SF,KOFF,,,,4,SF 35,0,0,65,4,0,1,0,0,0,0,0,0,,0,0,0,0,0,0,0,0,0,0,0,0,0,0,,,0,0,0,0,0,0,0,0,0,0,0,NA,0,NA,NA,NA,NA,,,,,,,,,,,,,,,,,,,,,,,,,,,,,0,,,,,,,,0,0,0,,,,,,
7020,1153630,(9:38) (Shotgun) 9-M.Stafford pass short right to 23-K.Williams to LA 36 for 4 yards (2-D.Lenoir).,FALSE,LA,SF,PASS,00-0026498,00-0037840,,4,LA 32,1,10,32,2,4,0,0,1,0,1,0,1,R,0,6,0,0,0,0,0,0,0,0,0,4,0,0,,,0,1,0,0,0,0,0,0,0,0,0,2.2,0,NA,3,1,0,OPN,S,,2 - Quick Out,2,,,,,,,,,,,,,,,,,,,,,00-0036563,,C,0,2,,,,,,,1,6,4,,,,,Open,
7020,1153631,(9:08) (Shotgun) 9-M.Stafford pass short left to 17-D.Adams to LA 46 for 10 yards (0-R.Green).,FALSE,LA,SF,PASS,00-0026498,00-0031381,,4,LA 36,2,6,36,2,10,1,1,1,0,1,0,1,R,0,6,0,0,0,0,0,0,0,0,0,4,0,0,,,0,1,0,0,0,0,0,0,1,0,0,2.2,0,NA,10,0,0,STP,S,,3 - Hitch/Curl,1,,,,,,,,,,,,,,,,,,,,,00-0039345,,9,0,1,,,,,,,1,6,4,,,,,Open,
7020,1153632,"(8:45) (No Huddle, Shotgun) 9-M.Stafford pass incomplete short middle to 12-P.Nacua (25-J.Jones).",FALSE,LA,SF,PASS,00-0026498,00-0039075,,4,LA 46,1,10,46,3,0,0,0,1,1,0,0,0,R,1,6,0,0,0,0,0,0,0,0,0,4,0,0,,,0,1,0,0,0,0,0,0,1,0,0,3.1,0,NA,15,NA,NA,TCV,S,CC,5 - In/Dig,1,,,,,,,,,,,,,,,,,,,,,00-0038039,,3,0,0,,,,,,,1,6,4,,,,,Open,
7020,1153633,(8:39) (Shotgun) 9-M.Stafford pass incomplete deep right to 17-D.Adams.,FALSE,LA,SF,PASS,00-0026498,00-0031381,,4,LA 46,2,10,46,3,0,0,0,1,0,0,0,1,L,1,6,0,0,0,0,0,0,0,0,0,4,0,0,,,0,0,0,0,0,0,0,0,1,0,0,2.4,0,NA,19,NA,NA,OPN,S,IAT,4 - Deep Out,1,,,,,,,,,,,,,,,,,,,,,00-0040185,,2,0,2,,,,,,,0,6,4,,,,,Open,
7020,1153634,(8:34) (Shotgun) 9-M.Stafford pass short right to 12-P.Nacua to SF 49 for 5 yards (36-M.Sigle).,FALSE,LA,SF,PASS,00-0026498,00-0039075,,4,LA 46,3,10,46,3,5,0,0,1,0,1,0,1,L,1,6,0,0,0,0,0,0,0,0,0,4,0,0,,,0,1,0,0,0,0,0,0,0,1,0,1.3,0,NA,-2,7,1,OPN,S,,0 - Screen,DES,,,,,,,,,,,,,,,,,,,,,00-0038039,,3,0,2,,,,,,,0,6,5,,,,,Open,
7020,1153635,(7:58) (Shotgun) 9-M.Stafford pass incomplete deep right to 18-T.Ferguson [92-O.Odighizuwa].,FALSE,LA,SF,PASS,00-0026498,00-0040737,,4,SF 49,4,5,51,3,0,0,0,1,0,0,0,1,R,1,6,0,0,1,1,0,0,0,0,0,4,0,0,,,0,0,0,0,0,0,0,0,0,0,0,2.5,0,2.3,24,NA,NA,TCV,S,IAT,9 - Go,2,,,P,00-0035717,00-0039077,,,,,,,,,,,,,,,,00-0036563,,1,0,0,,,,,,,1,6,4,,,,,Closed,
7020,1153636,(7:54) 23-C.McCaffrey left guard to LA 43 for 7 yards (94-D.Johnson; 3-K.Curl).,FALSE,SF,LA,RUSH,,,00-0033280,4,MID 50,1,10,50,3,7,1,0,0,0,0,0,1,L,1,7,0,0,0,0,0,0,0,0,0,0,0,0,,,0,0,0,0,0,0,0,0,0,0,0,NA,0,NA,NA,NA,6,,U,,,,Inside Zone,Lead,,,,,,,,,,00-0037587,2ND,PW,00-0040613,2ND,SP,,,,,,,0,,,,,,,,0,4,0,,,,,,Tar Ang/Gap
7020,1153637,(7:14) 23-C.McCaffrey up the middle to LA 41 for 2 yards (56-S.Dolac; 53-N.Landman).,FALSE,SF,LA,RUSH,,,00-0033280,4,LA 43,2,3,57,3,2,0,0,0,0,0,0,1,L,0,7,0,0,0,0,0,0,0,0,0,0,0,0,,,0,0,0,0,0,0,0,0,0,0,0,NA,0,NA,NA,NA,0,,U,,,,Inside Zone,Split,,,,,,,,,,,,,,,,,,,,,,0,,,,,,,,0,4,0,,,,,,Cutback
7020,1153638,(6:34) 13-B.Purdy up the middle to LA 40 for 1 yard (55-B.Fiske).,FALSE,SF,LA,RUSH,,,00-0037834,4,LA 41,3,1,59,3,1,1,1,0,0,0,0,2,L,1,8,0,0,0,0,0,1,1,0,0,0,0,0,,,0,0,0,0,0,0,0,0,0,0,0,NA,0,NA,NA,NA,0,,U,,,,QB Sneak,,,,,,,,,,,,,,,,,,,,,,,0,,,,,,,,0,4,0,,,,,,No Read
7020,1153639,(5:52) 26-K.Black right guard to LA 38 for 2 yards (91-K.Turner).,FALSE,SF,LA,RUSH,,,00-0041052,4,LA 40,1,10,60,4,2,0,0,0,0,0,0,1,L,1,7,0,0,0,0,0,0,0,0,0,0,0,0,,,0,0,0,0,0,0,0,0,0,0,0,NA,0,NA,NA,NA,2,,U,,,,Inside Zone,Split,,,,,,,,,,,,,,,,,,,,,,0,,,,,,,,0,4,0,,,,,,Tar Ang/Gap
7020,1153640,(5:08) 26-K.Black left guard to LA 34 for 4 yards (56-S.Dolac; 91-K.Turner).,FALSE,SF,LA,RUSH,,,00-0041052,4,LA 38,2,8,62,4,4,0,0,0,0,0,0,1,L,1,7,0,0,0,0,0,0,0,0,0,0,0,0,,,0,0,0,0,0,0,0,0,0,0,0,NA,0,NA,NA,NA,1,,U,,,,Counter,Lead,,,,,,,,,,,,,,,,,,,,,,0,,,,,,,,0,4,0,,,,,,Tar Ang/Gap
7020,1153641,(4:24) (Shotgun) 13-B.Purdy pass short right to 23-C.McCaffrey to LA 34 for no gain (10-J.Stewart). LA-53-N.Landman was injured during the play.,FALSE,SF,LA,PASS,00-0037834,00-0033280,,4,LA 34,3,4,66,4,0,0,0,1,0,1,0,1,L,1,7,0,0,0,0,0,0,0,0,0,4,0,0,,,0,1,0,0,0,0,0,0,0,0,0,2.5,0,NA,-6,6,1,WO,S,,10 - Swing,CHK,,,,,,,,,,,,,,,,,,,,,00-0037587,,9,0,5+,,,,,,,1,4,5,,,,,Open,
7020,1153642,Timeout #2 by SF at 03:34.,TRUE,NA,NA,NOPL,,,,4,LA 34,0,0,0,0,0,0,0,0,0,0,0,0,,0,0,0,0,0,0,0,0,0,0,0,0,0,0,,,0,0,0,0,0,0,0,0,0,0,0,NA,0,NA,NA,NA,NA,,,,,,,,,,,,,,,,,,,,,,,,,,,,,0,,,,,,,,0,0,0,,,,,,
7020,1153643,"(3:34) 18-E.Pineiro 52 yard field goal is No Good, Hit Right Upright, Center-46-J.Weeks, Holder-15-C.Waitman.",FALSE,SF,LA,FGXP,,,,4,LA 34,4,4,66,4,0,0,0,0,0,0,0,0,,0,0,0,0,0,0,0,0,0,0,0,0,0,0,,,0,0,0,0,0,0,0,0,0,0,0,NA,0,NA,NA,NA,NA,,,,,,,,,,,,,,,,,,,,,,,,,,,,,0,,,,,,,,0,0,0,,,,,,
7020,1153644,(3:29) 24-B.Corum up the middle to LA 46 for 4 yards (54-F.Warner; 27-J.Brown).,FALSE,LA,SF,RUSH,,,00-0039738,4,LA 42,1,10,42,3,4,0,0,0,0,0,0,2,L,0,7,0,0,0,0,0,0,0,0,0,0,0,0,,,0,0,0,0,0,0,0,0,0,0,0,NA,0,NA,NA,NA,1,,U,,,,Man/Duo,Lead,,,,,,,,,,,,,,,,,,,,,,0,,,,,,,,0,6,0,,,,,,Tar Ang/Gap
7020,1153645,"(3:05) (No Huddle, Shotgun) 13-S.Bennett scrambles up the middle to SF 45 for 9 yards (27-J.Brown). Penalty on SF, Defensive Too Many Men on Field, declined.",FALSE,LA,SF,RUSH,,,00-0039107,4,LA 46,2,6,46,3,9,1,1,1,1,0,0,1,M,0,6,0,0,0,0,0,0,0,1,0,4,0,1,BL,,0,0,0,0,0,0,0,0,0,0,0,NA,0,NA,NA,NA,NA,,S,,,SD,,,,,,,,,,,,,,,,,,,,,,,1,0,,,,,,,,0,5,4,,,,,Open,
7020,1153646,(2:46) (Shotgun) 20-R.Rivers right guard to SF 38 for 7 yards (99-C.West).,FALSE,LA,SF,RUSH,,,00-0037557,4,SF 45,1,10,55,3,7,1,0,1,0,0,0,1,R,1,6,0,0,0,0,0,0,0,0,0,0,0,0,,,0,0,0,0,0,0,0,0,0,0,0,NA,0,NA,NA,NA,2,,S,,,,Man/Duo,,,,,,,,,,,,,,,,,,,,,,,0,,,,,,,,0,5,0,,,,,,Tar Ang/Gap
7020,1153647,"(2:22) (No Huddle, Shotgun) 13-S.Bennett pass incomplete short middle to 4-K.Mumpfield [59-O.Okoronkwo]. LA-4-K.Mumpfield was injured during the play.",FALSE,LA,SF,PASS,00-0039107,00-0040590,,4,SF 38,2,3,62,4,0,0,0,1,1,0,0,1,M,0,6,0,0,1,1,0,0,0,0,0,4,0,0,,,1,0,0,0,0,0,0,0,0,0,0,2.6,0,NA,13,NA,NA,TCV,S,IAT,5 - In/Dig,2,,,,,,,,,,,,,,,,,,,,,,,1,0,0,,,,,,,0,5,4,,,,,Open,
7020,1153648,(2:18) (Shotgun) 20-R.Rivers right guard to SF 37 for 1 yard (49-G.Wallow).,FALSE,LA,SF,RUSH,,,00-0037557,4,SF 38,3,3,62,4,1,0,0,1,0,0,0,1,R,1,6,0,0,0,0,0,0,0,0,0,0,0,0,,,0,0,0,0,0,0,0,0,0,0,0,NA,0,NA,NA,NA,1,,S,,,,Man/Duo,Lead,,,,,,,,,,,,,,,,,,,,,,0,,,,,,,,0,5,0,,,,,,Tar Ang/Gap
7020,1153649,(2:00) 20-R.Rivers right tackle to SF 32 for 5 yards (2-D.Lenoir; 36-M.Sigle). ** Injury Update: LA-4-K.Mumpfield has returned to the game.,FALSE,LA,SF,RUSH,,,00-0037557,4,SF 37,4,2,63,4,5,1,1,0,0,0,0,2,R,1,7,0,0,0,0,0,0,0,0,0,0,0,0,,,0,0,0,0,0,0,0,0,0,0,0,NA,0,NA,NA,NA,4,,U,,,,Man/Duo,Lead,,,,,,,,,,,,,,,,,,,,,,0,,,,,,,,0,5,0,,,,,,Tar Ang/Gap
7020,1153650,(1:26) (Shotgun) 13-S.Bennett pass short middle to 88-J.Whittington to SF 24 for 8 yards (6-M.Mustapha).,FALSE,LA,SF,PASS,00-0039107,00-0039751,,4,SF 32,1,10,68,4,8,1,0,1,0,1,0,1,R,0,5,0,0,0,0,0,0,0,0,0,4,0,0,,,1,0,0,0,0,0,0,0,1,0,0,2.1,0,NA,8,0,0,STP,S,,5 - In/Dig,1,,,,,,,,,,,,,,,,,,,,,00-0039360,,3,0,1,,,,,,,1,5,4,,,,,Closed,
7020,1153651,"(1:05) (No Huddle, Shotgun) 13-S.Bennett pass short middle to 20-R.Rivers to SF 19 for 5 yards (53-J.Dugger; 6-M.Mustapha). LA-69-K.Dotson was injured during the play.",FALSE,LA,SF,PASS,00-0039107,00-0037557,,4,SF 24,2,2,76,4,5,1,1,1,1,1,0,1,R,0,6,0,0,0,0,0,0,0,0,0,4,0,0,,,0,1,0,0,0,0,0,0,0,0,0,3.5,0,NA,2,3,4,OPN,S,,3 - Hitch/Curl,CHK,,,,,,,,,,,,00-0041078,2ND,JK,,,,,,,00-0041078,,3,0,2,,,,,,,1,5,4,,,,,Closed,
7020,1153652,Timeout #1 by LA at 00:47.,TRUE,NA,NA,NOPL,,,,4,SF 19,0,0,0,0,0,0,0,0,0,0,0,0,,0,0,0,0,0,0,0,0,0,0,0,0,0,0,,,0,0,0,0,0,0,0,0,0,0,0,NA,0,NA,NA,NA,NA,,,,,,,,,,,,,,,,,,,,,,,,,,,,,0,,,,,,,,0,0,0,,,,,,
7020,1153653,(:47) 20-R.Rivers right guard to SF 15 for 4 yards (47-K.Kareem; 53-J.Dugger).,FALSE,LA,SF,RUSH,,,00-0037557,4,SF 19,1,10,81,5,4,0,0,0,0,0,0,2,R,1,6,0,0,0,0,0,0,0,0,0,0,0,0,,,0,0,0,0,0,0,0,0,0,0,0,NA,0,NA,NA,NA,1,,U,,,,Inside Zone,Lead,,,,,,,,,,,,,,,,,,,,,,0,,,,,,,,0,5,0,,,,,,Tar Ang/Gap
7020,1153654,(:14) 20-R.Rivers left end to SF 13 for 2 yards (0-R.Green).,FALSE,LA,SF,RUSH,,,00-0037557,4,SF 15,2,6,85,5,2,0,0,0,0,0,0,1,R,0,7,0,0,0,0,0,0,0,0,0,0,0,0,,,0,0,0,0,0,0,0,0,0,0,0,NA,0,NA,NA,NA,2,,U,,,,Inside Zone,,,,,,,,,,,00-0034807,LOS,GB,,,,,,,,,,0,,,,,,,,0,5,0,,,,,,Bounce Out
