gid,pid,detail,off,def,type,len,qtr,min,sec,ptso,ptsd,timo,timd,dwn,ytg,yfog,zone,yds,succ,fd,sg,nh,pts,bc,kne,dir,rtck1,rtck2,psr,comp,spk,loc,trg,dfb,dot,ptck1,ptck2,sk1,sk2,ptm,pen,desc,pey,act,ints,iry,fum,frcv,fry,forc,fuml,saf,blk,brcv,fgxp,fkicker,dist,good,punter,pgro,pnet,ptb,pr,pry,pfc,kicker,kgro,knet,ktb,kr,kry,td,td_type,epa,dpbk,stunt,db_count
7019,1153342,8-A.Borregales kicks 63 yards from NE 35 to SEA 2. 22-R.Shaheed to SEA 24 for 22 yards (48-N.Obiazor).,SEA,NE,KOFF,5,1,15,0,0,0,3,3,0,0,65,4,0,0,0,0,0,0,,0,,,,,0,0,,,,,,,,,,,,,,,,,,,,0,,,,,,,0,,,,0,,,0,00-0040200,63,41,0,00-0037545,22,0,,-0.297,,0,
7019,1153343,(14:55) 8-J.Price right tackle to SEA 37 for 13 yards (31-K.Byard; 91-E.Ponder).,SEA,NE,RUSH,38,1,14,55,0,0,3,3,1,10,24,2,13,1,1,0,0,0,00-0041512,0,RT,00-0033132,00-0040574,,0,0,,,,,,,,,,,,,,,,,,,,0,,,,,,,0,,,,0,,,0,,,,0,,,0,,1.112,,0,5
7019,1153344,(14:17) 14-S.Darnold pass short middle to 11-J.Smith-Njigba to 50 for 13 yards (14-R.Spillane).,SEA,NE,PASS,45,1,14,17,0,0,3,3,1,10,37,2,13,1,1,0,0,0,,0,,,,00-0034869,1,0,SM,00-0038543,,11,00-0034720,,,,,,,,,,,,,,,0,,,,,,,0,,,,0,,,0,,,,0,,,0,,0.825,00-0034869,0,5
7019,1153345,"(13:32) PENALTY on SEA-81-E.Saubert, False Start, 5 yards, enforced at 50 - No Play.",SEA,NE,NOPL,23,1,13,32,0,0,3,3,1,10,50,3,0,0,0,0,0,0,,0,,,,,0,0,,,,,,,,,SEA,00-0033576,False Start,-5,NA,,,,,,,0,,,,,,,0,,,,0,,,0,,,,0,,,0,,-0.556,,0,
7019,1153346,(13:09) (Shotgun) 36-G.Holani up the middle to NE 46 for 9 yards (94-C.Durden; 14-R.Spillane).,SEA,NE,RUSH,39,1,13,9,0,0,3,3,1,15,45,3,9,1,0,1,0,0,00-0039299,0,RM,00-0038653,00-0034720,,0,0,,,,,,,,,,,,,,,,,,,,0,,,,,,,0,,,,0,,,0,,,,0,,,0,,0.277,,0,5
7019,1153347,(12:30) (Shotgun) 14-S.Darnold pass incomplete short right to 22-R.Shaheed.,SEA,NE,PASS,3,1,12,30,0,0,3,3,2,6,54,3,0,0,0,1,0,0,,0,,,,00-0034869,0,0,SR,00-0037545,,4,,,,,,,,,,,,,,,,0,,,,,,,0,,,,0,,,0,,,,0,,,0,,-0.85,00-0034869,0,5
7019,1153348,(12:27) (Shotgun) 14-S.Darnold sacked at SEA 49 for -5 yards (5-D.Jones). SEA-14-S.Darnold was injured during the play.,SEA,NE,PASS,38,1,12,27,0,0,3,3,3,6,54,3,-5,0,0,1,0,0,,0,,,,,0,0,,,,,,,00-0035678,,,,,,,,,,,,,0,,,,,,,0,,,,0,,,0,,,,0,,,0,,-2.052,00-0034869,0,5
7019,1153349,"(11:49) 4-M.Dickson punts 43 yards to NE 8, Center-41-C.Stoll, fair catch by 25-M.Jones.",SEA,NE,PUNT,7,1,11,49,0,0,3,3,4,11,49,3,0,1,0,0,0,0,,0,,,,,0,0,,,,,,,,,,,,,,,,,,,,0,,,,,,,0,00-0034160,43,43,0,00-0037253,0,1,,,,0,,,0,,0.478,,0,
7019,1153350,(11:42) 38-R.Stevenson up the middle to NE 11 for 3 yards (0-D.Lawrence; 32-D.Thomas).,NE,SEA,RUSH,35,1,11,42,0,0,3,3,1,10,8,1,3,0,0,0,0,0,00-0036875,0,RM,00-0031411,00-0038922,,0,0,,,,,,,,,,,,,,,,,,,,0,,,,,,,0,,,,0,,,0,,,,0,,,0,,-0.198,,0,4
7019,1153351,(11:07) 10-D.Maye scrambles up the middle to NE 21 for 10 yards (13-E.Jones; 21-D.Witherspoon).,NE,SEA,RUSH,41,1,11,7,0,0,3,3,2,7,11,1,10,1,1,0,0,0,00-0039851,0,RM,00-0036994,00-0039169,,0,0,,,,,,,,,,,,,,,,,,,,0,,,,,,,0,,,,0,,,0,,,,0,,,0,,1.063,00-0039851,0,5
7019,1153352,(10:26) (Shotgun) 38-R.Stevenson left end pushed ob at NE 23 for 2 yards (20-J.Love).,NE,SEA,RUSH,33,1,10,26,0,0,3,3,1,10,21,2,2,0,0,1,0,0,00-0036875,0,LE,00-0034974,,,0,0,,,,,,,,,,,,,,,,,,,,0,,,,,,,0,,,,0,,,0,,,,0,,,0,,-0.494,,0,4
7019,1153353,(9:53) 38-R.Stevenson up the middle to NE 26 for 3 yards (28-N.Pritchett).,NE,SEA,RUSH,39,1,9,53,0,0,3,3,2,8,23,2,3,0,0,0,0,0,00-0036875,0,RM,00-0039795,,,0,0,,,,,,,,,,,,,,,,,,,,0,,,,,,,0,,,,0,,,0,,,,0,,,0,,-0.174,,0,5
7019,1153354,"(9:14) (Shotgun) 10-D.Maye scrambles right end pushed ob at NE 27 for 1 yard (91-B.Murphy). PENALTY on SEA-58-D.Hall, Unnecessary Roughness, 15 yards, enforced at NE 27.",NE,SEA,RUSH,16,1,9,14,0,0,3,3,3,5,26,2,1,1,1,1,0,0,00-0039851,0,RE,00-0039309,,,0,0,,,,,,,,,SEA,00-0039047,Unnecessary Roughness,15,NA,,,,,,,0,,,,,,,0,,,,0,,,0,,,,0,,,0,,2.15,00-0039851,1,5
7019,1153355,(8:58) 38-R.Stevenson left end pushed ob at NE 48 for 6 yards (13-E.Jones).,NE,SEA,RUSH,33,1,8,58,0,0,3,3,1,10,42,3,6,1,0,0,0,0,00-0036875,0,LE,00-0036994,,,0,0,,,,,,,,,,,,,,,,,,,,0,,,,,,,0,,,,0,,,0,,,,0,,,0,,0.408,,0,5
7019,1153356,(8:25) (Shotgun) 38-R.Stevenson left guard to NE 45 for -3 yards (7-U.Nwosu).,NE,SEA,RUSH,44,1,8,25,0,0,3,3,2,4,48,3,-3,0,0,1,0,0,00-0036875,0,LG,00-0034350,,,0,0,,,,,,,,,,,,,,,,,,,,0,,,,,,,0,,,,0,,,0,,,,0,,,0,,-1.498,,0,4
7019,1153357,(7:41) (Shotgun) 10-D.Maye pass incomplete short right [21-D.Witherspoon].,NE,SEA,PASS,6,1,7,41,0,0,3,3,3,7,45,3,0,0,0,1,0,0,,0,,,,00-0039851,0,0,SR,,,15,,,,,,,,,,,,,,,,0,,,,,,,0,,,,0,,,0,,,,0,,,0,,-1.541,00-0039851,0,5
7019,1153358,"(7:35) 19-M.Wishnowsky punts 45 yards to SEA 10, Center-47-J.Ashby, fair catch by 22-R.Shaheed.",NE,SEA,PUNT,6,1,7,35,0,0,3,3,4,7,45,3,0,1,0,0,0,0,,0,,,,,0,0,,,,,,,,,,,,,,,,,,,,0,,,,,,,0,00-0034941,45,45,0,00-0037545,0,1,,,,0,,,0,,0.37,,0,
7019,1153359,(7:29) (Shotgun) 36-G.Holani left guard to SEA 14 for 4 yards (25-M.Jones).,SEA,NE,RUSH,35,1,7,29,0,0,3,3,1,10,10,1,4,0,0,1,0,0,00-0039299,0,LG,00-0037253,,,0,0,,,,,,,,,,,,,,,,,,,,0,,,,,,,0,,,,0,,,0,,,,0,,,0,,-0.249,,0,5
7019,1153360,(6:54) 8-J.Price left tackle to SEA 21 for 7 yards (4-C.Woodson).,SEA,NE,RUSH,32,1,6,54,0,0,3,3,2,6,14,1,7,1,1,0,0,0,00-0041512,0,LT,00-0040716,,,0,0,,,,,,,,,,,,,,,,,,,,0,,,,,,,0,,,,0,,,0,,,,0,,,0,,0.866,,0,5
7019,1153361,(6:22) 2-D.Lock pass short right to 11-J.Smith-Njigba pushed ob at SEA 29 for 8 yards (14-R.Spillane).,SEA,NE,PASS,20,1,6,22,0,0,3,3,1,10,21,2,8,1,0,0,0,0,,0,,,,00-0035704,1,0,SR,00-0038543,,4,00-0034720,,,,,,,,,,,,,,,0,,,,,,,0,,,,0,,,0,,,,0,,,0,,0.858,00-0035704,0,5
7019,1153362,(6:02) (No Huddle) 8-J.Price right end to SEA 29 for no gain (7-C.Davis; 31-K.Byard). NE-7-C.Davis was injured during the play.,SEA,NE,RUSH,43,1,6,2,0,0,3,3,2,2,29,2,0,0,0,0,1,0,00-0041512,0,RE,00-0034778,00-0033132,,0,0,,,,,,,,,,,,,,,,,,,,0,,,,,,,0,,,,0,,,0,,,,0,,,0,,-0.732,,0,5
7019,1153363,(5:19) (Shotgun) 36-G.Holani right guard to SEA 30 for 1 yard (14-R.Spillane).,SEA,NE,RUSH,37,1,5,19,0,0,3,3,3,2,29,2,1,0,0,1,0,0,00-0039299,0,RG,00-0034720,,,0,0,,,,,,,,,,,,,,,,,,,,0,,,,,,,0,,,,0,,,0,,,,0,,,0,,-1.363,,0,5
7019,1153364,"(4:42) 4-M.Dickson punts 50 yards to NE 20, Center-41-C.Stoll, out of bounds.",SEA,NE,PUNT,7,1,4,42,0,0,3,3,4,1,30,2,0,0,0,0,0,0,,0,,,,,0,0,,,,,,,,,,,,,,,,,,,,0,,,,,,,0,00-0034160,50,50,0,,0,0,,,,0,,,0,,-0.174,,0,
7019,1153365,(4:35) (Shotgun) 10-D.Maye pass short right to 13-M.Hollins to NE 29 for 9 yards (13-E.Jones).,NE,SEA,PASS,35,1,4,35,0,0,3,3,1,10,20,2,9,1,0,1,0,0,,0,,,,00-0039851,1,0,SR,00-0033555,,9,00-0036994,,,,,,,,,,,,,,,0,,,,,,,0,,,,0,,,0,,,,0,,,0,,0.948,00-0039851,0,5
7019,1153366,(4:00) 10-D.Maye up the middle to NE 32 for 3 yards (99-L.Williams).,NE,SEA,RUSH,36,1,4,0,0,0,3,3,2,1,29,2,3,0,1,0,0,0,00-0039851,0,RM,00-0031933,,,0,0,,,,,,,,,,,,,,,,,,,,0,,,,,,,0,,,,0,,,0,,,,0,,,0,,-0.059,,0,4
7019,1153367,(3:24) (Shotgun) 10-D.Maye pass short left to 1-A.Brown pushed ob at NE 39 for 7 yards (28-N.Pritchett).,NE,SEA,PASS,36,1,3,24,0,0,3,3,1,10,32,2,7,1,0,1,0,0,,0,,,,00-0039851,1,0,SL,00-0035676,,0,00-0039795,,,,,,,,,,,,,,,0,,,,,,,0,,,,0,,,0,,,,0,,,0,,0.33,00-0039851,0,5
7019,1153368,(2:48) 38-R.Stevenson right tackle to NE 41 for 2 yards (99-L.Williams).,NE,SEA,RUSH,36,1,2,48,0,0,3,3,2,3,39,2,2,0,0,0,0,0,00-0036875,0,RT,00-0031933,,,0,0,,,,,,,,,,,,,,,,,,,,0,,,,,,,0,,,,0,,,0,,,,0,,,0,,-0.131,,0,4
7019,1153369,(2:12) 38-R.Stevenson right guard to NE 40 for -1 yards (20-J.Love).,NE,SEA,RUSH,44,1,2,12,0,0,3,3,3,1,41,3,-1,0,0,0,0,0,00-0036875,0,RG,00-0034974,,,0,0,,,,,,,,,,,,,,,,,,,,0,,,,,,,0,,,,0,,,0,,,,0,,,0,,-2.116,,0,4
7019,1153370,"(1:28) 19-M.Wishnowsky punts 46 yards to SEA 14, Center-47-J.Ashby, fair catch by 22-R.Shaheed.",NE,SEA,PUNT,6,1,1,28,0,0,3,3,4,2,40,3,0,1,0,0,0,0,,0,,,,,0,0,,,,,,,,,,,,,,,,,,,,0,,,,,,,0,00-0034941,46,46,0,00-0037545,0,1,,,,0,,,0,,0.06,,0,
7019,1153371,(1:22) 8-J.Price right end pushed ob at SEA 26 for 12 yards (0-C.Gonzalez). ** Injury Update: NE-7-C.Davis has returned to the game.,SEA,NE,RUSH,33,1,1,22,0,0,3,3,1,10,14,1,12,1,1,0,0,0,00-0041512,0,RE,00-0039147,,,0,0,,,,,,,,,,,,,,,,,,,,0,,,,,,,0,,,,0,,,0,,,,0,,,0,,0.822,,0,5
7019,1153372,(:49) 8-J.Price right end to SEA 28 for 2 yards (53-C.Elliss; 97-M.Williams).,SEA,NE,RUSH,41,1,0,49,0,0,3,3,1,10,26,2,2,0,0,0,0,0,00-0041512,0,RE,00-0036813,00-0036916,,0,0,,,,,,,,,,,,,,,,,,,,0,,,,,,,0,,,,0,,,0,,,,0,,,0,,-0.506,,0,5
7019,1153373,(:08) 23-E.Wilson left guard to SEA 31 for 3 yards (14-R.Spillane).,SEA,NE,RUSH,8,1,0,8,0,0,3,3,2,8,28,2,3,0,0,0,0,0,00-0038797,0,LG,00-0034720,,,0,0,,,,,,,,,,,,,,,,,,,,0,,,,,,,0,,,,0,,,0,,,,0,,,0,,-0.311,,0,5
7019,1153374,(15:00) (Shotgun) 2-D.Lock pass incomplete deep left to 10-C.Kupp (0-C.Gonzalez).,SEA,NE,PASS,5,2,15,0,0,0,3,3,3,5,31,2,0,0,0,1,0,0,,0,,,,00-0035704,0,0,DL,00-0033908,00-0039147,19,,,,,,,,,,,,,,,,0,,,,,,,0,,,,0,,,0,,,,0,,,0,,-1.396,00-0035704,0,5
7019,1153375,"(14:55) 4-M.Dickson punts 46 yards to NE 23, Center-41-C.Stoll, fair catch by 25-M.Jones.",SEA,NE,PUNT,7,2,14,55,0,0,3,3,4,5,31,2,0,1,0,0,0,0,,0,,,,,0,0,,,,,,,,,,,,,,,,,,,,0,,,,,,,0,00-0034160,46,46,0,00-0037253,0,1,,,,0,,,0,,0.273,,0,
7019,1153376,(14:48) 9-C.Kiner right guard to NE 30 for 7 yards (98-R.Mills).,NE,SEA,RUSH,39,2,14,48,0,0,3,3,1,10,23,2,7,1,0,0,0,0,00-0040556,0,RG,00-0040647,,,0,0,,,,,,,,,,,,,,,,,,,,0,,,,,,,0,,,,0,,,0,,,,0,,,0,,0.496,,0,4
7019,1153377,(14:09) 9-C.Kiner right guard to NE 29 for -1 yards (98-R.Mills).,NE,SEA,RUSH,41,2,14,9,0,0,3,3,2,3,30,2,-1,0,0,0,0,0,00-0040556,0,RG,00-0040647,,,0,0,,,,,,,,,,,,,,,,,,,,0,,,,,,,0,,,,0,,,0,,,,0,,,0,,-0.812,,0,4
7019,1153378,(13:28) (Shotgun) 10-D.Maye pass short left to 3-D.Douglas ran ob at NE 34 for 5 yards.,NE,SEA,PASS,28,2,13,28,0,0,3,3,3,4,29,2,5,1,1,1,0,0,,0,,,,00-0039851,1,0,SL,00-0038621,,5,,,,,,,,,,,,,,,,0,,,,,,,0,,,,0,,,0,,,,0,,,0,,1.16,00-0039851,1,5
7019,1153379,(13:00) 10-D.Maye pass short left to 34-L.Larison to NE 45 for 11 yards (29-J.Jobe).,NE,SEA,PASS,39,2,13,0,0,0,3,3,1,10,34,2,11,1,1,0,0,0,,0,,,,00-0039851,1,0,SL,00-0040568,,1,00-0037137,,,,,,,,,,,,,,,0,,,,,,,0,,,,0,,,0,,,,0,,,0,,0.701,00-0039851,0,5
7019,1153380,(12:21) 9-C.Kiner up the middle to NE 45 for no gain (7-U.Nwosu).,NE,SEA,RUSH,34,2,12,21,0,0,3,3,1,10,45,3,0,0,0,0,0,0,00-0040556,0,RM,00-0034350,,,0,0,,,,,,,,,,,,,,,,,,,,0,,,,,,,0,,,,0,,,0,,,,0,,,0,,-0.453,,0,4
7019,1153381,(11:47) (Shotgun) 10-D.Maye scrambles right end ran ob at SEA 49 for 6 yards (28-N.Pritchett).,NE,SEA,RUSH,39,2,11,47,0,0,3,3,2,10,45,3,6,0,0,1,0,0,00-0039851,0,RE,00-0039795,,,0,0,,,,,,,,,,,,,,,,,,,,0,,,,,,,0,,,,0,,,0,,,,0,,,0,,-0.039,00-0039851,1,5
7019,1153382,(11:08) (Shotgun) 10-D.Maye pass short right to 1-A.Brown to SEA 44 for 5 yards (29-J.Jobe).,NE,SEA,PASS,37,2,11,8,0,0,3,3,3,4,51,3,5,1,1,1,0,0,,0,,,,00-0039851,1,0,SR,00-0035676,,5,00-0037137,,,,,,,,,,,,,,,0,,,,,,,0,,,,0,,,0,,,,0,,,0,,1.211,00-0039851,0,5
7019,1153383,(10:31) 9-C.Kiner right tackle to SEA 41 for 3 yards (0-D.Lawrence; 20-J.Love).,NE,SEA,RUSH,37,2,10,31,0,0,3,3,1,10,56,3,3,0,0,0,0,0,00-0040556,0,RT,00-0031411,00-0034974,,0,0,,,,,,,,,,,,,,,,,,,,0,,,,,,,0,,,,0,,,0,,,,0,,,0,,-0.201,,0,5
7019,1153384,(9:54) (Shotgun) 10-D.Maye pass short left to 3-D.Douglas to SEA 36 for 5 yards (13-E.Jones; 28-N.Pritchett).,NE,SEA,PASS,32,2,9,54,0,0,3,3,2,7,59,3,5,1,0,1,0,0,,0,,,,00-0039851,1,0,SL,00-0038621,,-4,00-0036994,00-0039795,,,,,,,,,,,,,,0,,,,,,,0,,,,0,,,0,,,,0,,,0,,0.143,00-0039851,0,5
7019,1153385,"(9:22) 10-D.Maye pass incomplete deep left to 1-A.Brown (29-J.Jobe). PENALTY on SEA-29-J.Jobe, Defensive Pass Interference, 34 yards, enforced at SEA 36 - No Play.",NE,SEA,NOPL,8,2,9,22,0,0,3,3,3,2,64,4,0,1,1,0,0,0,,0,,,,00-0039851,0,0,,,,0,,,,,SEA,00-0037137,Defensive Pass Interference,34,NA,,,,,,,0,,,,,,,0,,,,0,,,0,,,,0,,,0,,3.332,00-0039851,0,5
7019,1153386,"(9:14) 70-G.Van Roten reported in as eligible. 10-D.Maye pass short left to 82-E.Raridon for 2 yards, TOUCHDOWN.",NE,SEA,PASS,3,2,9,14,0,0,3,3,1,2,98,5,2,1,1,0,0,6,,0,,,,00-0039851,1,0,SL,00-0041395,,2,,,,,,,,,,,,,,,,0,,,,,,,0,,,,0,,,0,,,,0,,,1,REC,0.841,00-0039851,0,1
7019,1153387,"8-A.Borregales extra point is GOOD, Center-47-J.Ashby, Holder-19-M.Wishnowsky.",NE,SEA,FGXP,0,2,9,11,6,0,3,3,0,0,85,5,0,1,0,0,0,1,,0,,,,,0,0,,,,,,,,,,,,,,,,,,,,0,,,,XP,00-0040200,33,1,,,,0,,,0,,,,0,,,0,,0.068,,0,
7019,1153388,8-A.Borregales kicks 63 yards from NE 35 to SEA 2. 22-R.Shaheed to SEA 30 for 28 yards (22-C.Woods).,SEA,NE,KOFF,5,2,9,11,0,7,3,3,0,0,65,4,0,1,0,0,0,0,,0,,,,,0,0,,,,,,,,,,,,,,,,,,,,0,,,,,,,0,,,,0,,,0,00-0040200,63,35,0,00-0037545,28,0,,0.233,,0,
7019,1153389,(9:06) 2-D.Lock pass short left to 38-B.Russell to SEA 37 for 7 yards (24-D.Pettus).,SEA,NE,PASS,41,2,9,6,0,7,3,3,1,10,30,2,7,1,0,0,0,0,,0,,,,00-0035704,1,0,SL,00-0038488,,0,00-0039692,,,,,,,,,,,,,,,0,,,,,,,0,,,,0,,,0,,,,0,,,0,,0.331,00-0035704,0,5
7019,1153390,(8:25) 8-J.Price right end to SEA 45 for 8 yards (31-K.Byard).,SEA,NE,RUSH,43,2,8,25,0,7,3,3,2,3,37,2,8,1,1,0,0,0,00-0041512,0,RE,00-0033132,,,0,0,,,,,,,,,,,,,,,,,,,,0,,,,,,,0,,,,0,,,0,,,,0,,,0,,0.64,,0,5
7019,1153391,(7:42) 2-D.Lock sacked at SEA 38 for -7 yards (50-G.Jacas).,SEA,NE,PASS,48,2,7,42,0,7,3,3,1,10,45,3,-7,0,0,0,0,0,,0,,,,,0,0,,,,,,,00-0041569,,,,,,,,,,,,,0,,,,,,,0,,,,0,,,0,,,,0,,,0,,-1.308,00-0035704,0,5
7019,1153392,"(6:54) (Shotgun) PENALTY on SEA-72-A.Lucas, False Start, 5 yards, enforced at SEA 38 - No Play.",SEA,NE,NOPL,9,2,6,54,0,7,3,3,2,17,38,2,0,0,0,1,0,0,,0,,,,,0,0,,,,,,,,,SEA,00-0037812,False Start,-5,NA,,,,,,,0,,,,,,,0,,,,0,,,0,,,,0,,,0,,-0.341,,0,
7019,1153393,(6:45) (Shotgun) 2-D.Lock pass short right to 11-J.Smith-Njigba to SEA 38 for 5 yards (94-C.Durden; 25-M.Jones).,SEA,NE,PASS,43,2,6,45,0,7,3,3,2,22,33,2,5,0,0,1,0,0,,0,,,,00-0035704,1,0,SR,00-0038543,,-3,00-0038653,00-0037253,,,,,,,,,,,,,,0,,,,,,,0,,,,0,,,0,,,,0,,,0,,-0.496,00-0035704,0,5
7019,1153394,"(6:02) (Shotgun) PENALTY on SEA-88-A.Barner, False Start, 5 yards, enforced at SEA 38 - No Play.",SEA,NE,NOPL,23,2,6,2,0,7,3,3,3,17,38,2,0,0,0,1,0,0,,0,,,,,0,0,,,,,,,,,SEA,00-0039793,False Start,-5,NA,,,,,,,0,,,,,,,0,,,,0,,,0,,,,0,,,0,,-0.303,,0,
7019,1153395,(5:39) (Shotgun) 2-D.Lock pass deep middle to 11-J.Smith-Njigba to NE 46 for 21 yards (4-C.Woodson).,SEA,NE,PASS,45,2,5,39,0,7,3,3,3,22,33,2,21,1,0,1,0,0,,0,,,,00-0035704,1,0,DM,00-0038543,,21,00-0040716,,,,,,,,,,,,,,,0,,,,,,,0,,,,0,,,0,,,,0,,,0,,1.102,00-0035704,1,5
7019,1153396,"(4:54) Direct snap to 88-A.Barner. 88-A.Barner up the middle to NE 45 for 1 yard (5-D.Jones; 91-E.Ponder). PENALTY on SEA-75-A.Bradford, Offensive Offside, 4 yards, enforced at NE 46 - No Play.",SEA,NE,NOPL,9,2,4,54,0,7,3,3,4,1,54,3,0,0,0,0,0,0,,0,,,,,0,0,,,,,,,,,SEA,00-0039020,Offensive Offside,-4,NA,,,,,,,0,,,,,,,0,,,,0,,,0,,,,0,,,0,,-1.068,,0,
7019,1153397,"(4:45) 4-M.Dickson punts 42 yards to NE 8, Center-41-C.Stoll, out of bounds.",SEA,NE,PUNT,6,2,4,45,0,7,3,3,4,5,50,3,0,1,0,0,0,0,,0,,,,,0,0,,,,,,,,,,,,,,,,,,,,0,,,,,,,0,00-0034160,42,42,0,,0,0,,,,0,,,0,,0.083,,0,
7019,1153398,(4:39) 38-R.Stevenson left tackle to NE 12 for 4 yards (7-U.Nwosu).,NE,SEA,RUSH,37,2,4,39,7,0,3,3,1,10,8,1,4,0,0,0,0,0,00-0036875,0,LT,00-0034350,,,0,0,,,,,,,,,,,,,,,,,,,,0,,,,,,,0,,,,0,,,0,,,,0,,,0,,-0.184,,0,5
7019,1153399,(4:02) (Shotgun) 10-D.Maye pass short middle to 85-H.Henry to NE 15 for 3 yards (7-U.Nwosu).,NE,SEA,PASS,44,2,4,2,7,0,3,3,2,6,12,1,3,0,0,1,0,0,,0,,,,00-0039851,1,0,SM,00-0033090,,-6,00-0034350,,,,,,,,,,,,,,,0,,,,,,,0,,,,0,,,0,,,,0,,,0,,-0.116,00-0039851,0,5
7019,1153400,(3:18) (Shotgun) 10-D.Maye pass short left to 1-A.Brown to NE 29 for 14 yards (28-N.Pritchett).,NE,SEA,PASS,33,2,3,18,7,0,3,3,3,3,15,1,14,1,1,1,0,0,,0,,,,00-0039851,1,0,SL,00-0035676,,7,00-0039795,,,,,,,,,,,,,,,0,,,,,,,0,,,,0,,,0,,,,0,,,0,,1.572,00-0039851,0,5
7019,1153401,(2:45) 9-C.Kiner left tackle to NE 30 for 1 yard (13-E.Jones; 32-D.Thomas).,NE,SEA,RUSH,45,2,2,45,7,0,3,3,1,10,29,2,1,0,0,0,0,0,00-0040556,0,LT,00-0036994,00-0038922,,0,0,,,,,,,,,,,,,,,,,,,,0,,,,,,,0,,,,0,,,0,,,,0,,,0,,-0.497,,0,4
7019,1153402,(2:00) (Shotgun) 10-D.Maye scrambles left tackle ran ob at NE 46 for 16 yards (13-E.Jones).,NE,SEA,RUSH,8,2,2,0,7,0,3,3,2,9,30,2,16,1,1,1,0,0,00-0039851,0,LT,00-0036994,,,0,0,,,,,,,,,,,,,,,,,,,,0,,,,,,,0,,,,0,,,0,,,,0,,,0,,1.209,00-0039851,1,5
7019,1153403,(1:52) (Shotgun) 10-D.Maye pass incomplete deep right to 3-D.Douglas [32-D.Thomas].,NE,SEA,PASS,6,2,1,52,7,0,3,3,1,10,46,3,0,0,0,1,0,0,,0,,,,00-0039851,0,0,DR,00-0038621,,20,,,,,,,,,,,,,,,,0,,,,,,,0,,,,0,,,0,,,,0,,,0,,-0.366,00-0039851,0,5
7019,1153404,(1:46) (Shotgun) 10-D.Maye pass short left to 38-R.Stevenson to SEA 49 for 5 yards (32-D.Thomas; 29-J.Jobe).,NE,SEA,PASS,43,2,1,46,7,0,3,3,2,10,46,3,5,1,0,1,0,0,,0,,,,00-0039851,1,0,SL,00-0036875,,-5,00-0038922,00-0037137,,,,,,,,,,,,,,0,,,,,,,0,,,,0,,,0,,,,0,,,0,,0.149,00-0039851,1,5
7019,1153405,(1:03) (Shotgun) 38-R.Stevenson left guard to SEA 47 for 2 yards (13-E.Jones; 99-L.Williams).,NE,SEA,RUSH,6,2,1,3,7,0,3,3,3,5,51,3,2,0,0,1,0,0,00-0036875,0,LG,00-0036994,00-0031933,,0,0,,,,,,,,,,,,,,,,,,,,0,,,,,,,0,,,,0,,,0,,,,0,,,0,,-1.065,,0,5
7019,1153406,Timeout #1 by SEA at 00:57.,NA,NA,NOPL,0,2,0,57,0,0,0,0,0,0,NA,1,0,0,0,0,0,0,,0,,,,,0,0,,,,,,,,,,,,,,,,,,,,0,,,,,,,0,,,,0,,,0,,,,0,,,0,,0,,0,
7019,1153407,"(:57) 19-M.Wishnowsky punts 40 yards to SEA 7, Center-47-J.Ashby, fair catch by 22-R.Shaheed.",NE,SEA,PUNT,7,2,0,57,7,0,3,2,4,3,53,3,0,0,0,0,0,0,,0,,,,,0,0,,,,,,,,,,,,,,,,,,,,0,,,,,,,0,00-0034941,40,40,0,00-0037545,0,1,,,,0,,,0,,-0.579,,0,
7019,1153408,(:50) (Shotgun) 36-G.Holani right tackle to SEA 11 for 4 yards (4-C.Woodson).,SEA,NE,RUSH,5,2,0,50,0,7,2,3,1,10,7,1,4,0,0,1,0,0,00-0039299,0,RT,00-0040716,,,0,0,,,,,,,,,,,,,,,,,,,,0,,,,,,,0,,,,0,,,0,,,,0,,,0,,-0.017,,0,5
7019,1153409,Timeout #1 by NE at 00:45.,NA,NA,NOPL,0,2,0,45,0,0,0,0,0,0,NA,1,0,0,0,0,0,0,,0,,,,,0,0,,,,,,,,,,,,,,,,,,,,0,,,,,,,0,,,,0,,,0,,,,0,,,0,,0,,0,
7019,1153410,(:45) 36-G.Holani right end to SEA 12 for 1 yard (7-C.Davis).,SEA,NE,RUSH,6,2,0,45,0,7,2,2,2,6,11,1,1,0,0,0,0,0,00-0039299,0,RE,00-0034778,,,0,0,,,,,,,,,,,,,,,,,,,,0,,,,,,,0,,,,0,,,0,,,,0,,,0,,-0.108,,0,5
7019,1153411,Timeout #2 by NE at 00:39.,NA,NA,NOPL,0,2,0,39,0,0,0,0,0,0,NA,1,0,0,0,0,0,0,,0,,,,,0,0,,,,,,,,,,,,,,,,,,,,0,,,,,,,0,,,,0,,,0,,,,0,,,0,,0,,0,
7019,1153412,(:39) (Shotgun) 2-D.Lock pass short right to 11-J.Smith-Njigba to SEA 18 for 6 yards (53-C.Elliss).,SEA,NE,PASS,6,2,0,39,0,7,2,1,3,5,12,1,6,1,1,1,0,0,,0,,,,00-0035704,1,0,SR,00-0038543,,6,00-0036813,,,,,,,,,,,,,,,0,,,,,,,0,,,,0,,,0,,,,0,,,0,,0.369,00-0035704,0,5
7019,1153413,Timeout #2 by SEA at 00:33.,NA,NA,NOPL,0,2,0,33,0,0,0,0,0,0,NA,1,0,0,0,0,0,0,,0,,,,,0,0,,,,,,,,,,,,,,,,,,,,0,,,,,,,0,,,,0,,,0,,,,0,,,0,,0,,0,
7019,1153414,(:33) (Shotgun) 2-D.Lock pass short left to 88-A.Barner to SEA 22 for 4 yards (0-C.Gonzalez).,SEA,NE,PASS,9,2,0,33,0,7,1,1,1,10,18,1,4,0,0,1,0,0,,0,,,,00-0035704,1,0,SL,00-0039793,,-3,00-0039147,,,,,,,,,,,,,,,0,,,,,,,0,,,,0,,,0,,,,0,,,0,,-0.116,00-0035704,0,5
7019,1153415,Timeout #3 by SEA at 00:24.,NA,NA,NOPL,0,2,0,24,0,0,0,0,0,0,NA,1,0,0,0,0,0,0,,0,,,,,0,0,,,,,,,,,,,,,,,,,,,,0,,,,,,,0,,,,0,,,0,,,,0,,,0,,0,,0,
7019,1153416,(:24) (Shotgun) 2-D.Lock pass incomplete short right to 36-G.Holani. The penalty was assisted by replay.,SEA,NE,PASS,7,2,0,24,0,7,0,1,2,6,22,2,0,0,0,1,0,0,,0,,,,00-0035704,0,0,SR,00-0039299,,6,,,,,,,,,,,,,,,,0,,,,,,,0,,,,0,,,0,,,,0,,,0,,-0.034,00-0035704,1,5
7019,1153417,(:17) (Shotgun) 36-G.Holani left guard to SEA 26 for 4 yards (90-C.Barmore).,SEA,NE,RUSH,17,2,0,17,0,7,0,1,3,6,22,2,4,0,0,1,0,0,00-0039299,0,LG,00-0036981,,,0,0,,,,,,,,,,,,,,,,,,,,0,,,,,,,0,,,,0,,,0,,,,0,,,0,,-0.042,,0,5
7019,1153418,5-J.Myers kicks 65 yards from SEA 35 to NE 0. 18-K.Williams pushed ob at NE 29 for 29 yards (87-M.Foster).,NE,SEA,KOFF,7,3,15,0,7,0,3,3,0,0,65,4,0,1,0,0,0,0,,0,,,,,0,0,,,,,,,,,,,,,,,,,,,,0,,,,,,,0,,,,0,,,0,00-0031492,65,36,0,00-0040131,29,0,,0.312,,0,
7019,1153419,(14:53) 10-D.Maye pass short right to 85-H.Henry to NE 42 for 13 yards (20-J.Love).,NE,SEA,PASS,35,3,14,53,7,0,3,3,1,10,29,2,13,1,1,0,0,0,,0,,,,00-0039851,1,0,SR,00-0033090,,13,00-0034974,,,,,,,,,,,,,,,0,,,,,,,0,,,,0,,,0,,,,0,,,0,,0.817,00-0039851,0,5
7019,1153420,(14:18) (Shotgun) 10-D.Maye pass incomplete short right.,NE,SEA,PASS,7,3,14,18,7,0,3,3,1,10,42,3,0,0,0,1,0,0,,0,,,,00-0039851,0,0,SR,,,1,,,,,,,,,,,,,,,,0,,,,,,,0,,,,0,,,0,,,,0,,,0,,-0.526,00-0039851,1,5
7019,1153421,(14:11) (Shotgun) 38-R.Stevenson up the middle to NE 48 for 6 yards (21-D.Witherspoon; 32-D.Thomas).,NE,SEA,RUSH,41,3,14,11,7,0,3,3,2,10,42,3,6,1,0,1,0,0,00-0036875,0,RM,00-0039169,00-0038922,,0,0,,,,,,,,,,,,,,,,,,,,0,,,,,,,0,,,,0,,,0,,,,0,,,0,,0.014,,0,5
7019,1153422,(13:30) (Shotgun) 10-D.Maye pass incomplete short left to 1-A.Brown (28-N.Pritchett). NE-1-A.Brown was injured during the play.,NE,SEA,PASS,4,3,13,30,7,0,3,3,3,4,48,3,0,0,0,1,0,0,,0,,,,00-0039851,0,0,SL,00-0035676,00-0039795,7,,,,,,,,,,,,,,,,0,,,,,,,0,,,,0,,,0,,,,0,,,0,,-1.862,00-0039851,1,5
7019,1153423,"(13:26) 19-M.Wishnowsky punts 38 yards to SEA 14, Center-47-J.Ashby, fair catch by 22-R.Shaheed. PENALTY on SEA-44-C.Surratt, Roughing the Kicker, 15 yards, enforced at NE 48 - No Play.",NE,SEA,NOPL,6,3,13,26,7,0,3,3,4,4,48,3,0,1,1,0,0,0,,0,,,,,0,0,,,,,,,,,SEA,00-0037003,Roughing the Kicker,15,NA,,,,,,,0,,,,,,,0,,,,0,,,0,,,,0,,,0,,3.929,,0,
7019,1153424,(13:20) 38-R.Stevenson left end to SEA 37 for no gain (13-E.Jones).,NE,SEA,RUSH,39,3,13,20,7,0,3,3,1,10,63,4,0,0,0,0,0,0,00-0036875,0,LE,00-0036994,,,0,0,,,,,,,,,,,,,,,,,,,,0,,,,,,,0,,,,0,,,0,,,,0,,,0,,-0.568,,0,4
7019,1153425,(12:41) (Shotgun) 10-D.Maye pass incomplete short left to 38-R.Stevenson (7-U.Nwosu). The incomplete pass was assisted by replay.,NE,SEA,PASS,3,3,12,41,7,0,3,3,2,10,63,4,0,0,0,1,0,0,,0,,,,00-0039851,0,0,SL,00-0036875,00-0034350,-5,,,,,,,,,,,,,,,,0,,,,,,,0,,,,0,,,0,,,,0,,,0,,-0.846,00-0039851,0,5
7019,1153426,(12:38) (Shotgun) 10-D.Maye pass short right to 38-R.Stevenson to SEA 32 for 5 yards (20-J.Love; 21-D.Witherspoon).,NE,SEA,PASS,45,3,12,38,7,0,3,3,3,10,63,4,5,0,0,1,0,0,,0,,,,00-0039851,1,0,SR,00-0036875,,-5,00-0034974,00-0039169,,,,,,,,,,,,,,0,,,,,,,0,,,,0,,,0,,,,0,,,0,,-0.686,00-0039851,0,5
7019,1153427,"(11:53) 8-A.Borregales 50 yard field goal is GOOD, Center-47-J.Ashby, Holder-19-M.Wishnowsky.",NE,SEA,FGXP,4,3,11,53,7,0,3,3,4,5,68,4,0,1,0,0,0,3,,0,,,,,0,0,,,,,,,,,,,,,,,,,,,,0,,,,FG,00-0040200,50,1,,,,0,,,0,,,,0,,,0,,1.647,,0,
7019,1153428,8-A.Borregales kicks 66 yards from NE 35 to SEA -1. 22-R.Shaheed to SEA 29 for 30 yards (48-N.Obiazor).,SEA,NE,KOFF,5,3,11,49,0,10,3,3,0,0,65,4,0,1,0,0,0,0,,0,,,,,0,0,,,,,,,,,,,,,,,,,,,,0,,,,,,,0,,,,0,,,0,00-0040200,66,36,0,00-0037545,30,0,,0.309,,0,
7019,1153429,(11:44) 2-D.Lock pass short middle to 38-B.Russell to SEA 42 for 13 yards (14-R.Spillane).,SEA,NE,PASS,42,3,11,44,0,10,3,3,1,10,29,2,13,1,1,0,0,0,,0,,,,00-0035704,1,0,SM,00-0038488,,6,00-0034720,,,,,,,,,,,,,,,0,,,,,,,0,,,,0,,,0,,,,0,,,0,,0.749,00-0035704,0,5
7019,1153430,(11:02) 8-J.Price left end to SEA 39 for -3 yards (50-G.Jacas).,SEA,NE,RUSH,41,3,11,2,0,10,3,3,1,10,42,3,-3,0,0,0,0,0,00-0041512,0,LE,00-0041569,,,0,0,,,,,,,,,,,,,,,,,,,,0,,,,,,,0,,,,0,,,0,,,,0,,,0,,-1.034,,0,5
7019,1153431,(10:21) (Shotgun) 2-D.Lock pass incomplete short middle to 22-R.Shaheed.,SEA,NE,PASS,3,3,10,21,0,10,3,3,2,13,39,2,0,0,0,1,0,0,,0,,,,00-0035704,0,0,SM,00-0037545,,13,,,,,,,,,,,,,,,,0,,,,,,,0,,,,0,,,0,,,,0,,,0,,-0.987,00-0035704,0,5
7019,1153432,"(10:18) (Shotgun) PENALTY on NE-97-M.Williams, Encroachment, 5 yards, enforced at SEA 39 - No Play.",SEA,NE,NOPL,0,3,10,18,0,10,3,3,3,13,39,2,0,1,0,1,0,0,,0,,,,,0,0,,,,,,,,,NE,00-0036916,Encroachment,5,NA,,,,,,,0,,,,,,,0,,,,0,,,0,,,,0,,,0,,0.759,,0,
7019,1153433,(10:18) (Shotgun) 2-D.Lock pass short middle to 22-R.Shaheed to SEA 48 for 4 yards (14-R.Spillane) [5-D.Jones].,SEA,NE,PASS,41,3,10,18,0,10,3,3,3,8,44,3,4,0,0,1,0,0,,0,,,,00-0035704,1,0,SM,00-0037545,,2,00-0034720,,,,,,,,,,,,,,,0,,,,,,,0,,,,0,,,0,,,,0,,,0,,-1.061,00-0035704,0,5
7019,1153434,"(9:37) 4-M.Dickson punts 46 yards to NE 6, Center-41-C.Stoll, downed by SEA-33-V.Jones.",SEA,NE,PUNT,8,3,9,37,0,10,3,3,4,4,48,3,0,1,0,0,0,0,,0,,,,,0,0,,,,,,,,,,,,,,,,,,,,0,,,,,,,0,00-0034160,46,46,0,,0,0,,,,0,,,0,,0.109,,0,
7019,1153435,(9:29) 38-R.Stevenson up the middle to NE 4 for -2 yards (20-J.Love).,NE,SEA,RUSH,35,3,9,29,10,0,3,3,1,10,6,1,-2,0,0,0,0,0,00-0036875,0,RM,00-0034974,,,0,0,,,,,,,,,,,,,,,,,,,,0,,,,,,,0,,,,0,,,0,,,,0,,,0,,-1.193,,0,5
7019,1153436,(8:54) (Shotgun) 10-D.Maye pass short right to 3-D.Douglas to NE 5 for 1 yard (24-R.Thomas).,NE,SEA,PASS,43,3,8,54,10,0,3,3,2,12,4,1,1,0,0,1,0,0,,0,,,,00-0039851,1,0,SR,00-0038621,,1,00-0037323,,,,,,,,,,,,,,,0,,,,,,,0,,,,0,,,0,,,,0,,,0,,-0.403,00-0039851,0,5
7019,1153437,(8:11) (Shotgun) 10-D.Maye pass short middle to 38-R.Stevenson to NE 11 for 6 yards (13-E.Jones).,NE,SEA,PASS,48,3,8,11,10,0,3,3,3,11,5,1,6,0,0,1,0,0,,0,,,,00-0039851,1,0,SM,00-0036875,,5,00-0036994,,,,,,,,,,,,,,,0,,,,,,,0,,,,0,,,0,,,,0,,,0,,-0.496,00-0039851,1,5
7019,1153438,"(7:23) (Punt formation) PENALTY on NE, Delay of Game, 5 yards, enforced at NE 11 - No Play.",NE,SEA,NOPL,18,3,7,23,10,0,3,3,4,5,11,1,0,0,0,0,0,0,,0,,,,,0,0,,,,,,,,,NE,,Delay of Game,-5,NA,,,,,,,0,,,,,,,0,,,,0,,,0,,,,0,,,0,,-0.324,,0,
7019,1153439,"(7:05) 19-M.Wishnowsky punts 46 yards to SEA 48, Center-47-J.Ashby. 22-R.Shaheed to NE 43 for 9 yards (48-N.Obiazor; 91-E.Ponder).",NE,SEA,PUNT,12,3,7,5,10,0,3,3,4,10,6,1,0,0,0,0,0,0,,0,,,,,0,0,,,,,,,,,,,,,,,,,,,,0,,,,,,,0,00-0034941,46,37,0,00-0037545,9,0,,,,0,,,0,,-0.599,,0,
7019,1153440,(6:53) (Shotgun) 2-D.Lock pass short right to 8-J.Price to NE 39 for 4 yards (53-C.Elliss).,SEA,NE,PASS,41,3,6,53,0,10,3,3,1,10,57,3,4,0,0,1,0,0,,0,,,,00-0035704,1,0,SR,00-0041512,,4,00-0036813,,,,,,,,,,,,,,,0,,,,,,,0,,,,0,,,0,,,,0,,,0,,-0.281,00-0035704,1,5
7019,1153441,Timeout #1 by SEA at 06:12.,NA,NA,NOPL,0,3,6,12,0,0,0,0,0,0,NA,1,0,0,0,0,0,0,,0,,,,,0,0,,,,,,,,,,,,,,,,,,,,0,,,,,,,0,,,,0,,,0,,,,0,,,0,,0,,0,
7019,1153442,(6:12) (Shotgun) 2-D.Lock pass short left to 8-J.Price pushed ob at NE 37 for 2 yards (14-R.Spillane).,SEA,NE,PASS,36,3,6,12,0,10,2,3,2,6,61,4,2,0,0,1,0,0,,0,,,,00-0035704,1,0,SL,00-0041512,,-5,00-0034720,,,,,,,,,,,,,,,0,,,,,,,0,,,,0,,,0,,,,0,,,0,,-0.417,00-0035704,0,5
7019,1153443,(5:36) (Shotgun) 2-D.Lock pass deep right to 10-C.Kupp to NE 13 for 24 yards (25-M.Jones) [90-C.Barmore].,SEA,NE,PASS,46,3,5,36,0,10,2,3,3,4,63,4,24,1,1,1,0,0,,0,,,,00-0035704,1,0,DR,00-0033908,,22,00-0037253,,,,,,,,,,,,,,,0,,,,,,,0,,,,0,,,0,,,,0,,,0,,2.553,00-0035704,0,5
7019,1153444,(4:50) (Shotgun) 36-G.Holani up the middle to NE 11 for 2 yards (97-M.Williams).,SEA,NE,RUSH,38,3,4,50,0,10,2,3,1,10,87,5,2,0,0,1,0,0,00-0039299,0,RM,00-0036916,,,0,0,,,,,,,,,,,,,,,,,,,,0,,,,,,,0,,,,0,,,0,,,,0,,,0,,-0.451,,0,5
7019,1153445,(4:12) (Shotgun) 36-G.Holani right end to NE 7 for 4 yards (50-G.Jacas).,SEA,NE,RUSH,47,3,4,12,0,10,2,3,2,8,89,5,4,0,0,1,0,0,00-0039299,0,RE,00-0041569,,,0,0,,,,,,,,,,,,,,,,,,,,0,,,,,,,0,,,,0,,,0,,,,0,,,0,,-0.193,,0,5
7019,1153446,"(3:25) (Shotgun) 2-D.Lock pass short left to 10-C.Kupp for 7 yards, TOUCHDOWN NULLIFIED by Penalty. PENALTY on SEA, Illegal Shift, 5 yards, enforced at NE 7 - No Play.",SEA,NE,NOPL,4,3,3,25,0,10,2,3,3,4,93,5,0,0,0,1,0,0,,0,,,,00-0035704,0,0,,,,0,,,,,SEA,,Illegal Shift,-5,NA,,,,,,,0,,,,,,,0,,,,0,,,0,,,,0,,,0,,-0.613,00-0035704,0,4
7019,1153447,(3:21) (Shotgun) 2-D.Lock pass incomplete short left to 11-J.Smith-Njigba [5-D.Jones].,SEA,NE,PASS,5,3,3,21,0,10,2,3,3,9,88,5,0,0,0,1,0,0,,0,,,,00-0035704,0,0,SL,00-0038543,,12,,,,,,,,,,,,,,,,0,,,,,,,0,,,,0,,,0,,,,0,,,0,,-1.078,00-0035704,0,5
7019,1153448,"(3:16) 5-J.Myers 30 yard field goal is GOOD, Center-41-C.Stoll, Holder-4-M.Dickson.",SEA,NE,FGXP,3,3,3,16,0,10,2,3,4,9,88,5,0,1,0,0,0,3,,0,,,,,0,0,,,,,,,,,,,,,,,,,,,,0,,,,FG,00-0031492,30,1,,,,0,,,0,,,,0,,,0,,0.168,,0,
7019,1153449,5-J.Myers kicks 62 yards from SEA 35 to NE 3. 18-K.Williams to NE 32 for 29 yards (52-P.O'Connell; 44-C.Surratt).,NE,SEA,KOFF,7,3,3,13,10,3,3,2,0,0,65,4,0,1,0,0,0,0,,0,,,,,0,0,,,,,,,,,,,,,,,,,,,,0,,,,,,,0,,,,0,,,0,00-0031492,62,33,0,00-0040131,29,0,,0.509,,0,
7019,1153450,"(3:06) PENALTY on NE-76-M.Moses, False Start, 5 yards, enforced at NE 32 - No Play.",NE,SEA,NOPL,0,3,3,6,10,3,3,2,1,10,32,2,0,0,0,0,0,0,,0,,,,,0,0,,,,,,,,,NE,00-0031330,False Start,-5,NA,,,,,,,0,,,,,,,0,,,,0,,,0,,,,0,,,0,,-0.726,,0,
7019,1153451,(3:06) 10-D.Maye pass short left to 38-R.Stevenson pushed ob at NE 44 for 17 yards (13-E.Jones).,NE,SEA,PASS,37,3,3,6,10,3,3,2,1,15,27,2,17,1,1,0,0,0,,0,,,,00-0039851,1,0,SL,00-0036875,,-1,00-0036994,,,,,,,,,,,,,,,0,,,,,,,0,,,,0,,,0,,,,0,,,0,,1.478,00-0039851,0,5
7019,1153452,(2:29) 38-R.Stevenson right guard to NE 45 for 1 yard (32-D.Thomas; 7-U.Nwosu).,NE,SEA,RUSH,41,3,2,29,10,3,3,2,1,10,44,3,1,0,0,0,0,0,00-0036875,0,RG,00-0038922,00-0034350,,0,0,,,,,,,,,,,,,,,,,,,,0,,,,,,,0,,,,0,,,0,,,,0,,,0,,-0.517,,0,4
7019,1153453,"(1:48) (Shotgun) 38-R.Stevenson left end to NE 49 for 4 yards (58-D.Hall; 24-R.Thomas). PENALTY on NE-66-W.Campbell, Illegal Block Above the Waist, 10 yards, enforced at NE 45 - No Play.",NE,SEA,NOPL,22,3,1,48,10,3,3,2,2,9,45,3,0,0,0,1,0,0,,0,,,,,0,0,,,,,,,,,NE,00-0040699,Illegal Block Above the Waist,-10,NA,,,,,,,0,,,,,,,0,,,,0,,,0,,,,0,,,0,,-1.095,,0,4
7019,1153454,(1:26) 10-D.Maye pass short left to 38-R.Stevenson to NE 46 for 11 yards (32-D.Thomas; 13-E.Jones).,NE,SEA,PASS,43,3,1,26,10,3,3,2,2,19,35,2,11,1,0,0,0,0,,0,,,,00-0039851,1,0,SL,00-0036875,,5,00-0038922,00-0036994,,,,,,,,,,,,,,0,,,,,,,0,,,,0,,,0,,,,0,,,0,,0.301,00-0039851,0,5
7019,1153455,(:43) (Shotgun) 10-D.Maye pass short right to 3-D.Douglas to SEA 46 for 8 yards (24-R.Thomas).,NE,SEA,PASS,43,3,0,43,10,3,3,2,3,8,46,3,8,1,1,1,0,0,,0,,,,00-0039851,1,0,SR,00-0038621,,-4,00-0037323,,,,,,,,,,,,,,,0,,,,,,,0,,,,0,,,0,,,,0,,,0,,1.824,00-0039851,0,5
7019,1153456,(15:00) 9-C.Kiner right end pushed ob at SEA 45 for 1 yard (0-D.Lawrence).,NE,SEA,RUSH,33,4,15,0,10,3,3,2,1,10,54,3,1,0,0,0,0,0,00-0040556,0,RE,00-0031411,,,0,0,,,,,,,,,,,,,,,,,,,,0,,,,,,,0,,,,0,,,0,,,,0,,,0,,-0.519,,0,5
7019,1153457,(14:27) 10-D.Maye pass deep left intended for 87-R.Doubs INTERCEPTED by 28-N.Pritchett (24-R.Thomas) at SEA 3. 28-N.Pritchett to SEA 33 for 30 yards (55-J.Wilson).,NE,SEA,PASS,15,4,14,27,10,3,3,2,2,9,55,3,0,0,0,0,0,0,,0,,,,00-0039851,0,0,DL,00-0037816,00-0037323,42,00-0040147,,,,,,,,,00-0039795,30,,,,,0,,,,,,,0,,,,0,,,0,,,,0,,,0,,-3.892,00-0039851,0,5
7019,1153458,(14:12) 2-D.Lock pass short right to 11-J.Smith-Njigba pushed ob at SEA 46 for 13 yards (31-K.Byard) [5-D.Jones].,SEA,NE,PASS,31,4,14,12,3,10,2,3,1,10,33,2,13,1,1,0,0,0,,0,,,,00-0035704,1,0,SR,00-0038543,,13,00-0033132,,,,,,,,,,,,,,,0,,,,,,,0,,,,0,,,0,,,,0,,,0,,0.919,00-0035704,0,5
7019,1153459,(13:41) 8-J.Price left end to NE 49 for 5 yards (4-C.Woodson).,SEA,NE,RUSH,37,4,13,41,3,10,2,3,1,10,46,3,5,0,0,0,0,0,00-0041512,0,LE,00-0040716,,,0,0,,,,,,,,,,,,,,,,,,,,0,,,,,,,0,,,,0,,,0,,,,0,,,0,,-0.069,,0,5
7019,1153460,(13:04) 8-J.Price left tackle to NE 45 for 4 yards (5-D.Jones; 31-K.Byard).,SEA,NE,RUSH,44,4,13,4,3,10,2,3,2,5,51,3,4,1,0,0,0,0,00-0041512,0,LT,00-0035678,00-0033132,,0,0,,,,,,,,,,,,,,,,,,,,0,,,,,,,0,,,,0,,,0,,,,0,,,0,,0.175,,0,5
7019,1153461,(12:20) 74-J.Jones reported in as eligible. 23-E.Wilson right guard to NE 45 for no gain (97-M.Williams).,SEA,NE,RUSH,42,4,12,20,3,10,2,3,3,1,55,3,0,0,0,0,0,0,00-0038797,0,RG,00-0036916,,,0,0,,,,,,,,,,,,,,,,,,,,0,,,,,,,0,,,,0,,,0,,,,0,,,0,,-1.588,,0,4
7019,1153462,"(11:38) 2-D.Lock pass short left to 11-J.Smith-Njigba for 45 yards, TOUCHDOWN.",SEA,NE,PASS,10,4,11,38,3,10,2,3,4,1,55,3,45,1,1,0,0,6,,0,,,,00-0035704,1,0,SL,00-0038543,,4,,,,,,,,,,,,,,,,0,,,,,,,0,,,,0,,,0,,,,0,,,1,REC,6.136,00-0035704,0,4
7019,1153463,"5-J.Myers extra point is GOOD, Center-41-C.Stoll, Holder-4-M.Dickson.",SEA,NE,FGXP,0,4,11,28,9,10,2,3,0,0,85,5,0,1,0,0,0,1,,0,,,,,0,0,,,,,,,,,,,,,,,,,,,,0,,,,XP,00-0031492,33,1,,,,0,,,0,,,,0,,,0,,0.068,,0,
7019,1153464,"5-J.Myers kicks 63 yards from SEA 35 to NE 2. 34-L.Larison to NE 25 for 23 yards (44-C.Surratt). PENALTY on NE-50-G.Jacas, Illegal Block Above the Waist, 10 yards, enforced at NE 24.",NE,SEA,KOFF,5,4,11,28,10,10,3,2,0,0,65,4,0,0,0,0,0,0,,0,,,,,0,0,,,,,,,,,NE,00-0041569,Illegal Block Above the Waist,-10,NA,,,,,,,0,,,,,,,0,,,,0,,,0,00-0031492,63,41,0,00-0040568,22,0,,-0.793,,0,
7019,1153465,(11:23) 38-R.Stevenson up the middle to NE 21 for 7 yards (90-J.Reed).,NE,SEA,RUSH,34,4,11,23,10,10,3,2,1,10,14,1,7,1,0,0,0,0,00-0036875,0,RM,00-0032387,,,0,0,,,,,,,,,,,,,,,,,,,,0,,,,,,,0,,,,0,,,0,,,,0,,,0,,0.373,,0,4
7019,1153466,(10:49) 38-R.Stevenson left tackle to NE 26 for 5 yards (32-D.Thomas).,NE,SEA,RUSH,38,4,10,49,10,10,3,2,2,3,21,2,5,1,1,0,0,0,00-0036875,0,LT,00-0038922,,,0,0,,,,,,,,,,,,,,,,,,,,0,,,,,,,0,,,,0,,,0,,,,0,,,0,,0.473,,0,4
7019,1153467,(10:11) 38-R.Stevenson up the middle to NE 22 for -4 yards (91-B.Murphy).,NE,SEA,RUSH,39,4,10,11,10,10,3,2,1,10,26,2,-4,0,0,0,0,0,00-0036875,0,RM,00-0039309,,,0,0,,,,,,,,,,,,,,,,,,,,0,,,,,,,0,,,,0,,,0,,,,0,,,0,,-1.263,,0,4
7019,1153468,(9:32) (Shotgun) 10-D.Maye pass incomplete deep right to 87-R.Doubs.,NE,SEA,PASS,7,4,9,32,10,10,3,2,2,14,22,2,0,0,0,1,0,0,,0,,,,00-0039851,0,0,DR,00-0037816,,22,,,,,,,,,,,,,,,,0,,,,,,,0,,,,0,,,0,,,,0,,,0,,-0.756,00-0039851,1,5
7019,1153469,(9:25) (Shotgun) 10-D.Maye pass deep middle intended for 3-D.Douglas INTERCEPTED by 20-J.Love at NE 47. 20-J.Love to NE 47 for no gain (3-D.Douglas).,NE,SEA,PASS,5,4,9,25,10,10,3,2,3,14,22,2,0,0,0,1,0,0,,0,,,,00-0039851,0,0,DM,00-0038621,00-0034974,25,00-0038621,,,,,,,,,00-0034974,0,,,,,0,,,,,,,0,,,,0,,,0,,,,0,,,0,,-1.917,00-0039851,1,5
7019,1153470,(9:20) 8-J.Price right end to NE 43 for 4 yards (4-C.Woodson).,SEA,NE,RUSH,43,4,9,20,10,10,2,3,1,10,53,3,4,0,0,0,0,0,00-0041512,0,RE,00-0040716,,,0,0,,,,,,,,,,,,,,,,,,,,0,,,,,,,0,,,,0,,,0,,,,0,,,0,,-0.246,,0,5
7019,1153471,(8:37) 2-D.Lock pass short right to 88-A.Barner pushed ob at NE 34 for 9 yards (53-C.Elliss).,SEA,NE,PASS,26,4,8,37,10,10,2,3,2,6,57,3,9,1,1,0,0,0,,0,,,,00-0035704,1,0,SR,00-0039793,,2,00-0036813,,,,,,,,,,,,,,,0,,,,,,,0,,,,0,,,0,,,,0,,,0,,0.993,00-0035704,0,4
7019,1153472,(8:11) 2-D.Lock pass short left to 11-J.Smith-Njigba pushed ob at NE 23 for 11 yards (24-D.Pettus).,SEA,NE,PASS,40,4,8,11,10,10,2,3,1,10,66,4,11,1,1,0,0,0,,0,,,,00-0035704,1,0,SL,00-0038543,,4,00-0039692,,,,,,,,,,,,,,,0,,,,,,,0,,,,0,,,0,,,,0,,,0,,0.884,00-0035704,0,5
7019,1153473,(7:31) (Shotgun) 2-D.Lock pass short right to 10-C.Kupp to NE 12 for 11 yards (7-C.Davis).,SEA,NE,PASS,49,4,7,31,10,10,2,3,1,10,77,4,11,1,1,1,0,0,,0,,,,00-0035704,1,0,SR,00-0033908,,8,00-0034778,,,,,,,,,,,,,,,0,,,,,,,0,,,,0,,,0,,,,0,,,0,,0.566,00-0035704,0,5
7019,1153474,"(6:42) PENALTY on SEA-75-A.Bradford, False Start, 5 yards, enforced at NE 12 - No Play.",SEA,NE,NOPL,0,4,6,42,10,10,2,3,1,10,88,5,0,0,0,0,0,0,,0,,,,,0,0,,,,,,,,,SEA,00-0039020,False Start,-5,NA,,,,,,,0,,,,,,,0,,,,0,,,0,,,,0,,,0,,-0.667,,0,
7019,1153475,(6:42) 2-D.Lock scrambles left tackle pushed ob at NE 3 for 14 yards (25-M.Jones).,SEA,NE,RUSH,43,4,6,42,10,10,2,3,1,15,83,5,14,1,0,0,0,0,00-0035704,0,LT,00-0037253,,,0,0,,,,,,,,,,,,,,,,,,,,0,,,,,,,0,,,,0,,,0,,,,0,,,0,,1.734,00-0035704,0,5
7019,1153476,"(5:59) PENALTY on SEA, Delay of Game, 5 yards, enforced at NE 3 - No Play.",SEA,NE,NOPL,0,4,5,59,10,10,2,3,2,1,97,5,0,0,0,0,0,0,,0,,,,,0,0,,,,,,,,,SEA,,Delay of Game,-5,NA,,,,,,,0,,,,,,,0,,,,0,,,0,,,,0,,,0,,-1.16,,0,
7019,1153477,(5:59) (Shotgun) 2-D.Lock pass incomplete short right to 11-J.Smith-Njigba (0-C.Gonzalez).,SEA,NE,PASS,3,4,5,59,10,10,2,3,2,6,92,5,0,0,0,1,0,0,,0,,,,00-0035704,0,0,SR,00-0038543,00-0039147,2,,,,,,,,,,,,,,,,0,,,,,,,0,,,,0,,,0,,,,0,,,0,,-0.796,00-0035704,0,5
7019,1153478,(5:56) (Shotgun) 2-D.Lock pass incomplete short left to 11-J.Smith-Njigba.,SEA,NE,PASS,3,4,5,56,10,10,2,3,3,6,92,5,0,0,0,1,0,0,,0,,,,00-0035704,0,0,SL,00-0038543,,2,,,,,,,,,,,,,,,,0,,,,,,,0,,,,0,,,0,,,,0,,,0,,-1.046,00-0035704,0,5
7019,1153479,"(5:53) 5-J.Myers 26 yard field goal is GOOD, Center-41-C.Stoll, Holder-4-M.Dickson.",SEA,NE,FGXP,3,4,5,53,10,10,2,3,4,6,92,5,0,1,0,0,0,3,,0,,,,,0,0,,,,,,,,,,,,,,,,,,,,0,,,,FG,00-0031492,26,1,,,,0,,,0,,,,0,,,0,,0.08,,0,
7019,1153480,5-J.Myers kicks 65 yards from SEA 35 to NE 0. 34-L.Larison to NE 27 for 27 yards (57-C.O'Toole; 38-B.Russell).,NE,SEA,KOFF,5,4,5,50,10,13,3,2,0,0,65,4,0,1,0,0,0,0,,0,,,,,0,0,,,,,,,,,,,,,,,,,,,,0,,,,,,,0,,,,0,,,0,00-0031492,65,38,0,00-0040568,27,0,,0.05,,0,
7019,1153481,"(5:45) 38-R.Stevenson left tackle to NE 33 for 6 yards (20-J.Love). PENALTY on NE-66-W.Campbell, Offensive Holding, 10 yards, enforced at NE 27 - No Play.",NE,SEA,NOPL,23,4,5,45,10,13,3,2,1,10,27,2,0,0,0,0,0,0,,0,,,,,0,0,,,,,,,,,NE,00-0040699,Offensive Holding,-10,NA,,,,,,,0,,,,,,,0,,,,0,,,0,,,,0,,,0,,-0.974,,0,5
7019,1153482,(5:22) (Shotgun) 10-D.Maye sacked at NE 16 for -1 yards (99-L.Williams).,NE,SEA,PASS,41,4,5,22,10,13,3,2,1,20,17,1,-1,0,0,1,0,0,,0,,,,,0,0,,,,,,,00-0031933,,,,,,,,,,,,,0,,,,,,,0,,,,0,,,0,,,,0,,,0,,-0.506,00-0039851,0,5
7019,1153483,(4:41) (Shotgun) 10-D.Maye pass deep middle to 13-M.Hollins to NE 35 for 19 yards (24-R.Thomas).,NE,SEA,PASS,46,4,4,41,10,13,3,2,2,21,16,1,19,1,0,1,0,0,,0,,,,00-0039851,1,0,DM,00-0033555,,19,00-0037323,,,,,,,,,,,,,,,0,,,,,,,0,,,,0,,,0,,,,0,,,0,,1.451,00-0039851,1,5
7019,1153484,(3:55) (Shotgun) 10-D.Maye pass incomplete short left to 87-R.Doubs.,NE,SEA,PASS,6,4,3,55,10,13,3,2,3,2,35,2,0,0,0,1,0,0,,0,,,,00-0039851,0,0,SL,00-0037816,,11,,,,,,,,,,,,,,,,0,,,,,,,0,,,,0,,,0,,,,0,,,0,,-1.321,00-0039851,0,5
7019,1153485,(3:49) (Shotgun) 10-D.Maye scrambles right end ran ob at NE 40 for 5 yards (32-D.Thomas).,NE,SEA,RUSH,7,4,3,49,10,13,3,2,4,2,35,2,5,1,1,1,0,0,00-0039851,0,RE,00-0038922,,,0,0,,,,,,,,,,,,,,,,,,,,0,,,,,,,0,,,,0,,,0,,,,0,,,0,,2,00-0039851,0,5
7019,1153486,(3:42) 38-R.Stevenson right guard to SEA 48 for 12 yards (21-D.Witherspoon; 24-R.Thomas).,NE,SEA,RUSH,39,4,3,42,10,13,3,2,1,10,40,3,12,1,1,0,0,0,00-0036875,0,RG,00-0039169,00-0037323,,0,0,,,,,,,,,,,,,,,,,,,,0,,,,,,,0,,,,0,,,0,,,,0,,,0,,0.816,,0,5
7019,1153487,"(3:03) (Shotgun) 10-D.Maye pass incomplete short right. PENALTY on NE-75-A.Vera-Tucker, Ineligible Downfield Pass, 5 yards, enforced at SEA 48 - No Play.",NE,SEA,NOPL,4,4,3,3,10,13,3,2,1,10,52,3,0,0,0,1,0,0,,0,,,,00-0039851,0,0,,,,0,,,,,NE,00-0036979,Ineligible Downfield Pass,-5,NA,,,,,,,0,,,,,,,0,,,,0,,,0,,,,0,,,0,,-0.476,00-0039851,0,5
7019,1153488,(2:59) (Shotgun) 10-D.Maye pass short right to 34-L.Larison to NE 45 for -2 yards (29-J.Jobe).,NE,SEA,PASS,43,4,2,59,10,13,3,2,1,15,47,3,-2,0,0,1,0,0,,0,,,,00-0039851,1,0,SR,00-0040568,,-4,00-0037137,,,,,,,,,,,,,,,0,,,,,,,0,,,,0,,,0,,,,0,,,0,,-0.625,00-0039851,0,5
7019,1153489,(2:16) (Shotgun) 10-D.Maye sacked ob at NE 43 for -2 yards (32-D.Thomas).,NE,SEA,PASS,6,4,2,16,10,13,3,2,2,17,45,3,-2,0,0,1,0,0,,0,,,,,0,0,,,,,,,00-0038922,,,,,,,,,,,,,0,,,,,,,0,,,,0,,,0,,,,0,,,0,,-0.657,00-0039851,0,5
7019,1153490,(2:10) (Shotgun) 10-D.Maye pass short left to 85-H.Henry to SEA 47 for 10 yards (13-E.Jones).,NE,SEA,PASS,10,4,2,10,10,13,3,2,3,19,43,3,10,0,0,1,0,0,,0,,,,00-0039851,1,0,SL,00-0033090,,5,00-0036994,,,,,,,,,,,,,,,0,,,,,,,0,,,,0,,,0,,,,0,,,0,,-0.604,00-0039851,1,5
7019,1153491,Timeout #2 by SEA at 02:00.,NA,NA,NOPL,0,4,2,0,0,0,0,0,0,0,NA,1,0,0,0,0,0,0,,0,,,,,0,0,,,,,,,,,,,,,,,,,,,,0,,,,,,,0,,,,0,,,0,,,,0,,,0,,0,,0,
7019,1153492,(2:00) (Shotgun) 10-D.Maye pass short right to 13-M.Hollins to SEA 36 for 11 yards (13-E.Jones).,NE,SEA,PASS,30,4,2,0,10,13,3,1,4,9,53,3,11,1,1,1,0,0,,0,,,,00-0039851,1,0,SR,00-0033555,,8,00-0036994,,,,,,,,,,,,,,,0,,,,,,,0,,,,0,,,0,,,,0,,,0,,2.425,00-0039851,0,5
7019,1153493,(1:30) 38-R.Stevenson up the middle to SEA 28 for 8 yards (58-D.Hall; 21-D.Witherspoon).,NE,SEA,RUSH,8,4,1,30,10,13,3,1,1,10,64,4,8,0,0,0,0,0,00-0036875,0,RM,00-0039047,00-0039169,,0,0,,,,,,,,,,,,,,,,,,,,0,,,,,,,0,,,,0,,,0,,,,0,,,0,,-0.733,,0,5
7019,1153494,Timeout #3 by SEA at 01:22.,NA,NA,NOPL,0,4,1,22,0,0,0,0,0,0,NA,1,0,0,0,0,0,0,,0,,,,,0,0,,,,,,,,,,,,,,,,,,,,0,,,,,,,0,,,,0,,,0,,,,0,,,0,,0,,0,
7019,1153495,(1:22) 10-D.Maye pass short left to 3-D.Douglas to SEA 27 for 1 yard (28-N.Pritchett).,NE,SEA,PASS,38,4,1,22,10,13,3,0,2,2,72,4,1,1,0,0,0,0,,0,,,,00-0039851,1,0,SL,00-0038621,,1,00-0039795,,,,,,,,,,,,,,,0,,,,,,,0,,,,0,,,0,,,,0,,,0,,0.069,00-0039851,0,5
7019,1153496,Timeout #1 by NE at 00:44.,NA,NA,NOPL,0,4,0,44,0,0,0,0,0,0,NA,1,0,0,0,0,0,0,,0,,,,,0,0,,,,,,,,,,,,,,,,,,,,0,,,,,,,0,,,,0,,,0,,,,0,,,0,,0,,0,
7019,1153497,(:44) 70-G.Van Roten reported in as eligible. 10-D.Maye scrambles left end ran ob at SEA 21 for 6 yards (29-J.Jobe).,NE,SEA,RUSH,6,4,0,44,10,13,2,0,3,1,73,4,6,1,1,0,0,0,00-0039851,0,LE,00-0037137,,,0,0,,,,,,,,,,,,,,,,,,,,0,,,,,,,0,,,,0,,,0,,,,0,,,0,,0.988,00-0039851,0,4
7019,1153498,(:38) (Shotgun) 10-D.Maye sacked at SEA 28 for -7 yards (58-D.Hall).,NE,SEA,PASS,6,4,0,38,10,13,2,0,1,10,79,4,-7,0,0,1,0,0,,0,,,,,0,0,,,,,,,00-0039047,,,,,,,,,,,,,0,,,,,,,0,,,,0,,,0,,,,0,,,0,,-0.886,00-0039851,1,5
7019,1153499,Timeout #2 by NE at 00:32.,NA,NA,NOPL,0,4,0,32,0,0,0,0,0,0,NA,1,0,0,0,0,0,0,,0,,,,,0,0,,,,,,,,,,,,,,,,,,,,0,,,,,,,0,,,,0,,,0,,,,0,,,0,,0,,0,
7019,1153500,(:32) (Shotgun) 10-D.Maye pass short right to 13-M.Hollins pushed ob at SEA 16 for 12 yards (29-J.Jobe).,NE,SEA,PASS,6,4,0,32,10,13,1,0,2,17,72,4,12,1,0,1,0,0,,0,,,,00-0039851,1,0,SR,00-0033555,,10,00-0037137,,,,,,,,,,,,,,,0,,,,,,,0,,,,0,,,0,,,,0,,,0,,0.631,00-0039851,0,5
7019,1153501,(:26) (Shotgun) 10-D.Maye pass deep right intended for 13-M.Hollins INTERCEPTED by 29-J.Jobe [0-D.Lawrence] at SEA -3. Touchback.,NE,SEA,PASS,5,4,0,26,10,13,1,0,3,5,84,5,0,0,0,1,0,0,,0,,,,00-0039851,0,0,DR,00-0033555,00-0037137,16,,,,,,,,,,00-0037137,0,,,,,0,,,,,,,0,,,,0,,,0,,,,0,,,0,,-2.667,00-0039851,0,5
7019,1153502,(:21) 2-D.Lock kneels to SEA 19 for -1 yards.,SEA,NE,RUSH,0,4,0,21,13,10,0,1,1,10,20,2,-1,0,0,0,0,0,00-0035704,1,,,,,0,0,,,,,,,,,,,,,,,,,,,,0,,,,,,,0,,,,0,,,0,,,,0,,,0,,0,,0,
7020,1153503,18-E.Pineiro kicks 65 yards from SF 35 to LA 0. 88-J.Whittington to LA 17 for 17 yards (6-M.Mustapha).,LA,SF,KOFF,6,1,15,0,0,0,3,3,0,0,65,4,0,0,0,0,0,0,,0,,,,,0,0,,,,,,,,,,,,,,,,,,,,0,,,,,,,0,,,,0,,,0,00-0034173,65,48,0,00-0039751,17,0,,-0.544,,0,
7020,1153504,(14:54) (Shotgun) 9-M.Stafford pass incomplete short left to 12-P.Nacua (54-F.Warner) [97-N.Bosa].,LA,SF,PASS,4,1,14,54,0,0,3,3,1,10,17,1,0,0,0,1,0,0,,0,,,,00-0026498,0,0,SL,00-0039075,00-0034815,3,,,,,,,,,,,,,,,,0,,,,,,,0,,,,0,,,0,,,,0,,,0,,-0.649,00-0026498,0,4
7020,1153505,(14:50) (Shotgun) 23-K.Williams left guard to LA 22 for 5 yards (54-F.Warner).,LA,SF,RUSH,33,1,14,50,0,0,3,3,2,10,17,1,5,0,0,1,0,0,00-0037840,0,LG,00-0034815,,,0,0,,,,,,,,,,,,,,,,,,,,0,,,,,,,0,,,,0,,,0,,,,0,,,0,,-0.34,,0,5
7020,1153506,(14:17) (Shotgun) 9-M.Stafford pass short left to 12-P.Nacua to LA 26 for 4 yards (2-D.Lenoir).,LA,SF,PASS,39,1,14,17,0,0,3,3,3,5,22,2,4,0,0,1,0,0,,0,,,,00-0026498,1,0,SL,00-0039075,,1,00-0036563,,,,,,,,,,,,,,,0,,,,,,,0,,,,0,,,0,,,,0,,,0,,-0.715,00-0026498,1,5
7020,1153507,"(13:38) 42-E.Evans punts 54 yards to SF 20, Center-49-J.Cardona. 4-J.Cowing ran ob at SF 33 for 13 yards (5-K.Kinchens).",LA,SF,PUNT,10,1,13,38,0,0,3,3,4,1,26,2,0,0,0,0,0,0,,0,,,,,0,0,,,,,,,,,,,,,,,,,,,,0,,,,,,,0,00-0039059,54,41,0,00-0039365,13,0,,,,0,,,0,,-0.352,,0,
7020,1153508,(13:28) 23-C.McCaffrey up the middle to SF 39 for 6 yards (53-N.Landman).,SF,LA,RUSH,29,1,13,28,0,0,3,3,1,10,33,2,6,1,0,0,0,0,00-0033280,0,RM,00-0037587,,,0,0,,,,,,,,,,,,,,,,,,,,0,,,,,,,0,,,,0,,,0,,,,0,,,0,,0.236,,0,5
7020,1153509,(12:59) (Shotgun) 13-B.Purdy pass incomplete short left to 85-G.Kittle (37-Q.Lake).,SF,LA,PASS,6,1,12,59,0,0,3,3,2,4,39,2,0,0,0,1,0,0,,0,,,,00-0037834,0,0,SL,00-0033288,00-0037841,3,,,,,,,,,,,,,,,,0,,,,,,,0,,,,0,,,0,,,,0,,,0,,-0.92,00-0037834,0,5
7020,1153510,(12:53) (Shotgun) 13-B.Purdy pass short left to 5-M.Evans to SF 46 for 7 yards (37-Q.Lake).,SF,LA,PASS,34,1,12,53,0,0,3,3,3,4,39,2,7,1,1,1,0,0,,0,,,,00-0037834,1,0,SL,00-0031408,,7,00-0037841,,,,,,,,,,,,,,,0,,,,,,,0,,,,0,,,0,,,,0,,,0,,1.583,00-0037834,0,6
7020,1153511,(12:19) (Shotgun) 13-B.Purdy pass short left to 85-G.Kittle to LA 48 for 6 yards (35-J.Watson).,SF,LA,PASS,39,1,12,19,0,0,3,3,1,10,46,3,6,1,0,1,0,0,,0,,,,00-0037834,1,0,SL,00-0033288,,-3,00-0037195,,,,,,,,,,,,,,,0,,,,,,,0,,,,0,,,0,,,,0,,,0,,0.167,00-0037834,0,5
7020,1153512,(11:40) 13-B.Purdy pass short right to 19-D.Samuel pushed ob at LA 39 for 9 yards (22-T.McDuffie).,SF,LA,PASS,33,1,11,40,0,0,3,3,2,4,52,3,9,1,1,0,0,0,,0,,,,00-0037834,1,0,SR,00-0035719,,5,00-0037191,,,,,,,,,,,,,,,0,,,,,,,0,,,,0,,,0,,,,0,,,0,,0.78,00-0037834,0,6
7020,1153513,(11:07) 26-K.Black left guard to LA 38 for 1 yard (91-K.Turner; 48-O.Speights).,SF,LA,RUSH,37,1,11,7,0,0,3,3,1,10,61,4,1,0,0,0,0,0,00-0041052,0,LG,00-0039138,00-0039774,,0,0,,,,,,,,,,,,,,,,,,,,0,,,,,,,0,,,,0,,,0,,,,0,,,0,,-0.621,,0,5
7020,1153514,(10:30) 13-B.Purdy pass short left to 26-K.Black to LA 33 for 5 yards (3-K.Curl; 5-K.Kinchens) [10-J.Stewart].,SF,LA,PASS,42,1,10,30,0,0,3,3,2,9,62,4,5,1,0,0,0,0,,0,,,,00-0037834,1,0,SL,00-0041052,,-5,00-0036349,00-0039834,,,,,,,,,,,,,,0,,,,,,,0,,,,0,,,0,,,,0,,,0,,0.179,00-0037834,1,6
7020,1153515,(9:48) (Shotgun) 13-B.Purdy pass short right to 5-M.Evans to LA 26 for 7 yards (35-J.Watson; 2-J.McCollough).,SF,LA,PASS,41,1,9,48,0,0,3,3,3,4,67,4,7,1,1,1,0,0,,0,,,,00-0037834,1,0,SR,00-0031408,,7,00-0037195,00-0039776,,,,,,,,,,,,,,0,,,,,,,0,,,,0,,,0,,,,0,,,0,,1.403,00-0037834,0,6
7020,1153516,(9:07) (Shotgun) 13-B.Purdy pass incomplete deep right to 85-G.Kittle (22-T.McDuffie).,SF,LA,PASS,6,1,9,7,0,0,3,3,1,10,74,4,0,0,0,1,0,0,,0,,,,00-0037834,0,0,DR,00-0033288,00-0037191,25,,,,,,,,,,,,,,,,0,,,,,,,0,,,,0,,,0,,,,0,,,0,,-0.485,00-0037834,1,5
7020,1153517,(9:01) 13-B.Purdy pass short right to 23-C.McCaffrey to LA 18 for 8 yards (3-K.Curl).,SF,LA,PASS,42,1,9,1,0,0,3,3,2,10,74,4,8,1,0,0,0,0,,0,,,,00-0037834,1,0,SR,00-0033280,,-5,00-0036349,,,,,,,,,,,,,,,0,,,,,,,0,,,,0,,,0,,,,0,,,0,,0.437,00-0037834,0,6
7020,1153518,(8:19) (Shotgun) 13-B.Purdy pass short left to 5-M.Evans to LA 10 for 8 yards (37-Q.Lake).,SF,LA,PASS,35,1,8,19,0,0,3,3,3,2,82,5,8,1,1,1,0,0,,0,,,,00-0037834,1,0,SL,00-0031408,,8,00-0037841,,,,,,,,,,,,,,,0,,,,,,,0,,,,0,,,0,,,,0,,,0,,0.852,00-0037834,0,6
7020,1153519,(7:44) 13-B.Purdy pass short right to 19-D.Samuel to LA 8 for 2 yards (22-T.McDuffie).,SF,LA,PASS,40,1,7,44,0,0,3,3,1,10,90,5,2,0,0,0,0,0,,0,,,,00-0037834,1,0,SR,00-0035719,,-2,00-0037191,,,,,,,,,,,,,,,0,,,,,,,0,,,,0,,,0,,,,0,,,0,,-0.313,00-0037834,0,5
7020,1153520,(7:04) 13-B.Purdy pass short right to 85-G.Kittle to LA 2 for 6 yards (90-T.Davis; 5-K.Kinchens).,SF,LA,PASS,42,1,7,4,0,0,3,3,2,8,92,5,6,1,0,0,0,0,,0,,,,00-0037834,1,0,SR,00-0033288,,-2,00-0039749,00-0039834,,,,,,,,,,,,,,0,,,,,,,0,,,,0,,,0,,,,0,,,0,,0.231,00-0037834,0,6
7020,1153521,(6:22) (Shotgun) 13-B.Purdy pass incomplete short right to 11-D.Robinson (22-T.McDuffie) [53-N.Landman].,SF,LA,PASS,5,1,6,22,0,0,3,3,3,2,98,5,0,0,0,1,0,0,,0,,,,00-0037834,0,0,SR,00-0032775,00-0037191,2,,,,,,,,,,,,,,,,0,,,,,,,0,,,,0,,,0,,,,0,,,0,,-2.13,00-0037834,0,4
7020,1153522,"(6:17) 18-E.Pineiro 20 yard field goal is GOOD, Center-46-J.Weeks, Holder-15-C.Waitman.",SF,LA,FGXP,2,1,6,17,0,0,3,3,4,2,98,5,0,1,0,0,0,3,,0,,,,,0,0,,,,,,,,,,,,,,,,,,,,0,,,,FG,00-0034173,20,1,,,,0,,,0,,,,0,,,0,,0.011,,0,
7020,1153523,18-E.Pineiro kicks 65 yards from SF 35 to LA 0. 19-X.Smith to LA 25 for 25 yards (24-A.Davis; 86-K.Hodge).,LA,SF,KOFF,5,1,6,15,0,3,3,3,0,0,65,4,0,0,0,0,0,0,,0,,,,,0,0,,,,,,,,,,,,,,,,,,,,0,,,,,,,0,,,,0,,,0,00-0034173,65,40,0,00-0038359,25,0,,-0.002,,0,
7020,1153524,(6:10) 24-B.Corum up the middle to LA 34 for 9 yards (36-M.Sigle).,LA,SF,RUSH,38,1,6,10,0,3,3,3,1,10,25,2,9,1,0,0,0,0,00-0039738,0,RM,00-0040185,,,0,0,,,,,,,,,,,,,,,,,,,,0,,,,,,,0,,,,0,,,0,,,,0,,,0,,0.737,,0,4
7020,1153525,(5:32) 24-B.Corum up the middle to LA 33 for -1 yards (97-N.Bosa).,LA,SF,RUSH,33,1,5,32,0,3,3,3,2,1,34,2,-1,0,0,0,0,0,00-0039738,0,RM,00-0035717,,,0,0,,,,,,,,,,,,,,,,,,,,0,,,,,,,0,,,,0,,,0,,,,0,,,0,,-0.999,,0,4
7020,1153526,(4:59) 23-K.Williams up the middle to LA 36 for 3 yards (54-F.Warner; 92-O.Odighizuwa).,LA,SF,RUSH,41,1,4,59,0,3,3,3,3,2,33,2,3,1,1,0,0,0,00-0037840,0,RM,00-0034815,00-0036942,,0,0,,,,,,,,,,,,,,,,,,,,0,,,,,,,0,,,,0,,,0,,,,0,,,0,,0.955,,0,5
7020,1153527,(4:18) 9-M.Stafford pass incomplete deep left to 12-P.Nacua [92-O.Odighizuwa].,LA,SF,PASS,5,1,4,18,0,3,3,3,1,10,36,2,0,0,0,0,0,0,,0,,,,00-0026498,0,0,DL,00-0039075,,40,,,,,,,,,,,,,,,,0,,,,,,,0,,,,0,,,0,,,,0,,,0,,-0.562,00-0026498,0,4
7020,1153528,(4:13) (Shotgun) 9-M.Stafford pass short left to 23-K.Williams to LA 40 for 4 yards (57-D.Greenlaw) [99-C.West].,LA,SF,PASS,44,1,4,13,0,3,3,3,2,10,36,2,4,0,0,1,0,0,,0,,,,00-0026498,1,0,SL,00-0037840,,2,00-0034982,,,,,,,,,,,,,,,0,,,,,,,0,,,,0,,,0,,,,0,,,0,,-0.523,00-0026498,0,5
7020,1153529,(3:29) (Shotgun) 9-M.Stafford pass incomplete deep right to 17-D.Adams [92-O.Odighizuwa].,LA,SF,PASS,4,1,3,29,0,3,3,3,3,6,40,3,0,0,0,1,0,0,,0,,,,00-0026498,0,0,DR,00-0031381,,20,,,,,,,,,,,,,,,,0,,,,,,,0,,,,0,,,0,,,,0,,,0,,-1.489,00-0026498,1,5
7020,1153530,"(3:25) 42-E.Evans punts 43 yards to SF 17, Center-49-J.Cardona, fair catch by 4-J.Cowing.",LA,SF,PUNT,7,1,3,25,0,3,3,3,4,6,40,3,0,1,0,0,0,0,,0,,,,,0,0,,,,,,,,,,,,,,,,,,,,0,,,,,,,0,00-0039059,43,43,0,00-0039365,0,1,,,,0,,,0,,0.259,,0,
7020,1153531,(3:18) 13-B.Purdy pass short left to 89-L.Farrell to SF 22 for 5 yards (37-Q.Lake).,SF,LA,PASS,31,1,3,18,3,0,3,3,1,10,17,1,5,0,0,0,0,0,,0,,,,00-0037834,1,0,SL,00-0036887,,1,00-0037841,,,,,,,,,,,,,,,0,,,,,,,0,,,,0,,,0,,,,0,,,0,,-0.128,00-0037834,0,5
7020,1153532,(2:47) 26-K.Black left guard to SF 25 for 3 yards (53-N.Landman).,SF,LA,RUSH,41,1,2,47,3,0,3,3,2,5,22,2,3,1,0,0,0,0,00-0041052,0,LG,00-0037587,,,0,0,,,,,,,,,,,,,,,,,,,,0,,,,,,,0,,,,0,,,0,,,,0,,,0,,0.018,,0,5
7020,1153533,(2:06) (Shotgun) 13-B.Purdy pass incomplete short left to 23-C.McCaffrey (48-O.Speights).,SF,LA,PASS,5,1,2,6,3,0,3,3,3,2,25,2,0,0,0,1,0,0,,0,,,,00-0037834,0,0,SL,00-0033280,00-0039774,4,,,,,,,,,,,,,,,,0,,,,,,,0,,,,0,,,0,,,,0,,,0,,-1.822,00-0037834,1,6
7020,1153534,"(2:01) 15-C.Waitman punts 43 yards to LA 32, Center-46-J.Weeks. 19-X.Smith to LA 43 for 11 yards (53-J.Dugger; 24-A.Davis).",SF,LA,PUNT,9,1,2,1,3,0,3,3,4,2,25,2,0,0,0,0,0,0,,0,,,,,0,0,,,,,,,,,,,,,,,,,,,,0,,,,,,,0,00-0035821,43,32,0,00-0038359,11,0,,,,0,,,0,,-0.83,,0,
7020,1153535,(1:52) 23-K.Williams up the middle to SF 49 for 8 yards (36-M.Sigle; 96-J.Thompson).,LA,SF,RUSH,21,1,1,52,0,3,3,3,1,10,43,3,8,1,0,0,0,0,00-0037840,0,RM,00-0040185,00-0041363,,0,0,,,,,,,,,,,,,,,,,,,,0,,,,,,,0,,,,0,,,0,,,,0,,,0,,0.545,,0,4
7020,1153536,"(1:31) (No Huddle, Shotgun) 9-M.Stafford pass deep right to 12-P.Nacua to SF 8 for 41 yards (36-M.Sigle; 0-R.Green).",LA,SF,PASS,50,1,1,31,0,3,3,3,2,2,51,3,41,1,1,1,1,0,,0,,,,00-0026498,1,0,DR,00-0039075,,17,00-0040185,00-0039345,,,,,,,,,,,,,,0,,,,,,,0,,,,0,,,0,,,,0,,,0,,2.723,00-0026498,1,4
7020,1153537,(:41) 23-K.Williams up the middle to SF 5 for 3 yards (97-N.Bosa).,LA,SF,RUSH,41,1,0,41,0,3,3,3,1,8,92,5,3,0,0,0,0,0,00-0037840,0,RM,00-0035717,,,0,0,,,,,,,,,,,,,,,,,,,,0,,,,,,,0,,,,0,,,0,,,,0,,,0,,-0.073,,0,4
7020,1153538,"(15:00) 23-K.Williams up the middle for 5 yards, TOUCHDOWN.",LA,SF,RUSH,3,2,15,0,0,3,3,3,2,5,95,5,5,1,1,0,0,6,00-0037840,0,RM,,,,0,0,,,,,,,,,,,,,,,,,,,,0,,,,,,,0,,,,0,,,0,,,,0,,,1,RUSH,1.583,,0,4
7020,1153539,"92-H.Mevis extra point is GOOD, Center-49-J.Cardona, Holder-42-E.Evans.",LA,SF,FGXP,0,2,14,57,6,3,3,3,0,0,85,5,0,1,0,0,0,1,,0,,,,,0,0,,,,,,,,,,,,,,,,,,,,0,,,,XP,00-0039498,33,1,,,,0,,,0,,,,0,,,0,,0.051,,0,
7020,1153540,92-H.Mevis kicks 63 yards from LA 35 to SF 2. 19-D.Samuel to SF 31 for 29 yards (56-S.Dolac; 10-J.Stewart).,SF,LA,KOFF,6,2,14,57,3,7,3,3,0,0,65,4,0,1,0,0,0,0,,0,,,,,0,0,,,,,,,,,,,,,,,,,,,,0,,,,,,,0,,,,0,,,0,00-0039498,63,34,0,00-0035719,29,0,,0.274,,0,
7020,1153541,(14:51) (Shotgun) 13-B.Purdy pass incomplete short left to 19-D.Samuel. ** Injury Update: SF-7-D.Stribling has returned to the game.,SF,LA,PASS,4,2,14,51,3,7,3,3,1,10,31,2,0,0,0,1,0,0,,0,,,,00-0037834,0,0,SL,00-0035719,,-3,,,,,,,,,,,,,,,,0,,,,,,,0,,,,0,,,0,,,,0,,,0,,-0.57,00-0037834,0,5
7020,1153542,(14:47) (Shotgun) 13-B.Purdy pass short middle to 5-M.Evans to SF 43 for 12 yards (35-J.Watson).,SF,LA,PASS,33,2,14,47,3,7,3,3,2,10,31,2,12,1,1,1,0,0,,0,,,,00-0037834,1,0,SM,00-0031408,,6,00-0037195,,,,,,,,,,,,,,,0,,,,,,,0,,,,0,,,0,,,,0,,,0,,1.343,00-0037834,1,6
7020,1153543,(14:14) 23-C.McCaffrey right end to SF 47 for 4 yards (56-S.Dolac).,SF,LA,RUSH,37,2,14,14,3,7,3,3,1,10,43,3,4,0,0,0,0,0,00-0033280,0,RE,00-0040613,,,0,0,,,,,,,,,,,,,,,,,,,,0,,,,,,,0,,,,0,,,0,,,,0,,,0,,-0.093,,0,5
7020,1153544,(13:37) 13-B.Purdy pass short middle to 23-C.McCaffrey to LA 48 for 5 yards (0-B.Young; 91-K.Turner).,SF,LA,PASS,51,2,13,37,3,7,3,3,2,6,47,3,5,1,0,0,0,0,,0,,,,00-0037834,1,0,SM,00-0033280,,-2,00-0039137,00-0039138,,,,,,,,,,,,,,0,,,,,,,0,,,,0,,,0,,,,0,,,0,,0.01,00-0037834,0,5
7020,1153545,Timeout #1 by SF at 12:46.,NA,NA,NOPL,0,2,12,46,0,0,0,0,0,0,NA,1,0,0,0,0,0,0,,0,,,,,0,0,,,,,,,,,,,,,,,,,,,,0,,,,,,,0,,,,0,,,0,,,,0,,,0,,0,,0,
7020,1153546,(12:46) 13-B.Purdy up the middle to LA 46 for 2 yards (56-S.Dolac).,SF,LA,RUSH,37,2,12,46,3,7,2,3,3,1,52,3,2,1,1,0,0,0,00-0037834,0,RM,00-0040613,,,0,0,,,,,,,,,,,,,,,,,,,,0,,,,,,,0,,,,0,,,0,,,,0,,,0,,0.653,,0,5
7020,1153547,(12:09) 13-B.Purdy pass short right intended for 85-G.Kittle INTERCEPTED by 37-Q.Lake at LA 31. 37-Q.Lake to LA 31 for no gain (85-G.Kittle).,SF,LA,PASS,5,2,12,9,3,7,2,3,1,10,54,3,0,0,0,0,0,0,,0,,,,00-0037834,0,0,SR,00-0033288,00-0037841,15,00-0033288,,,,,,,,,00-0037841,0,,,,,0,,,,,,,0,,,,0,,,0,,,,0,,,0,,-4.574,00-0037834,0,5
7020,1153548,(12:04) 24-B.Corum right guard to LA 36 for 5 yards (36-M.Sigle; 54-F.Warner).,LA,SF,RUSH,36,2,12,4,7,3,3,2,1,10,31,2,5,1,0,0,0,0,00-0039738,0,RG,00-0040185,00-0034815,,0,0,,,,,,,,,,,,,,,,,,,,0,,,,,,,0,,,,0,,,0,,,,0,,,0,,0.137,,0,4
7020,1153549,(11:28) 24-B.Corum left guard to LA 46 for 10 yards (36-M.Sigle).,LA,SF,RUSH,39,2,11,28,7,3,3,2,2,5,36,2,10,1,1,0,0,0,00-0039738,0,LG,00-0040185,,,0,0,,,,,,,,,,,,,,,,,,,,0,,,,,,,0,,,,0,,,0,,,,0,,,0,,0.892,,0,5
7020,1153550,(10:49) 24-B.Corum left tackle to SF 48 for 6 yards (53-J.Dugger).,LA,SF,RUSH,38,2,10,49,7,3,3,2,1,10,46,3,6,1,0,0,0,0,00-0039738,0,LT,00-0041078,,,0,0,,,,,,,,,,,,,,,,,,,,0,,,,,,,0,,,,0,,,0,,,,0,,,0,,0.165,,0,4
7020,1153551,(10:11) 24-B.Corum left tackle to SF 35 for 13 yards (36-M.Sigle).,LA,SF,RUSH,48,2,10,11,7,3,3,2,2,4,52,3,13,1,1,0,0,0,00-0039738,0,LT,00-0040185,,,0,0,,,,,,,,,,,,,,,,,,,,0,,,,,,,0,,,,0,,,0,,,,0,,,0,,0.838,,0,5
7020,1153552,(9:23) 23-K.Williams left guard to SF 35 for no gain (20-U.Stout).,LA,SF,RUSH,21,2,9,23,7,3,3,2,1,10,65,4,0,0,0,0,0,0,00-0037840,0,LG,00-0040152,,,0,0,,,,,,,,,,,,,,,,,,,,0,,,,,,,0,,,,0,,,0,,,,0,,,0,,-0.45,,0,5
7020,1153553,"(9:02) (No Huddle, Shotgun) 9-M.Stafford pass incomplete short right [92-O.Odighizuwa].",LA,SF,PASS,4,2,9,2,7,3,3,2,2,10,65,4,0,0,0,1,1,0,,0,,,,00-0026498,0,0,SR,,,-4,,,,,,,,,,,,,,,,0,,,,,,,0,,,,0,,,0,,,,0,,,0,,-0.749,00-0026498,0,5
7020,1153554,(8:58) (Shotgun) 9-M.Stafford pass deep right intended for 12-P.Nacua INTERCEPTED by 0-R.Green at SF 14. 0-R.Green to SF 14 for no gain (12-P.Nacua).,LA,SF,PASS,6,2,8,58,7,3,3,2,3,10,65,4,0,0,0,1,0,0,,0,,,,00-0026498,0,0,DR,00-0039075,00-0039345,21,00-0039075,,,,,,,,,00-0039345,0,,,,,0,,,,,,,0,,,,0,,,0,,,,0,,,0,,-2.983,00-0026498,0,5
7020,1153555,(8:52) (Shotgun) 26-K.Black right tackle to SF 19 for 5 yards (90-T.Davis).,SF,LA,RUSH,38,2,8,52,3,7,2,3,1,10,14,1,5,1,0,1,0,0,00-0041052,0,RT,00-0039749,,,0,0,,,,,,,,,,,,,,,,,,,,0,,,,,,,0,,,,0,,,0,,,,0,,,0,,0.156,,0,5
7020,1153556,(8:14) 26-K.Black left end to SF 28 for 9 yards (90-T.Davis; 35-J.Watson).,SF,LA,RUSH,40,2,8,14,3,7,2,3,2,5,19,1,9,1,1,0,0,0,00-0041052,0,LE,00-0039749,00-0037195,,0,0,,,,,,,,,,,,,,,,,,,,0,,,,,,,0,,,,0,,,0,,,,0,,,0,,0.815,,0,5
7020,1153557,(7:34) (Shotgun) 13-B.Purdy pass short middle to 64-J.Brendel to SF 30 for 2 yards (53-N.Landman). SF-7-D.Stribling was injured during the play.,SF,LA,PASS,33,2,7,34,3,7,2,3,1,10,28,2,2,0,0,1,0,0,,0,,,,00-0037834,1,0,SM,00-0032701,,-1,00-0037587,,,,,,,,,,,,,,,0,,,,,,,0,,,,0,,,0,,,,0,,,0,,-0.445,00-0037834,0,5
7020,1153558,(7:01) (Shotgun) 13-B.Purdy pass incomplete short left to 23-C.McCaffrey (53-N.Landman).,SF,LA,PASS,6,2,7,1,3,7,2,3,2,8,30,2,0,0,0,1,0,0,,0,,,,00-0037834,0,0,SL,00-0033280,00-0037587,2,,,,,,,,,,,,,,,,0,,,,,,,0,,,,0,,,0,,,,0,,,0,,-0.715,00-0037834,0,6
7020,1153559,(6:55) (Shotgun) 13-B.Purdy pass short left to 5-M.Evans to SF 43 for 13 yards (22-T.McDuffie).,SF,LA,PASS,39,2,6,55,3,7,2,3,3,8,30,2,13,1,1,1,0,0,,0,,,,00-0037834,1,0,SL,00-0031408,,13,00-0037191,,,,,,,,,,,,,,,0,,,,,,,0,,,,0,,,0,,,,0,,,0,,2.048,00-0037834,0,6
7020,1153560,(6:16) 26-K.Black left end pushed ob at LA 48 for 9 yards (2-J.McCollough).,SF,LA,RUSH,29,2,6,16,3,7,2,3,1,10,43,3,9,1,0,0,0,0,00-0041052,0,LE,00-0039776,,,0,0,,,,,,,,,,,,,,,,,,,,0,,,,,,,0,,,,0,,,0,,,,0,,,0,,0.752,,0,5
7020,1153561,(5:47) 26-K.Black up the middle to LA 43 for 5 yards (53-N.Landman).,SF,LA,RUSH,37,2,5,47,3,7,2,3,2,1,52,3,5,1,1,0,0,0,00-0041052,0,RM,00-0037587,,,0,0,,,,,,,,,,,,,,,,,,,,0,,,,,,,0,,,,0,,,0,,,,0,,,0,,0.077,,0,5
7020,1153562,(5:10) 26-K.Black up the middle to LA 39 for 4 yards (57-T.Hamilton; 48-O.Speights).,SF,LA,RUSH,35,2,5,10,3,7,2,3,1,10,57,3,4,0,0,0,0,0,00-0041052,0,RM,00-0040585,00-0039774,,0,0,,,,,,,,,,,,,,,,,,,,0,,,,,,,0,,,,0,,,0,,,,0,,,0,,-0.109,,0,5
7020,1153563,"(4:35) 13-B.Purdy pass deep middle to 11-D.Robinson for 39 yards, TOUCHDOWN.",SF,LA,PASS,7,2,4,35,3,7,2,3,2,6,61,4,39,1,1,0,0,6,,0,,,,00-0037834,1,0,DM,00-0032775,,39,,,,,,,,,,,,,,,,0,,,,,,,0,,,,0,,,0,,,,0,,,1,REC,4.056,00-0037834,0,5
7020,1153564,"18-E.Pineiro extra point is GOOD, Center-46-J.Weeks, Holder-15-C.Waitman.",SF,LA,FGXP,0,2,4,28,9,7,2,3,0,0,85,5,0,1,0,0,0,1,,0,,,,,0,0,,,,,,,,,,,,,,,,,,,,0,,,,XP,00-0034173,33,1,,,,0,,,0,,,,0,,,0,,0.051,,0,
7020,1153565,"18-E.Pineiro kicks 65 yards from SF 35 to end zone, Touchback to the LA 35.",LA,SF,KOFF,0,2,4,28,7,10,3,2,0,0,65,4,0,1,0,0,0,0,,0,,,,,0,0,,,,,,,,,,,,,,,,,,,,0,,,,,,,0,,,,0,,,0,00-0034173,65,65,1,,0,0,,0.614,,0,
7020,1153566,(4:28) 9-M.Stafford pass short left to 23-K.Williams to SF 49 for 16 yards (54-F.Warner).,LA,SF,PASS,40,2,4,28,7,10,3,2,1,10,35,2,16,1,1,0,0,0,,0,,,,00-0026498,1,0,SL,00-0037840,,2,00-0034815,,,,,,,,,,,,,,,0,,,,,,,0,,,,0,,,0,,,,0,,,0,,1.014,00-0026498,0,4
7020,1153567,(3:48) 23-K.Williams up the middle to SF 42 for 7 yards (54-F.Warner).,LA,SF,RUSH,38,2,3,48,7,10,3,2,1,10,51,3,7,1,0,0,0,0,00-0037840,0,RM,00-0034815,,,0,0,,,,,,,,,,,,,,,,,,,,0,,,,,,,0,,,,0,,,0,,,,0,,,0,,0.212,,0,4
7020,1153568,"(3:10) (Shotgun) 9-M.Stafford pass incomplete short middle to 12-P.Nacua. PENALTY on LA-71-W.McClendon, Offensive Holding, 10 yards, enforced at SF 42 - No Play.",LA,SF,NOPL,5,2,3,10,7,10,3,2,2,3,58,3,0,0,0,1,0,0,,0,,,,00-0026498,0,0,,,,0,,,,,LA,00-0039077,Offensive Holding,-10,NA,,,,,,,0,,,,,,,0,,,,0,,,0,,,,0,,,0,,-1.28,00-0026498,0,4
7020,1153569,(3:05) (Shotgun) 9-M.Stafford pass incomplete short right to 84-C.Parkinson.,LA,SF,PASS,6,2,3,5,7,10,3,2,2,13,48,3,0,0,0,1,0,0,,0,,,,00-0026498,0,0,SR,00-0036244,,7,,,,,,,,,,,,,,,,0,,,,,,,0,,,,0,,,0,,,,0,,,0,,-0.73,00-0026498,0,5
7020,1153570,(2:59) (Shotgun) 9-M.Stafford pass incomplete deep left to 17-D.Adams (25-J.Jones) [20-U.Stout].,LA,SF,PASS,5,2,2,59,7,10,3,2,3,13,48,3,0,0,0,1,0,0,,0,,,,00-0026498,0,0,DL,00-0031381,00-0038039,17,,,,,,,,,,,,,,,,0,,,,,,,0,,,,0,,,0,,,,0,,,0,,-1.22,00-0026498,0,6
7020,1153571,"(2:54) 42-E.Evans punts 48 yards to SF 4, Center-49-J.Cardona. 4-J.Cowing to SF 8 for 4 yards (2-J.McCollough).",LA,SF,PUNT,11,2,2,54,7,10,3,2,4,13,48,3,0,0,0,0,0,0,,0,,,,,0,0,,,,,,,,,,,,,,,,,,,,0,,,,,,,0,00-0039059,48,44,0,00-0039365,4,0,,,,0,,,0,,-0.096,,0,
7020,1153572,(2:43) (Shotgun) 19-D.Samuel right guard to SF 20 for 12 yards (37-Q.Lake; 2-J.McCollough). SF-88-J.Tonges was injured during the play.,SF,LA,RUSH,43,2,2,43,10,7,2,3,1,10,8,1,12,1,1,1,0,0,00-0035719,0,RG,00-0037841,00-0039776,,0,0,,,,,,,,,,,,,,,,,,,,0,,,,,,,0,,,,0,,,0,,,,0,,,0,,0.381,,0,5
7020,1153573,(2:00) (Shotgun) 23-C.McCaffrey right guard to SF 27 for 7 yards (5-K.Kinchens; 90-T.Davis).,SF,LA,RUSH,36,2,2,0,10,7,2,3,1,10,20,2,7,1,0,1,0,0,00-0033280,0,RG,00-0039834,00-0039749,,0,0,,,,,,,,,,,,,,,,,,,,0,,,,,,,0,,,,0,,,0,,,,0,,,0,,0.194,,0,5
7020,1153574,"(1:24) (Shotgun) 13-B.Purdy pass incomplete short middle to 19-D.Samuel. PENALTY on LA-90-T.Davis, Roughing the Passer, 15 yards, enforced at SF 27 - No Play.",SF,LA,NOPL,5,2,1,24,10,7,2,3,2,3,27,2,0,1,1,1,0,0,,0,,,,00-0037834,0,0,,,,0,,,,,LA,00-0039749,Roughing the Passer,15,NA,,,,,,,0,,,,,,,0,,,,0,,,0,,,,0,,,0,,0.921,00-0037834,1,5
7020,1153575,(1:19) (Shotgun) 13-B.Purdy pass short right to 23-C.McCaffrey to SF 41 for -1 yards (22-T.McDuffie).,SF,LA,PASS,40,2,1,19,10,7,2,3,1,10,42,3,-1,0,0,1,0,0,,0,,,,00-0037834,1,0,SR,00-0033280,,-2,00-0037191,,,,,,,,,,,,,,,0,,,,,,,0,,,,0,,,0,,,,0,,,0,,-0.632,00-0037834,0,5
7020,1153576,(:39) 13-B.Purdy pass short right to 23-C.McCaffrey to SF 49 for 8 yards (37-Q.Lake).,SF,LA,PASS,7,2,0,39,10,7,2,3,2,11,41,3,8,1,0,0,0,0,,0,,,,00-0037834,1,0,SR,00-0033280,,5,00-0037841,,,,,,,,,,,,,,,0,,,,,,,0,,,,0,,,0,,,,0,,,0,,0.327,00-0037834,1,6
7020,1153577,Timeout #2 by SF at 00:32.,NA,NA,NOPL,0,2,0,32,0,0,0,0,0,0,NA,1,0,0,0,0,0,0,,0,,,,,0,0,,,,,,,,,,,,,,,,,,,,0,,,,,,,0,,,,0,,,0,,,,0,,,0,,0,,0,
7020,1153578,(:32) (Shotgun) 13-B.Purdy pass incomplete short left to 5-M.Evans.,SF,LA,PASS,4,2,0,32,10,7,1,3,3,3,49,3,0,0,0,1,0,0,,0,,,,00-0037834,0,0,SL,00-0031408,,12,,,,,,,,,,,,,,,,0,,,,,,,0,,,,0,,,0,,,,0,,,0,,-1.069,00-0037834,1,6
7020,1153579,"(:28) 15-C.Waitman punts 51 yards to end zone, Center-46-J.Weeks, Touchback.",SF,LA,PUNT,8,2,0,28,10,7,1,3,4,3,49,3,0,0,0,0,0,0,,0,,,,,0,0,,,,,,,,,,,,,,,,,,,,0,,,,,,,0,00-0035821,51,51,1,,0,0,,,,0,,,0,,-0.379,,0,
7020,1153580,(:20) 9-M.Stafford kneels to LA 19 for -1 yards.,LA,SF,RUSH,20,2,0,20,7,10,3,1,1,10,20,2,-1,0,0,0,0,0,00-0026498,1,,,,,0,0,,,,,,,,,,,,,,,,,,,,0,,,,,,,0,,,,0,,,0,,,,0,,,0,,0,,0,
7020,1153581,92-H.Mevis kicks 61 yards from LA 35 to SF 4. 19-D.Samuel to SF 49 for 45 yards (5-K.Kinchens).,SF,LA,KOFF,7,3,15,0,10,7,3,3,0,0,65,4,0,1,0,0,0,0,,0,,,,,0,0,,,,,,,,,,,,,,,,,,,,0,,,,,,,0,,,,0,,,0,00-0039498,61,16,0,00-0035719,45,0,,1.551,,0,
7020,1153582,(14:53) 23-C.McCaffrey right guard to LA 37 for 14 yards (5-K.Kinchens; 2-J.McCollough).,SF,LA,RUSH,33,3,14,53,10,7,3,3,1,10,49,3,14,1,1,0,0,0,00-0033280,0,RG,00-0039834,00-0039776,,0,0,,,,,,,,,,,,,,,,,,,,0,,,,,,,0,,,,0,,,0,,,,0,,,0,,1.025,,0,5
7020,1153583,(14:20) 23-C.McCaffrey left guard to LA 21 for 16 yards (5-K.Kinchens; 37-Q.Lake).,SF,LA,RUSH,38,3,14,20,10,7,3,3,1,10,63,4,16,1,1,0,0,0,00-0033280,0,LG,00-0039834,00-0037841,,0,0,,,,,,,,,,,,,,,,,,,,0,,,,,,,0,,,,0,,,0,,,,0,,,0,,1.093,,0,5
7020,1153584,(13:42) 26-K.Black up the middle to LA 17 for 4 yards (53-N.Landman).,SF,LA,RUSH,44,3,13,42,10,7,3,3,1,10,79,4,4,0,0,0,0,0,00-0041052,0,RM,00-0037587,,,0,0,,,,,,,,,,,,,,,,,,,,0,,,,,,,0,,,,0,,,0,,,,0,,,0,,-0.027,,0,5
7020,1153585,(12:58) (Shotgun) 13-B.Purdy pass short right to 11-D.Robinson pushed ob at LA 6 for 11 yards (37-Q.Lake).,SF,LA,PASS,37,3,12,58,10,7,3,3,2,6,83,5,11,1,1,1,0,0,,0,,,,00-0037834,1,0,SR,00-0032775,,4,00-0037841,,,,,,,,,,,,,,,0,,,,,,,0,,,,0,,,0,,,,0,,,0,,1.027,00-0037834,0,5
7020,1153586,(12:21) 23-C.McCaffrey right tackle to LA 5 for 1 yard (90-T.Davis).,SF,LA,RUSH,37,3,12,21,10,7,3,3,1,6,94,5,1,0,0,0,0,0,00-0033280,0,RT,00-0039749,,,0,0,,,,,,,,,,,,,,,,,,,,0,,,,,,,0,,,,0,,,0,,,,0,,,0,,-0.384,,0,4
7020,1153587,Timeout #1 by SF at 11:44.,NA,NA,NOPL,0,3,11,44,0,0,0,0,0,0,NA,1,0,0,0,0,0,0,,0,,,,,0,0,,,,,,,,,,,,,,,,,,,,0,,,,,,,0,,,,0,,,0,,,,0,,,0,,0,,0,
7020,1153588,(11:44) (Shotgun) 13-B.Purdy pass short left to 19-D.Samuel to LA 2 for 3 yards (53-N.Landman; 37-Q.Lake).,SF,LA,PASS,37,3,11,44,10,7,2,3,2,5,95,5,3,0,0,1,0,0,,0,,,,00-0037834,1,0,SL,00-0035719,,-1,00-0037587,00-0037841,,,,,,,,,,,,,,0,,,,,,,0,,,,0,,,0,,,,0,,,0,,-0.318,00-0037834,0,5
7020,1153589,"(11:07) 13-B.Purdy pass short left to 5-M.Evans for 2 yards, TOUCHDOWN.",SF,LA,PASS,4,3,11,7,10,7,2,3,3,2,98,5,2,1,1,0,0,6,,0,,,,00-0037834,1,0,SL,00-0031408,,2,,,,,,,,,,,,,,,,0,,,,,,,0,,,,0,,,0,,,,0,,,1,REC,2.025,00-0037834,0,4
7020,1153590,"18-E.Pineiro extra point is GOOD, Center-46-J.Weeks, Holder-15-C.Waitman.",SF,LA,FGXP,0,3,11,3,16,7,2,3,0,0,85,5,0,1,0,0,0,1,,0,,,,,0,0,,,,,,,,,,,,,,,,,,,,0,,,,XP,00-0034173,33,1,,,,0,,,0,,,,0,,,0,,0.051,,0,
7020,1153591,"18-E.Pineiro kicks 62 yards from SF 35 to LA 3. 88-J.Whittington to LA 27 for 24 yards (33-S.Neal). FUMBLES (33-S.Neal), and recovers at LA 27.",LA,SF,KOFF,4,3,11,3,7,17,3,2,0,0,65,4,0,1,0,0,0,0,,0,,,,,0,0,,,,,,,,,,,,,,,,00-0039751,00-0039751,0,00-0034391,0,,,,,,,0,,,,0,,,0,00-0034173,62,38,0,00-0039751,24,0,,0.094,,0,
7020,1153592,(10:59) 24-B.Corum right tackle to LA 26 for -1 yards (97-N.Bosa).,LA,SF,RUSH,35,3,10,59,7,17,3,2,1,10,27,2,-1,0,0,0,0,0,00-0039738,0,RT,00-0035717,,,0,0,,,,,,,,,,,,,,,,,,,,0,,,,,,,0,,,,0,,,0,,,,0,,,0,,-0.94,,0,4
7020,1153593,"(10:24) 9-M.Stafford pass incomplete deep right to 12-P.Nacua (2-D.Lenoir). PENALTY on SF-2-D.Lenoir, Illegal Contact, 5 yards, enforced at LA 26 - No Play.",LA,SF,NOPL,7,3,10,24,7,17,3,2,2,11,26,2,0,1,1,0,0,0,,0,,,,00-0026498,0,0,,,,0,,,,,SF,00-0036563,Illegal Contact,5,NA,,,,,,,0,,,,,,,0,,,,0,,,0,,,,0,,,0,,1.149,00-0026498,1,4
7020,1153594,(10:17) 24-B.Corum left end to LA 39 for 8 yards (57-D.Greenlaw; 99-C.West).,LA,SF,RUSH,38,3,10,17,7,17,3,2,1,10,31,2,8,1,0,0,0,0,00-0039738,0,LE,00-0034982,00-0040711,,0,0,,,,,,,,,,,,,,,,,,,,0,,,,,,,0,,,,0,,,0,,,,0,,,0,,0.604,,0,4
7020,1153595,(9:39) 24-B.Corum left tackle to LA 40 for 1 yard (97-N.Bosa; 54-F.Warner).,LA,SF,RUSH,38,3,9,39,7,17,3,2,2,2,39,2,1,0,0,0,0,0,00-0039738,0,LT,00-0035717,00-0034815,,0,0,,,,,,,,,,,,,,,,,,,,0,,,,,,,0,,,,0,,,0,,,,0,,,0,,-0.406,,0,4
7020,1153596,(9:01) 9-M.Stafford pass short right to 87-D.Allen pushed ob at SF 47 for 13 yards (57-D.Greenlaw; 27-J.Brown). LA-87-D.Allen was injured during the play.,LA,SF,PASS,32,3,9,1,7,17,3,2,3,1,40,3,13,1,1,0,0,0,,0,,,,00-0026498,1,0,SR,00-0039074,,-1,00-0034982,00-0038554,,,,,,,,,,,,,,0,,,,,,,0,,,,0,,,0,,,,0,,,0,,1.198,00-0026498,0,4
7020,1153597,(8:29) 23-K.Williams up the middle to SF 42 for 5 yards (57-D.Greenlaw; 96-J.Thompson).,LA,SF,RUSH,36,3,8,29,7,17,3,2,1,10,53,3,5,0,0,0,0,0,00-0037840,0,RM,00-0034982,00-0041363,,0,0,,,,,,,,,,,,,,,,,,,,0,,,,,,,0,,,,0,,,0,,,,0,,,0,,-0.074,,0,4
7020,1153598,(7:53) 9-M.Stafford pass deep middle to 12-P.Nacua to SF 19 for 23 yards (2-D.Lenoir; 36-M.Sigle).,LA,SF,PASS,40,3,7,53,7,17,3,2,2,5,58,3,23,1,1,0,0,0,,0,,,,00-0026498,1,0,DM,00-0039075,,19,00-0036563,00-0040185,,,,,,,,,,,,,,0,,,,,,,0,,,,0,,,0,,,,0,,,0,,1.771,00-0026498,0,4
7020,1153599,"(7:13) PENALTY on LA-69-K.Dotson, False Start, 5 yards, enforced at SF 19 - No Play.",LA,SF,NOPL,17,3,7,13,7,17,3,2,1,10,81,5,0,0,0,0,0,0,,0,,,,,0,0,,,,,,,,,LA,00-0036339,False Start,-5,NA,,,,,,,0,,,,,,,0,,,,0,,,0,,,,0,,,0,,-0.634,,0,
7020,1153600,(6:56) 9-M.Stafford pass short left to 17-D.Adams to SF 11 for 13 yards (27-J.Brown).,LA,SF,PASS,36,3,6,56,7,17,3,2,1,15,76,4,13,1,0,0,0,0,,0,,,,00-0026498,1,0,SL,00-0031381,,4,00-0038554,,,,,,,,,,,,,,,0,,,,,,,0,,,,0,,,0,,,,0,,,0,,1.138,00-0026498,0,4
7020,1153601,(6:20) 23-K.Williams up the middle to SF 9 for 2 yards (47-K.Kareem).,LA,SF,RUSH,43,3,6,20,7,17,3,2,2,2,89,5,2,1,1,0,0,0,00-0037840,0,RM,00-0036341,,,0,0,,,,,,,,,,,,,,,,,,,,0,,,,,,,0,,,,0,,,0,,,,0,,,0,,0.011,,0,4
7020,1153602,(5:37) 9-M.Stafford pass short left to 84-C.Parkinson pushed ob at SF 3 for 6 yards (2-D.Lenoir; 57-D.Greenlaw).,LA,SF,PASS,30,3,5,37,7,17,3,2,1,9,91,5,6,1,0,0,0,0,,0,,,,00-0026498,1,0,SL,00-0036244,,2,00-0036563,00-0034982,,,,,,,,,,,,,,0,,,,,,,0,,,,0,,,0,,,,0,,,0,,0.472,00-0026498,0,4
7020,1153603,(5:07) 23-K.Williams right guard to SF 2 for 1 yard (53-J.Dugger; 54-F.Warner).,LA,SF,RUSH,41,3,5,7,7,17,3,2,2,3,97,5,1,0,0,0,0,0,00-0037840,0,RG,00-0041078,00-0034815,,0,0,,,,,,,,,,,,,,,,,,,,0,,,,,,,0,,,,0,,,0,,,,0,,,0,,-0.636,,0,4
7020,1153604,(4:26) (Shotgun) 9-M.Stafford pass short left to 12-P.Nacua to SF 1 for 1 yard (2-D.Lenoir).,LA,SF,PASS,40,3,4,26,7,17,3,2,3,2,98,5,1,0,0,1,0,0,,0,,,,00-0026498,1,0,SL,00-0039075,,1,00-0036563,,,,,,,,,,,,,,,0,,,,,,,0,,,,0,,,0,,,,0,,,0,,-0.493,00-0026498,1,5
7020,1153605,"(3:46) 9-M.Stafford right guard to SF 1 for no gain (92-O.Odighizuwa). The Replay Official reviewed the short of the goal line ruling, and the play was Upheld. The ruling on the field stands.",LA,SF,RUSH,5,3,3,46,7,17,3,2,4,1,99,5,0,0,0,0,0,0,00-0026498,0,RG,00-0036942,,,0,0,,,,,,,,,,,,,,,,,,,,0,,,,,,,0,,,,0,,,0,,,,0,,,0,,-3.814,,0,4
7020,1153606,"(3:41) 13-B.Purdy up the middle to SF 1 for no gain (53-N.Landman; 90-T.Davis). Penalty on SF-11-D.Robinson, Offensive Offside, declined.",SF,LA,RUSH,14,3,3,41,17,7,2,3,1,10,1,1,0,0,0,0,0,0,00-0037834,0,RM,00-0037587,00-0039749,,0,0,,,,,,,,,,,,,,,,,,,,0,,,,,,,0,,,,0,,,0,,,,0,,,0,,-0.553,,0,4
7020,1153607,(3:27) 13-B.Purdy pass short left to 89-L.Farrell to SF 15 for 14 yards (5-K.Kinchens).,SF,LA,PASS,46,3,3,27,17,7,2,3,2,10,1,1,14,1,1,0,0,0,,0,,,,00-0037834,1,0,SL,00-0036887,,2,00-0039834,,,,,,,,,,,,,,,0,,,,,,,0,,,,0,,,0,,,,0,,,0,,1.653,00-0037834,0,4
7020,1153608,(2:41) 23-C.McCaffrey right end to SF 24 for 9 yards (56-S.Dolac).,SF,LA,RUSH,47,3,2,41,17,7,2,3,1,10,15,1,9,1,0,0,0,0,00-0033280,0,RE,00-0040613,,,0,0,,,,,,,,,,,,,,,,,,,,0,,,,,,,0,,,,0,,,0,,,,0,,,0,,0.807,,0,4
7020,1153609,(1:54) (Shotgun) 13-B.Purdy pass short left to 19-D.Samuel pushed ob at SF 37 for 13 yards (37-Q.Lake).,SF,LA,PASS,31,3,1,54,17,7,2,3,2,1,24,2,13,1,1,1,0,0,,0,,,,00-0037834,1,0,SL,00-0035719,,5,00-0037841,,,,,,,,,,,,,,,0,,,,,,,0,,,,0,,,0,,,,0,,,0,,0.609,00-0037834,0,5
7020,1153610,(1:23) 26-K.Black right end pushed ob at LA 49 for 14 yards (37-Q.Lake).,SF,LA,RUSH,29,3,1,23,17,7,2,3,1,10,37,2,14,1,1,0,0,0,00-0041052,0,RE,00-0037841,,,0,0,,,,,,,,,,,,,,,,,,,,0,,,,,,,0,,,,0,,,0,,,,0,,,0,,1.005,,0,4
7020,1153611,(:54) 26-K.Black left end to LA 49 for no gain (55-B.Fiske; 5-K.Kinchens).,SF,LA,RUSH,44,3,0,54,17,7,2,3,1,10,51,3,0,0,0,0,0,0,00-0041052,0,LE,00-0039734,00-0039834,,0,0,,,,,,,,,,,,,,,,,,,,0,,,,,,,0,,,,0,,,0,,,,0,,,0,,-0.587,,0,4
7020,1153612,(:10) (Shotgun) 13-B.Purdy scrambles left end to LA 31 for 18 yards (2-J.McCollough).,SF,LA,RUSH,10,3,0,10,17,7,2,3,2,10,51,3,18,1,1,1,0,0,00-0037834,0,LE,00-0039776,,,0,0,,,,,,,,,,,,,,,,,,,,0,,,,,,,0,,,,0,,,0,,,,0,,,0,,1.869,00-0037834,1,6
7020,1153613,(15:00) (Shotgun) 13-B.Purdy pass short right to 19-D.Samuel to LA 25 for 6 yards (90-T.Davis; 10-J.Stewart).,SF,LA,PASS,40,4,15,0,17,7,2,3,1,10,69,4,6,1,0,1,0,0,,0,,,,00-0037834,1,0,SR,00-0035719,,-2,00-0039749,00-0040580,,,,,,,,,,,,,,0,,,,,,,0,,,,0,,,0,,,,0,,,0,,0.23,00-0037834,0,4
7020,1153614,(14:20) (Shotgun) 13-B.Purdy scrambles left end ran ob at LA 17 for 8 yards (10-J.Stewart).,SF,LA,RUSH,35,4,14,20,17,7,2,3,2,4,75,4,8,1,1,1,0,0,00-0037834,0,LE,00-0040580,,,0,0,,,,,,,,,,,,,,,,,,,,0,,,,,,,0,,,,0,,,0,,,,0,,,0,,0.783,00-0037834,0,4
7020,1153615,(13:45) 23-C.McCaffrey right guard to LA 15 for 2 yards (10-J.Stewart; 91-K.Turner).,SF,LA,RUSH,41,4,13,45,17,7,2,3,1,10,83,5,2,0,0,0,0,0,00-0033280,0,RG,00-0040580,00-0039138,,0,0,,,,,,,,,,,,,,,,,,,,0,,,,,,,0,,,,0,,,0,,,,0,,,0,,-0.401,,0,4
7020,1153616,"(13:04) (Shotgun) 13-B.Purdy pass short right to 19-D.Samuel for 15 yards, TOUCHDOWN.",SF,LA,PASS,7,4,13,4,17,7,2,3,2,8,85,5,15,1,1,1,0,6,,0,,,,00-0037834,1,0,SR,00-0035719,,15,,,,,,,,,,,,,,,,0,,,,,,,0,,,,0,,,0,,,,0,,,1,REC,2.504,00-0037834,1,6
7020,1153617,"18-E.Pineiro extra point is GOOD, Center-46-J.Weeks, Holder-15-C.Waitman.",SF,LA,FGXP,0,4,12,57,23,7,2,3,0,0,85,5,0,1,0,0,0,1,,0,,,,,0,0,,,,,,,,,,,,,,,,,,,,0,,,,XP,00-0034173,33,1,,,,0,,,0,,,,0,,,0,,0.051,,0,
7020,1153618,18-E.Pineiro kicks 64 yards from SF 35 to LA 1. 88-J.Whittington to LA 23 for 22 yards (49-G.Wallow). ** Injury Update: LA-87-D.Allen has returned to the game.,LA,SF,KOFF,4,4,12,57,7,24,3,2,0,0,65,4,0,0,0,0,0,0,,0,,,,,0,0,,,,,,,,,,,,,,,,,,,,0,,,,,,,0,,,,0,,,0,00-0034173,64,42,0,00-0039751,22,0,,-0.234,,0,
7020,1153619,(12:53) (Shotgun) 9-M.Stafford pass short left to 17-D.Adams to LA 26 for 3 yards (20-U.Stout).,LA,SF,PASS,23,4,12,53,7,24,3,2,1,10,23,2,3,0,0,1,0,0,,0,,,,00-0026498,1,0,SL,00-0031381,,3,00-0040152,,,,,,,,,,,,,,,0,,,,,,,0,,,,0,,,0,,,,0,,,0,,-0.281,00-0026498,0,5
7020,1153620,"(12:30) (No Huddle, Shotgun) 9-M.Stafford pass short middle to 84-C.Parkinson to LA 36 for 10 yards (54-F.Warner; 57-D.Greenlaw). PENALTY on LA-77-A.Jackson, Chop Block, 13 yards, enforced at LA 26 - No Play.",LA,SF,NOPL,25,4,12,30,7,24,3,2,2,7,26,2,0,0,0,1,1,0,,0,,,,00-0026498,0,0,,,,0,,,,,LA,00-0036603,Chop Block,-13,NA,,,,,,,0,,,,,,,0,,,,0,,,0,,,,0,,,0,,-1.453,00-0026498,1,5
7020,1153621,(12:05) (Shotgun) 23-K.Williams up the middle to LA 15 for 2 yards (54-F.Warner).,LA,SF,RUSH,20,4,12,5,7,24,3,2,2,20,13,1,2,0,0,1,0,0,00-0037840,0,RM,00-0034815,,,0,0,,,,,,,,,,,,,,,,,,,,0,,,,,,,0,,,,0,,,0,,,,0,,,0,,-0.59,,0,5
7020,1153622,"(11:45) (No Huddle, Shotgun) 9-M.Stafford pass incomplete deep middle to 12-P.Nacua (0-R.Green) [94-R.Height]. PENALTY on SF-0-R.Green, Defensive Pass Interference, 16 yards, enforced at LA 15 - No Play.",LA,SF,NOPL,5,4,11,45,7,24,3,2,3,18,15,1,0,1,1,1,1,0,,0,,,,00-0026498,0,0,,,,0,,,,,SF,00-0039345,Defensive Pass Interference,16,NA,,,,,,,0,,,,,,,0,,,,0,,,0,,,,0,,,0,,2.873,00-0026498,0,5
7020,1153623,(11:40) (Shotgun) 9-M.Stafford pass short right to 89-T.Higbee to LA 39 for 8 yards (54-F.Warner).,LA,SF,PASS,21,4,11,40,7,24,3,2,1,10,31,2,8,1,0,1,0,0,,0,,,,00-0026498,1,0,SR,00-0033110,,6,00-0034815,,,,,,,,,,,,,,,0,,,,,,,0,,,,0,,,0,,,,0,,,0,,0.62,00-0026498,0,5
7020,1153624,"(11:19) (No Huddle, Shotgun) 9-M.Stafford pass short middle to 89-T.Higbee to LA 44 for 5 yards (54-F.Warner; 57-D.Greenlaw). FUMBLES (54-F.Warner), RECOVERED by SF-56-K.White at LA 43.",LA,SF,PASS,11,4,11,19,7,24,3,2,2,2,39,2,4,0,0,1,1,0,,0,,,,00-0026498,1,0,SM,00-0033110,,3,00-0034815,00-0034982,,,,,,,,,,00-0033110,00-0039148,0,00-0034815,1,,,,,,,0,,,,0,,,0,,,,0,,,0,,-5.352,00-0026498,0,5
7020,1153625,(11:08) 26-K.Black up the middle to LA 39 for 4 yards (91-K.Turner).,SF,LA,RUSH,39,4,11,8,24,7,2,3,1,10,57,3,4,0,0,0,0,0,00-0041052,0,RM,00-0039138,,,0,0,,,,,,,,,,,,,,,,,,,,0,,,,,,,0,,,,0,,,0,,,,0,,,0,,-0.057,,0,5
7020,1153626,(10:29) 26-K.Black left tackle to LA 38 for 1 yard (10-J.Stewart; 91-K.Turner).,SF,LA,RUSH,37,4,10,29,24,7,2,3,2,6,61,4,1,0,0,0,0,0,00-0041052,0,LT,00-0040580,00-0039138,,0,0,,,,,,,,,,,,,,,,,,,,0,,,,,,,0,,,,0,,,0,,,,0,,,0,,-0.6,,0,4
7020,1153627,(9:52) (Shotgun) 13-B.Purdy pass incomplete short left to 23-C.McCaffrey (37-Q.Lake).,SF,LA,PASS,4,4,9,52,24,7,2,3,3,5,62,4,0,0,0,1,0,0,,0,,,,00-0037834,0,0,SL,00-0033280,00-0037841,1,,,,,,,,,,,,,,,,0,,,,,,,0,,,,0,,,0,,,,0,,,0,,-1.308,00-0037834,0,6
7020,1153628,"(9:48) 18-E.Pineiro 56 yard field goal is GOOD, Center-46-J.Weeks, Holder-15-C.Waitman.",SF,LA,FGXP,5,4,9,48,24,7,2,3,4,5,62,4,0,1,0,0,0,3,,0,,,,,0,0,,,,,,,,,,,,,,,,,,,,0,,,,FG,00-0034173,56,1,,,,0,,,0,,,,0,,,0,,2.042,,0,
7020,1153629,18-E.Pineiro kicks 64 yards from SF 35 to LA 1. 88-J.Whittington to LA 32 for 31 yards (86-K.Hodge).,LA,SF,KOFF,5,4,9,43,7,27,3,2,0,0,65,4,0,1,0,0,0,0,,0,,,,,0,0,,,,,,,,,,,,,,,,,,,,0,,,,,,,0,,,,0,,,0,00-0034173,64,33,0,00-0039751,31,0,,0.286,,0,
7020,1153630,(9:38) (Shotgun) 9-M.Stafford pass short right to 23-K.Williams to LA 36 for 4 yards (2-D.Lenoir).,LA,SF,PASS,30,4,9,38,7,27,3,2,1,10,32,2,4,0,0,1,0,0,,0,,,,00-0026498,1,0,SR,00-0037840,,3,00-0036563,,,,,,,,,,,,,,,0,,,,,,,0,,,,0,,,0,,,,0,,,0,,-0.077,00-0026498,1,6
7020,1153631,(9:08) (Shotgun) 9-M.Stafford pass short left to 17-D.Adams to LA 46 for 10 yards (0-R.Green).,LA,SF,PASS,23,4,9,8,7,27,3,2,2,6,36,2,10,1,1,1,0,0,,0,,,,00-0026498,1,0,SL,00-0031381,,10,00-0039345,,,,,,,,,,,,,,,0,,,,,,,0,,,,0,,,0,,,,0,,,0,,0.968,00-0026498,1,6
7020,1153632,"(8:45) (No Huddle, Shotgun) 9-M.Stafford pass incomplete short middle to 12-P.Nacua (25-J.Jones).",LA,SF,PASS,6,4,8,45,7,27,3,2,1,10,46,3,0,0,0,1,1,0,,0,,,,00-0026498,0,0,SM,00-0039075,00-0038039,15,,,,,,,,,,,,,,,,0,,,,,,,0,,,,0,,,0,,,,0,,,0,,-0.518,00-0026498,1,6
7020,1153633,(8:39) (Shotgun) 9-M.Stafford pass incomplete deep right to 17-D.Adams.,LA,SF,PASS,5,4,8,39,7,27,3,2,2,10,46,3,0,0,0,1,0,0,,0,,,,00-0026498,0,0,DR,00-0031381,,19,,,,,,,,,,,,,,,,0,,,,,,,0,,,,0,,,0,,,,0,,,0,,-0.82,00-0026498,0,6
7020,1153634,(8:34) (Shotgun) 9-M.Stafford pass short right to 12-P.Nacua to SF 49 for 5 yards (36-M.Sigle).,LA,SF,PASS,36,4,8,34,7,27,3,2,3,10,46,3,5,0,0,1,0,0,,0,,,,00-0026498,1,0,SR,00-0039075,,-2,00-0040185,,,,,,,,,,,,,,,0,,,,,,,0,,,,0,,,0,,,,0,,,0,,-1.181,00-0026498,0,6
7020,1153635,(7:58) (Shotgun) 9-M.Stafford pass incomplete deep right to 18-T.Ferguson [92-O.Odighizuwa].,LA,SF,PASS,4,4,7,58,7,27,3,2,4,5,51,3,0,0,0,1,0,0,,0,,,,00-0026498,0,0,DR,00-0040737,,24,,,,,,,,,,,,,,,,0,,,,,,,0,,,,0,,,0,,,,0,,,0,,-2.777,00-0026498,1,6
7020,1153636,(7:54) 23-C.McCaffrey left guard to LA 43 for 7 yards (94-D.Johnson; 3-K.Curl).,SF,LA,RUSH,40,4,7,54,27,7,2,3,1,10,50,3,7,1,0,0,0,0,00-0033280,0,LG,00-0039061,00-0036349,,0,0,,,,,,,,,,,,,,,,,,,,0,,,,,,,0,,,,0,,,0,,,,0,,,0,,0.393,,0,4
7020,1153637,(7:14) 23-C.McCaffrey up the middle to LA 41 for 2 yards (56-S.Dolac; 53-N.Landman).,SF,LA,RUSH,40,4,7,14,27,7,2,3,2,3,57,3,2,0,0,0,0,0,00-0033280,0,RM,00-0040613,00-0037587,,0,0,,,,,,,,,,,,,,,,,,,,0,,,,,,,0,,,,0,,,0,,,,0,,,0,,-0.13,,0,4
7020,1153638,(6:34) 13-B.Purdy up the middle to LA 40 for 1 yard (55-B.Fiske).,SF,LA,RUSH,42,4,6,34,27,7,2,3,3,1,59,3,1,1,1,0,0,0,00-0037834,0,RM,00-0039734,,,0,0,,,,,,,,,,,,,,,,,,,,0,,,,,,,0,,,,0,,,0,,,,0,,,0,,0.47,,0,4
7020,1153639,(5:52) 26-K.Black right guard to LA 38 for 2 yards (91-K.Turner).,SF,LA,RUSH,44,4,5,52,27,7,2,3,1,10,60,4,2,0,0,0,0,0,00-0041052,0,RG,00-0039138,,,0,0,,,,,,,,,,,,,,,,,,,,0,,,,,,,0,,,,0,,,0,,,,0,,,0,,-0.357,,0,4
7020,1153640,(5:08) 26-K.Black left guard to LA 34 for 4 yards (56-S.Dolac; 91-K.Turner).,SF,LA,RUSH,44,4,5,8,27,7,2,3,2,8,62,4,4,0,0,0,0,0,00-0041052,0,LG,00-0040613,00-0039138,,0,0,,,,,,,,,,,,,,,,,,,,0,,,,,,,0,,,,0,,,0,,,,0,,,0,,-0.191,,0,4
7020,1153641,(4:24) (Shotgun) 13-B.Purdy pass short right to 23-C.McCaffrey to LA 34 for no gain (10-J.Stewart). LA-53-N.Landman was injured during the play.,SF,LA,PASS,50,4,4,24,27,7,2,3,3,4,66,4,0,0,0,1,0,0,,0,,,,00-0037834,1,0,SR,00-0033280,,-6,00-0040580,,,,,,,,,,,,,,,0,,,,,,,0,,,,0,,,0,,,,0,,,0,,-1.211,00-0037834,1,4
7020,1153642,Timeout #2 by SF at 03:34.,NA,NA,NOPL,0,4,3,34,0,0,0,0,0,0,NA,1,0,0,0,0,0,0,,0,,,,,0,0,,,,,,,,,,,,,,,,,,,,0,,,,,,,0,,,,0,,,0,,,,0,,,0,,0,,0,
7020,1153643,"(3:34) 18-E.Pineiro 52 yard field goal is No Good, Hit Right Upright, Center-46-J.Weeks, Holder-15-C.Waitman.",SF,LA,FGXP,5,4,3,34,27,7,1,3,4,4,66,4,0,0,0,0,0,0,,0,,,,,0,0,,,,,,,,,,,,,,,,,,,,0,,,,FG,00-0034173,52,0,,,,0,,,0,,,,0,,,0,,-3.495,,0,
7020,1153644,(3:29) 24-B.Corum up the middle to LA 46 for 4 yards (54-F.Warner; 27-J.Brown).,LA,SF,RUSH,24,4,3,29,7,27,3,1,1,10,42,3,4,0,0,0,0,0,00-0039738,0,RM,00-0034815,00-0038554,,0,0,,,,,,,,,,,,,,,,,,,,0,,,,,,,0,,,,0,,,0,,,,0,,,0,,-0.242,,0,6
7020,1153645,"(3:05) (No Huddle, Shotgun) 13-S.Bennett scrambles up the middle to SF 45 for 9 yards (27-J.Brown). Penalty on SF, Defensive Too Many Men on Field, declined.",LA,SF,RUSH,19,4,3,5,7,27,3,1,2,6,46,3,9,1,1,1,1,0,00-0039107,0,RM,00-0038554,,,0,0,,,,,,,,,,,,,,,,,,,,0,,,,,,,0,,,,0,,,0,,,,0,,,0,,0.832,00-0039107,0,5
7020,1153646,(2:46) (Shotgun) 20-R.Rivers right guard to SF 38 for 7 yards (99-C.West).,LA,SF,RUSH,24,4,2,46,7,27,3,1,1,10,55,3,7,1,0,1,0,0,00-0037557,0,RG,00-0040711,,,0,0,,,,,,,,,,,,,,,,,,,,0,,,,,,,0,,,,0,,,0,,,,0,,,0,,0.365,,0,5
7020,1153647,"(2:22) (No Huddle, Shotgun) 13-S.Bennett pass incomplete short middle to 4-K.Mumpfield [59-O.Okoronkwo]. LA-4-K.Mumpfield was injured during the play.",LA,SF,PASS,4,4,2,22,7,27,3,1,2,3,62,4,0,0,0,1,1,0,,0,,,,00-0039107,0,0,SM,00-0040590,,13,,,,,,,,,,,,,,,,0,,,,,,,0,,,,0,,,0,,,,0,,,0,,-0.568,00-0039107,0,5
7020,1153648,(2:18) (Shotgun) 20-R.Rivers right guard to SF 37 for 1 yard (49-G.Wallow).,LA,SF,RUSH,18,4,2,18,7,27,3,1,3,3,62,4,1,0,0,1,0,0,00-0037557,0,RG,00-0036844,,,0,0,,,,,,,,,,,,,,,,,,,,0,,,,,,,0,,,,0,,,0,,,,0,,,0,,-1.207,,0,5
7020,1153649,(2:00) 20-R.Rivers right tackle to SF 32 for 5 yards (2-D.Lenoir; 36-M.Sigle). ** Injury Update: LA-4-K.Mumpfield has returned to the game.,LA,SF,RUSH,34,4,2,0,7,27,3,1,4,2,63,4,5,1,1,0,0,0,00-0037557,0,RT,00-0036563,00-0040185,,0,0,,,,,,,,,,,,,,,,,,,,0,,,,,,,0,,,,0,,,0,,,,0,,,0,,2.391,,0,5
7020,1153650,(1:26) (Shotgun) 13-S.Bennett pass short middle to 88-J.Whittington to SF 24 for 8 yards (6-M.Mustapha).,LA,SF,PASS,21,4,1,26,7,27,3,1,1,10,68,4,8,1,0,1,0,0,,0,,,,00-0039107,1,0,SM,00-0039751,,8,00-0039360,,,,,,,,,,,,,,,0,,,,,,,0,,,,0,,,0,,,,0,,,0,,0.32,00-0039107,1,5
7020,1153651,"(1:05) (No Huddle, Shotgun) 13-S.Bennett pass short middle to 20-R.Rivers to SF 19 for 5 yards (53-J.Dugger; 6-M.Mustapha). LA-69-K.Dotson was injured during the play.",LA,SF,PASS,18,4,1,5,7,27,3,1,2,2,76,4,5,1,1,1,1,0,,0,,,,00-0039107,1,0,SM,00-0037557,,2,00-0041078,00-0039360,,,,,,,,,,,,,,0,,,,,,,0,,,,0,,,0,,,,0,,,0,,0.437,00-0039107,1,5
7020,1153652,Timeout #1 by LA at 00:47.,NA,NA,NOPL,0,4,0,47,0,0,0,0,0,0,NA,1,0,0,0,0,0,0,,0,,,,,0,0,,,,,,,,,,,,,,,,,,,,0,,,,,,,0,,,,0,,,0,,,,0,,,0,,0,,0,
7020,1153653,(:47) 20-R.Rivers right guard to SF 15 for 4 yards (47-K.Kareem; 53-J.Dugger).,LA,SF,RUSH,33,4,0,47,7,27,2,1,1,10,81,5,4,0,0,0,0,0,00-0037557,0,RG,00-0036341,00-0041078,,0,0,,,,,,,,,,,,,,,,,,,,0,,,,,,,0,,,,0,,,0,,,,0,,,0,,-0.779,,0,5
7020,1153654,(:14) 20-R.Rivers left end to SF 13 for 2 yards (0-R.Green).,LA,SF,RUSH,0,4,0,14,7,27,2,1,2,6,85,5,2,0,0,0,0,0,00-0037557,0,LE,00-0039345,,,0,0,,,,,,,,,,,,,,,,,,,,0,,,,,,,0,,,,0,,,0,,,,0,,,0,,-3.509,,0,5
7021,1153655,"10-R.Fitzgerald kicks 65 yards from CAR 35 to landing zone to end zone, Touchback to the CHI 20.",CHI,CAR,KOFF,0,1,15,0,0,0,3,3,0,0,65,4,0,0,0,0,0,0,,0,,,,,0,0,,,,,,,,,,,,,,,,,,,,0,,,,,,,0,,,,0,,,0,00-0040279,65,65,1,,0,0,,-0.429,,0,
7021,1153656,"(15:00) 4-D.Swift right tackle to CHI 37 for 17 yards (8-Ja.Horn). PENALTY on CHI-15-R.Odunze, Offensive Holding, 10 yards, enforced at CHI 29.",CHI,CAR,RUSH,22,1,15,0,0,0,3,3,1,10,20,2,9,0,0,0,0,0,00-0036275,0,RT,00-0036944,,,0,0,,,,,,,,,CHI,00-0039919,Offensive Holding,-10,NA,,,,,,,0,,,,,,,0,,,,0,,,0,,,,0,,,0,,-0.244,,0,5
7021,1153657,(14:38) 4-D.Swift right end to CHI 23 for 4 yards (5-J.Phillips).,CHI,CAR,RUSH,32,1,14,38,0,0,3,3,1,11,19,1,4,0,0,0,0,0,00-0036275,0,RE,00-0036934,,,0,0,,,,,,,,,,,,,,,,,,,,0,,,,,,,0,,,,0,,,0,,,,0,,,0,,-0.109,,0,5
7021,1153658,"(14:06) (Shotgun) 18-C.Williams pass short right to 10-L.Burden to CHI 30 for 7 yards (55-D.Lloyd, 58-B.Okereke). FUMBLES (58-B.Okereke), touched at CHI 33, RECOVERED by CAR-24-W.Lee at CHI 42.",CHI,CAR,PASS,10,1,14,6,0,0,3,3,2,7,23,2,7,0,0,1,0,0,,0,,,,00-0039918,1,0,SR,00-0040735,,-4,00-0037244,00-0035687,,,,,,,,,,00-0040735,00-0041063,0,00-0035687,1,,,,,,,0,,,,0,,,0,,,,0,,,0,,-3.489,00-0039918,0,5
7021,1153659,(13:56) (Shotgun) 9-B.Young pass short middle to 82-T.Tremble to CHI 31 for 11 yards (29-T.Stevenson).,CAR,CHI,PASS,28,1,13,56,0,0,3,3,1,10,58,3,11,1,1,1,0,0,,0,,,,00-0039150,1,0,SM,00-0037005,,5,00-0039071,,,,,,,,,,,,,,,0,,,,,,,0,,,,0,,,0,,,,0,,,0,,0.762,00-0039150,0,4
7021,1153660,(13:28) 30-C.Hubbard right tackle to CHI 28 for 3 yards (93-K.Street; 1-J.Johnson).,CAR,CHI,RUSH,34,1,13,28,0,0,3,3,1,10,69,4,3,0,0,0,0,0,00-0036555,0,RT,00-0034320,00-0036292,,0,0,,,,,,,,,,,,,,,,,,,,0,,,,,,,0,,,,0,,,0,,,,0,,,0,,-0.159,,0,4
7021,1153661,"(12:54) (Shotgun) 9-B.Young pass deep right to 18-J.Coker ran ob at CHI 2 for 26 yards. PENALTY on CHI-55-D.Odeyingbo, Roughing the Passer, 1 yard, enforced at CHI 2.",CAR,CHI,PASS,10,1,12,54,0,0,3,3,2,7,72,4,26,1,1,1,0,0,,0,,,,00-0039150,1,0,DR,00-0039491,,25,,,,,CHI,00-0036480,Roughing the Passer,1,NA,,,,,,,0,,,,,,,0,,,,0,,,0,,,,0,,,0,,2.421,00-0039150,0,5
7021,1153662,"(12:44) 73-S.Forsythe reported in as eligible. 30-C.Hubbard left guard to CHI 1 for no gain (50-G.Jarrett; 96-J.van den Berg). PENALTY on CHI-98-M.Sweat, Defensive Offside, 0 yards, enforced at CHI 1 - No Play.",CAR,CHI,NOPL,15,1,12,44,0,0,3,3,1,1,99,5,0,0,0,0,0,0,,0,,,,,0,0,,,,,,,,,CHI,00-0035647,Defensive Offside,0,NA,,,,,,,0,,,,,,,0,,,,0,,,0,,,,0,,,0,,-0.011,,0,3
7021,1153663,"(12:29) 9-B.Young pass short middle to 88-D.Waller for 1 yard, TOUCHDOWN NULLIFIED by Penalty. PENALTY on CAR-88-D.Waller, Offensive Pass Interference, 9 yards, enforced at CHI 1 - No Play.",CAR,CHI,NOPL,5,1,12,29,0,0,3,3,1,1,99,5,0,0,0,0,0,0,,0,,,,00-0039150,0,0,,,,0,,,,,CAR,00-0031610,Offensive Pass Interference,-9,NA,,,,,,,0,,,,,,,0,,,,0,,,0,,,,0,,,0,,-1.205,00-0039150,0,3
7021,1153664,(12:24) 30-C.Hubbard left end to CHI 4 for 6 yards (55-D.Odeyingbo).,CAR,CHI,RUSH,39,1,12,24,0,0,3,3,1,10,90,5,6,1,0,0,0,0,00-0036555,0,LE,00-0036480,,,0,0,,,,,,,,,,,,,,,,,,,,0,,,,,,,0,,,,0,,,0,,,,0,,,0,,0.415,,0,5
7021,1153665,(11:45) (Shotgun) 9-B.Young pass incomplete short left to 84-M.Evans (31-D.Thieneman).,CAR,CHI,PASS,5,1,11,45,0,0,3,3,2,4,96,5,0,0,0,1,0,0,,0,,,,00-0039150,0,0,SL,00-0040187,00-0041538,4,,,,,,,,,,,,,,,,0,,,,,,,0,,,,0,,,0,,,,0,,,0,,-0.972,00-0039150,0,5
7021,1153666,"(11:40) (Shotgun) 9-B.Young pass short right to 30-C.Hubbard for 4 yards, TOUCHDOWN.",CAR,CHI,PASS,7,1,11,40,0,0,3,3,3,4,96,5,4,1,1,1,0,6,,0,,,,00-0039150,1,0,SR,00-0036555,,4,,,,,,,,,,,,,,,,0,,,,,,,0,,,,0,,,0,,,,0,,,1,REC,2.247,00-0039150,0,5
7021,1153667,"10-R.Fitzgerald extra point is GOOD, Center-44-J.Jansen, Holder-6-S.Martin.",CAR,CHI,FGXP,0,1,11,33,6,0,3,3,0,0,85,5,0,1,0,0,0,1,,0,,,,,0,0,,,,,,,,,,,,,,,,,,,,0,,,,XP,00-0040279,33,1,,,,0,,,0,,,,0,,,0,,0.068,,0,
7021,1153668,10-R.Fitzgerald kicks 61 yards from CAR 35 to CHI 4. 39-J.Blackwell to CHI 27 for 23 yards (87-B.Tremayne).,CHI,CAR,KOFF,5,1,11,33,0,7,3,3,0,0,65,4,0,1,0,0,0,0,,0,,,,,0,0,,,,,,,,,,,,,,,,,,,,0,,,,,,,0,,,,0,,,0,00-0040279,61,38,0,00-0037129,23,0,,0.098,,0,
7021,1153669,(11:28) 4-D.Swift left tackle to CHI 31 for 4 yards (92-L.Hunter; 97-B.Brown).,CHI,CAR,RUSH,43,1,11,28,0,7,3,3,1,10,27,2,4,0,0,0,0,0,00-0036275,0,LT,00-0041478,00-0036903,,0,0,,,,,,,,,,,,,,,,,,,,0,,,,,,,0,,,,0,,,0,,,,0,,,0,,-0.091,,0,4
7021,1153670,(10:45) 4-D.Swift left end pushed ob at CHI 36 for 5 yards (7-T.Moehrig; 3-P.Umanmielen).,CHI,CAR,RUSH,36,1,10,45,0,7,3,3,2,6,31,2,5,1,0,0,0,0,00-0036275,0,LE,00-0036962,00-0040136,,0,0,,,,,,,,,,,,,,,,,,,,0,,,,,,,0,,,,0,,,0,,,,0,,,0,,0.371,,0,5
7021,1153671,"(10:09) 4-D.Swift left end to CHI 45 for 9 yards (58-B.Okereke). PENALTY on CHI-67-G.Bradbury, Offensive Holding, 9 yards, enforced at CHI 36 - No Play.",CHI,CAR,NOPL,20,1,10,9,0,7,3,3,3,1,36,2,0,0,0,0,0,0,,0,,,,,0,0,,,,,,,,,CHI,00-0035588,Offensive Holding,-9,NA,,,,,,,0,,,,,,,0,,,,0,,,0,,,,0,,,0,,-1.63,,0,5
7021,1153672,(9:49) (Shotgun) 18-C.Williams pass short middle to 10-L.Burden to CHI 42 for 15 yards (24-W.Lee) [95-D.Brown].,CHI,CAR,PASS,26,1,9,49,0,7,3,3,3,10,27,2,15,1,1,1,0,0,,0,,,,00-0039918,1,0,SM,00-0040735,,15,00-0041063,,,,,,,,,,,,,,,0,,,,,,,0,,,,0,,,0,,,,0,,,0,,2.313,00-0039918,1,6
7021,1153673,"(9:23) (No Huddle, Shotgun) 18-C.Williams pass short middle to 14-K.Raymond to CHI 49 for 7 yards (22-L.Ransom).",CHI,CAR,PASS,32,1,9,23,0,7,3,3,1,10,42,3,7,1,0,1,1,0,,0,,,,00-0039918,1,0,SM,00-0032464,,5,00-0040159,,,,,,,,,,,,,,,0,,,,,,,0,,,,0,,,0,,,,0,,,0,,0.462,00-0039918,0,6
7021,1153674,(8:51) (Shotgun) 18-C.Williams scrambles right end ran ob at CAR 45 for 6 yards (2-M.Jackson).,CHI,CAR,RUSH,32,1,8,51,0,7,3,3,2,3,49,3,6,1,1,1,0,0,00-0039918,0,RE,00-0035277,,,0,0,,,,,,,,,,,,,,,,,,,,0,,,,,,,0,,,,0,,,0,,,,0,,,0,,0.51,00-0039918,0,4
7021,1153675,(8:19) 4-D.Swift right tackle to CAR 13 for 32 yards (24-W.Lee).,CHI,CAR,RUSH,49,1,8,19,0,7,3,3,1,10,55,3,32,1,1,0,0,0,00-0036275,0,RT,00-0041063,,,0,0,,,,,,,,,,,,,,,,,,,,0,,,,,,,0,,,,0,,,0,,,,0,,,0,,2.077,,0,5
7021,1153676,(7:30) 4-D.Swift right end to CAR 8 for 5 yards (55-D.Lloyd; 26-C.Smith-Wade).,CHI,CAR,RUSH,44,1,7,30,0,7,3,3,1,10,87,5,5,1,0,0,0,0,00-0036275,0,RE,00-0037244,00-0039380,,0,0,,,,,,,,,,,,,,,,,,,,0,,,,,,,0,,,,0,,,0,,,,0,,,0,,0.123,,0,5
7021,1153677,(6:46) 25-K.Monangai right end to CAR 9 for -1 yards (58-B.Okereke).,CHI,CAR,RUSH,43,1,6,46,0,7,3,3,2,5,92,5,-1,0,0,0,0,0,00-0040236,0,RE,00-0035687,,,0,0,,,,,,,,,,,,,,,,,,,,0,,,,,,,0,,,,0,,,0,,,,0,,,0,,-1.126,,0,4
7021,1153678,"(6:03) (Shotgun) 18-C.Williams scrambles left end for 9 yards, TOUCHDOWN.",CHI,CAR,RUSH,11,1,6,3,0,7,3,3,3,6,91,5,9,1,1,1,0,6,00-0039918,0,LE,,,,0,0,,,,,,,,,,,,,,,,,,,,0,,,,,,,0,,,,0,,,0,,,,0,,,1,RUSH,3.021,00-0039918,0,5
7021,1153679,"8-C.Santos extra point is GOOD, Center-45-B.Gardner, Holder-19-T.Taylor.",CHI,CAR,FGXP,0,1,5,52,6,7,3,3,0,0,85,5,0,1,0,0,0,1,,0,,,,,0,0,,,,,,,,,,,,,,,,,,,,0,,,,XP,00-0031203,33,1,,,,0,,,0,,,,0,,,0,,0.068,,0,
7021,1153680,"8-C.Santos kicks 43 yards from CHI 35 to CAR 22, short of landing zone. PENALTY on CHI-8-C.Santos, Kickoff Short of Landing Zone, placed at CAR 40.",CAR,CHI,KOFF,0,1,5,52,7,7,3,3,0,0,65,4,0,1,0,0,0,0,,0,,,,,0,0,,,,,,,,,CHI,00-0031203,Kickoff Short of Landing Zone,0,NA,,,,,,,0,,,,,,,0,,,,0,,,0,00-0031203,43,43,0,,0,0,,0.93,,0,
7021,1153681,(5:52) (Shotgun) 9-B.Young pass incomplete short left to 17-X.Legette.,CAR,CHI,PASS,3,1,5,52,7,7,3,3,1,10,40,3,0,0,0,1,0,0,,0,,,,00-0039150,0,0,SL,00-0039342,,1,,,,,,,,,,,,,,,,0,,,,,,,0,,,,0,,,0,,,,0,,,0,,-0.492,00-0039150,0,5
7021,1153682,(5:49) (Shotgun) 9-B.Young pass short right to 82-T.Tremble to CAR 43 for 3 yards (21-C.Lewis).,CAR,CHI,PASS,38,1,5,49,7,7,3,3,2,10,40,3,3,0,0,1,0,0,,0,,,,00-0039150,1,0,SR,00-0037005,,0,00-0035357,,,,,,,,,,,,,,,0,,,,,,,0,,,,0,,,0,,,,0,,,0,,-0.523,00-0039150,0,4
7021,1153683,(5:11) (Shotgun) 9-B.Young sacked at CAR 37 for -6 yards (98-M.Sweat).,CAR,CHI,PASS,49,1,5,11,7,7,3,3,3,7,43,3,-6,0,0,1,0,0,,0,,,,,0,0,,,,,,,00-0035647,,,,,,,,,,,,,0,,,,,,,0,,,,0,,,0,,,,0,,,0,,-2.045,00-0039150,0,5
7021,1153684,"(4:22) 6-S.Martin punts 30 yards to CHI 33, Center-44-J.Jansen, out of bounds.",CAR,CHI,PUNT,10,1,4,22,7,7,3,3,4,13,37,2,0,0,0,0,0,0,,0,,,,,0,0,,,,,,,,,,,,,,,,,,,,0,,,,,,,0,00-0030092,30,30,0,,0,0,,,,0,,,0,,-0.636,,0,
7021,1153685,(4:12) 18-C.Williams pass short right to 14-K.Raymond to CHI 45 for 12 yards (21-N.Scott).,CHI,CAR,PASS,37,1,4,12,7,7,3,3,1,10,33,2,12,1,1,0,0,0,,0,,,,00-0039918,1,0,SR,00-0032464,,12,00-0035669,,,,,,,,,,,,,,,0,,,,,,,0,,,,0,,,0,,,,0,,,0,,0.775,00-0039918,0,5
7021,1153686,(3:35) 10-L.Burden right end ran ob at CHI 47 for 2 yards (21-N.Scott).,CHI,CAR,RUSH,34,1,3,35,7,7,3,3,1,10,45,3,2,0,0,0,0,0,00-0040735,0,RE,00-0035669,,,0,0,,,,,,,,,,,,,,,,,,,,0,,,,,,,0,,,,0,,,0,,,,0,,,0,,-0.357,,0,4
7021,1153687,(3:01) (Shotgun) 18-C.Williams pass deep right to 15-R.Odunze pushed ob at CAR 6 for 47 yards (24-W.Lee). CAR-97-B.Brown was injured during the play.,CHI,CAR,PASS,24,1,3,1,7,7,3,3,2,8,47,3,47,1,1,1,0,0,,0,,,,00-0039918,1,0,DR,00-0039919,,44,00-0041063,,,,,,,,,,,,,,,0,,,,,,,0,,,,0,,,0,,,,0,,,0,,3.794,00-0039918,1,5
7021,1153688,(2:37) 18-C.Williams pass incomplete short right.,CHI,CAR,PASS,7,1,2,37,7,7,3,3,1,6,94,5,0,0,0,0,0,0,,0,,,,00-0039918,0,0,SR,,,6,,,,,,,,,,,,,,,,0,,,,,,,0,,,,0,,,0,,,,0,,,0,,-0.54,00-0039918,0,4
7021,1153689,(2:30) 4-D.Swift right tackle to CAR 1 for 5 yards (92-L.Hunter).,CHI,CAR,RUSH,27,1,2,30,7,7,3,3,2,6,94,5,5,1,0,0,0,0,00-0036275,0,RT,00-0041478,,,0,0,,,,,,,,,,,,,,,,,,,,0,,,,,,,0,,,,0,,,0,,,,0,,,0,,0.64,,0,5
7021,1153690,"(2:03) (No Huddle, Shotgun) 4-D.Swift up the middle for 1 yard, TOUCHDOWN.",CHI,CAR,RUSH,4,1,2,3,7,7,3,3,3,1,99,5,1,1,1,1,1,6,00-0036275,0,RM,,,,0,0,,,,,,,,,,,,,,,,,,,,0,,,,,,,0,,,,0,,,0,,,,0,,,1,RUSH,1.316,,0,5
7021,1153691,"8-C.Santos extra point is GOOD, Center-45-B.Gardner, Holder-19-T.Taylor.",CHI,CAR,FGXP,0,1,1,59,13,7,3,3,0,0,85,5,0,1,0,0,0,1,,0,,,,,0,0,,,,,,,,,,,,,,,,,,,,0,,,,XP,00-0031203,33,1,,,,0,,,0,,,,0,,,0,,0.068,,0,
7021,1153692,"8-C.Santos kicks 64 yards from CHI 35 to CAR 1. 15-Ji.Horn ran ob at CAR 27 for 26 yards (39-J.Blackwell). PENALTY on CAR-27-I.Simmons, Offensive Holding, 10 yards, enforced at CAR 27.",CAR,CHI,KOFF,5,1,1,59,7,14,3,3,0,0,65,4,0,0,0,0,0,0,,0,,,,,0,0,,,,,,,,,CAR,00-0036356,Offensive Holding,-10,NA,,,,,,,0,,,,,,,0,,,,0,,,0,00-0031203,64,38,0,00-0040218,26,0,,-0.607,,0,
7021,1153693,(1:54) 25-J.Brooks right tackle to CAR 18 for 1 yard (50-G.Jarrett; 90-N.Gallimore).,CAR,CHI,RUSH,27,1,1,54,7,14,3,3,1,10,17,1,1,0,0,0,0,0,00-0039344,0,RT,00-0031583,00-0036366,,0,0,,,,,,,,,,,,,,,,,,,,0,,,,,,,0,,,,0,,,0,,,,0,,,0,,-0.585,,0,5
7021,1153694,"(1:27) (No Huddle, Shotgun) PENALTY on CAR-57-M.Freeling, False Start, 5 yards, enforced at CAR 18 - No Play.",CAR,CHI,NOPL,18,1,1,27,7,14,3,3,2,9,18,1,0,0,0,1,1,0,,0,,,,,0,0,,,,,,,,,CAR,00-0041034,False Start,-5,NA,,,,,,,0,,,,,,,0,,,,0,,,0,,,,0,,,0,,-0.76,,0,
7021,1153695,(1:09) (Shotgun) 25-J.Brooks left guard to CAR 18 for 5 yards (50-G.Jarrett; 24-M.Muhammad).,CAR,CHI,RUSH,44,1,1,9,7,14,3,3,2,14,13,1,5,0,0,1,0,0,00-0039344,0,LG,00-0031583,00-0041060,,0,0,,,,,,,,,,,,,,,,,,,,0,,,,,,,0,,,,0,,,0,,,,0,,,0,,-0.061,,0,5
7021,1153696,(:25) (Shotgun) 9-B.Young pass short left to 30-C.Hubbard to CAR 23 for 5 yards (31-D.Thieneman).,CAR,CHI,PASS,25,1,0,25,7,14,3,3,3,9,18,1,5,0,0,1,0,0,,0,,,,00-0039150,1,0,SL,00-0036555,,-5,00-0041538,,,,,,,,,,,,,,,0,,,,,,,0,,,,0,,,0,,,,0,,,0,,-0.875,00-0039150,1,5
7021,1153697,"(15:00) 6-S.Martin punts 56 yards to CHI 21, Center-44-J.Jansen. 14-K.Raymond to CHI 44 for 23 yards (48-T.Incoom). PENALTY on CAR-84-M.Evans, Unnecessary Roughness, 15 yards, enforced at CHI 44.",CAR,CHI,PUNT,12,2,15,0,7,14,3,3,4,4,23,2,0,0,0,0,0,0,,0,,,,,0,0,,,,,,,,,CAR,00-0040187,Unnecessary Roughness,-15,NA,,,,,,,0,,,,,,,0,00-0030092,56,33,0,00-0032464,23,0,,,,0,,,0,,-1.584,,0,
7021,1153698,(14:48) (Shotgun) 18-C.Williams pass short middle to 25-K.Monangai to CAR 22 for 19 yards (2-M.Jackson).,CHI,CAR,PASS,43,2,14,48,14,7,3,3,1,10,59,3,19,1,1,1,0,0,,0,,,,00-0039918,1,0,SM,00-0040236,,4,00-0035277,,,,,,,,,,,,,,,0,,,,,,,0,,,,0,,,0,,,,0,,,0,,1.331,00-0039918,0,4
7021,1153699,"(14:05) 18-C.Williams pass deep left to 85-C.Kmet for 22 yards, TOUCHDOWN.",CHI,CAR,PASS,8,2,14,5,14,7,3,3,1,10,78,4,22,1,1,0,0,6,,0,,,,00-0039918,1,0,DL,00-0036290,,22,,,,,,,,,,,,,,,,0,,,,,,,0,,,,0,,,0,,,,0,,,1,REC,2.566,00-0039918,0,4
7021,1153700,"8-C.Santos extra point is GOOD, Center-45-B.Gardner, Holder-19-T.Taylor. CAR-95-D.Brown was injured during the play.",CHI,CAR,FGXP,0,2,13,57,20,7,3,3,0,0,85,5,0,1,0,0,0,1,,0,,,,,0,0,,,,,,,,,,,,,,,,,,,,0,,,,XP,00-0031203,33,1,,,,0,,,0,,,,0,,,0,,0.068,,0,
7021,1153701,8-C.Santos kicks 54 yards from CHI 35 to CAR 11. 15-Ji.Horn to CAR 27 for 16 yards (31-D.Thieneman).,CAR,CHI,KOFF,5,2,13,57,7,21,3,3,0,0,65,4,0,1,0,0,0,0,,0,,,,,0,0,,,,,,,,,,,,,,,,,,,,0,,,,,,,0,,,,0,,,0,00-0031203,54,38,0,00-0040218,16,0,,0.098,,0,
7021,1153702,(13:52) (Shotgun) 9-B.Young pass short left to 18-J.Coker pushed ob at CAR 44 for 17 yards (29-T.Stevenson).,CAR,CHI,PASS,30,2,13,52,7,21,3,3,1,10,27,2,17,1,1,1,0,0,,0,,,,00-0039150,1,0,SL,00-0039491,,10,00-0039071,,,,,,,,,,,,,,,0,,,,,,,0,,,,0,,,0,,,,0,,,0,,1.065,00-0039150,0,4
7021,1153703,(13:22) 30-C.Hubbard left end to CAR 49 for 5 yards (31-D.Thieneman).,CAR,CHI,RUSH,33,2,13,22,7,21,3,3,1,10,44,3,5,1,0,0,0,0,00-0036555,0,LE,00-0041538,,,0,0,,,,,,,,,,,,,,,,,,,,0,,,,,,,0,,,,0,,,0,,,,0,,,0,,0.027,,0,4
7021,1153704,"(12:49) 9-B.Young pass deep left to 18-J.Coker for 51 yards, TOUCHDOWN.",CAR,CHI,PASS,9,2,12,49,7,21,3,3,2,5,49,3,51,1,1,0,0,6,,0,,,,00-0039150,1,0,DL,00-0039491,,43,,,,,,,,,,,,,,,,0,,,,,,,0,,,,0,,,0,,,,0,,,1,REC,4.6,00-0039150,0,4
7021,1153705,"10-R.Fitzgerald extra point is GOOD, Center-44-J.Jansen, Holder-6-S.Martin.",CAR,CHI,FGXP,0,2,12,40,13,21,3,3,0,0,85,5,0,1,0,0,0,1,,0,,,,,0,0,,,,,,,,,,,,,,,,,,,,0,,,,XP,00-0040279,33,1,,,,0,,,0,,,,0,,,0,,0.068,,0,
7021,1153706,"10-R.Fitzgerald kicks 63 yards from CAR 35 to CHI 2. 39-J.Blackwell to CHI 40 for 38 yards (53-C.Cherelus; 22-L.Ransom). PENALTY on CHI-38-S.Thomas, Illegal Block Above the Waist, 10 yards, enforced at CHI 22.",CHI,CAR,KOFF,6,2,12,40,21,14,3,3,0,0,65,4,0,0,0,0,0,0,,0,,,,,0,0,,,,,,,,,CHI,00-0041175,Illegal Block Above the Waist,-10,NA,,,,,,,0,,,,,,,0,,,,0,,,0,00-0040279,63,43,0,00-0037129,20,0,,-0.876,,0,
7021,1153707,(12:34) 4-D.Swift right tackle to CHI 13 for 1 yard (95-D.Brown). ** Injury Update: CAR-97-B.Brown has returned to the game. ** Injury Update: CAR-95-D.Brown has returned to the game.,CHI,CAR,RUSH,37,2,12,34,21,14,3,3,1,10,12,1,1,0,0,0,0,0,00-0036275,0,RT,00-0036220,,,0,0,,,,,,,,,,,,,,,,,,,,0,,,,,,,0,,,,0,,,0,,,,0,,,0,,-0.553,,0,4
7021,1153708,(11:57) (Shotgun) 18-C.Williams scrambles right end ran ob at CHI 19 for 6 yards (58-B.Okereke).,CHI,CAR,RUSH,38,2,11,57,21,14,3,3,2,9,13,1,6,1,0,1,0,0,00-0039918,0,RE,00-0035687,,,0,0,,,,,,,,,,,,,,,,,,,,0,,,,,,,0,,,,0,,,0,,,,0,,,0,,0.116,00-0039918,0,4
7021,1153709,(11:19) (Shotgun) 18-C.Williams scrambles up the middle to CHI 21 for 2 yards (95-D.Brown).,CHI,CAR,RUSH,44,2,11,19,21,14,3,3,3,3,19,1,2,0,0,1,0,0,00-0039918,0,RM,00-0036220,,,0,0,,,,,,,,,,,,,,,,,,,,0,,,,,,,0,,,,0,,,0,,,,0,,,0,,-0.879,00-0039918,1,4
7021,1153710,(10:35) 18-C.Williams up the middle to CHI 21 for no gain (21-N.Scott; 97-B.Brown). (Virtual Measurement).,CHI,CAR,RUSH,8,2,10,35,21,14,3,3,4,1,21,2,0,0,0,0,0,0,00-0039918,0,RM,00-0035669,00-0036903,,0,0,,,,,,,,,,,,,,,,,,,,0,,,,,,,0,,,,0,,,0,,,,0,,,0,,-3.379,,0,4
7021,1153711,(10:27) (Shotgun) 9-B.Young pass short right to 4-T.McMillan to CHI 7 for 14 yards (12-D.Bush).,CAR,CHI,PASS,24,2,10,27,14,21,3,3,1,10,79,4,14,1,1,1,0,0,,0,,,,00-0039150,1,0,SR,00-0040124,,5,00-0035525,,,,,,,,,,,,,,,0,,,,,,,0,,,,0,,,0,,,,0,,,0,,0.856,00-0039150,0,5
7021,1153712,(10:03) (No Huddle) 30-C.Hubbard left end to CHI 4 for 3 yards (29-T.Stevenson).,CAR,CHI,RUSH,42,2,10,3,14,21,3,3,1,7,93,5,3,1,0,0,1,0,00-0036555,0,LE,00-0039071,,,0,0,,,,,,,,,,,,,,,,,,,,0,,,,,,,0,,,,0,,,0,,,,0,,,0,,0.036,,0,5
7021,1153713,"(9:21) (Shotgun) 9-B.Young pass short left to 30-C.Hubbard pushed ob at CHI 2 for 2 yards (53-T.Edwards). PENALTY on CHI-55-D.Odeyingbo, Illegal Use of Hands, 2 yards, enforced at CHI 4 - No Play.",CAR,CHI,NOPL,12,2,9,21,14,21,3,3,2,4,96,5,0,1,1,1,0,0,,0,,,,00-0039150,0,0,,,,0,,,,,CHI,00-0036480,Illegal Use of Hands,2,NA,,,,,,,0,,,,,,,0,,,,0,,,0,,,,0,,,0,,0.756,00-0039150,0,5
7021,1153714,"(9:09) 30-C.Hubbard up the middle to CHI 1 for 1 yard (93-K.Street). PENALTY on CAR, Illegal Shift, 5 yards, enforced at CHI 2 - No Play.",CAR,CHI,NOPL,18,2,9,9,14,21,3,3,1,2,98,5,0,0,0,0,0,0,,0,,,,,0,0,,,,,,,,,CAR,,Illegal Shift,-5,NA,,,,,,,0,,,,,,,0,,,,0,,,0,,,,0,,,0,,-0.835,,0,3
7021,1153715,"(8:51) 9-B.Young scrambles right tackle for 7 yards, TOUCHDOWN.",CAR,CHI,RUSH,9,2,8,51,14,21,3,3,1,7,93,5,7,1,1,0,0,6,00-0039150,0,RT,,,,0,0,,,,,,,,,,,,,,,,,,,,0,,,,,,,0,,,,0,,,0,,,,0,,,1,RUSH,1.597,00-0039150,0,5
7021,1153716,"10-R.Fitzgerald extra point is GOOD, Center-44-J.Jansen, Holder-6-S.Martin.",CAR,CHI,FGXP,0,2,8,42,20,21,3,3,0,0,85,5,0,1,0,0,0,1,,0,,,,,0,0,,,,,,,,,,,,,,,,,,,,0,,,,XP,00-0040279,33,1,,,,0,,,0,,,,0,,,0,,0.068,,0,
7021,1153717,10-R.Fitzgerald kicks 62 yards from CAR 35 to CHI 3. 39-J.Blackwell to CHI 25 for 22 yards (56-J.Moon).,CHI,CAR,KOFF,6,2,8,42,21,21,3,3,0,0,65,4,0,0,0,0,0,0,,0,,,,,0,0,,,,,,,,,,,,,,,,,,,,0,,,,,,,0,,,,0,,,0,00-0040279,62,40,0,00-0037129,22,0,,-0.001,,0,
7021,1153718,(8:36) 18-C.Williams pass incomplete short right.,CHI,CAR,PASS,8,2,8,36,21,21,3,3,1,10,25,2,0,0,0,0,0,0,,0,,,,00-0039918,0,0,SR,,,13,,,,,,,,,,,,,,,,0,,,,,,,0,,,,0,,,0,,,,0,,,0,,-0.525,00-0039918,0,4
7021,1153719,(8:28) 25-K.Monangai up the middle to CHI 32 for 7 yards (93-T.Edwards).,CHI,CAR,RUSH,37,2,8,28,21,21,3,3,2,10,25,2,7,1,0,0,0,0,00-0040236,0,RM,00-0040458,,,0,0,,,,,,,,,,,,,,,,,,,,0,,,,,,,0,,,,0,,,0,,,,0,,,0,,0.255,,0,5
7021,1153720,(7:51) 25-K.Monangai right tackle to CHI 30 for -2 yards (52-T.Gipson).,CHI,CAR,RUSH,44,2,7,51,21,21,3,3,3,3,32,2,-2,0,0,0,0,0,00-0040236,0,RT,00-0036305,,,0,0,,,,,,,,,,,,,,,,,,,,0,,,,,,,0,,,,0,,,0,,,,0,,,0,,-1.752,,0,4
7021,1153721,"(7:07) 19-T.Taylor punts 48 yards to CAR 22, Center-45-B.Gardner. 15-Ji.Horn MUFFS catch, RECOVERED by CHI-81-K.Davis at CAR 28.",CHI,CAR,PUNT,11,2,7,7,21,21,3,3,4,5,30,2,0,1,0,0,0,0,,0,,,,,0,0,,,,,,,,,,,,,,,,00-0040218,00-0037380,0,,1,,,,,,,0,00-0039745,48,48,0,00-0040218,0,0,,,,0,,,0,,4.873,,0,
7021,1153722,(6:56) 4-D.Swift right guard to CAR 27 for 1 yard (55-D.Lloyd).,CHI,CAR,RUSH,44,2,6,56,21,21,3,3,1,10,72,4,1,0,0,0,0,0,00-0036275,0,RG,00-0037244,,,0,0,,,,,,,,,,,,,,,,,,,,0,,,,,,,0,,,,0,,,0,,,,0,,,0,,-0.404,,0,4
7021,1153723,(6:12) (Shotgun) 18-C.Williams pass incomplete short right to 14-K.Raymond (24-W.Lee).,CHI,CAR,PASS,5,2,6,12,21,21,3,3,2,9,73,4,0,0,0,1,0,0,,0,,,,00-0039918,0,0,SR,00-0032464,00-0041063,2,,,,,,,,,,,,,,,,0,,,,,,,0,,,,0,,,0,,,,0,,,0,,-0.591,00-0039918,0,5
7021,1153724,(6:07) (Shotgun) 18-C.Williams pass short middle to 14-K.Raymond to CAR 22 for 5 yards (55-D.Lloyd).,CHI,CAR,PASS,43,2,6,7,21,21,3,3,3,9,73,4,5,0,0,1,0,0,,0,,,,00-0039918,1,0,SM,00-0032464,,5,00-0037244,,,,,,,,,,,,,,,0,,,,,,,0,,,,0,,,0,,,,0,,,0,,-0.588,00-0039918,0,5
7021,1153725,"(5:24) 8-C.Santos 40 yard field goal is GOOD, Center-45-B.Gardner, Holder-19-T.Taylor.",CHI,CAR,FGXP,4,2,5,24,21,21,3,3,4,4,78,4,0,1,0,0,0,3,,0,,,,,0,0,,,,,,,,,,,,,,,,,,,,0,,,,FG,00-0031203,40,1,,,,0,,,0,,,,0,,,0,,0.642,,0,
7021,1153726,8-C.Santos kicks 54 yards from CHI 35 to CAR 11. 15-Ji.Horn to CAR 26 for 15 yards (9-J.Walker; 23-R.Johnson).,CAR,CHI,KOFF,4,2,5,20,21,24,3,3,0,0,65,4,0,1,0,0,0,0,,0,,,,,0,0,,,,,,,,,,,,,,,,,,,,0,,,,,,,0,,,,0,,,0,00-0031203,54,39,0,00-0040218,15,0,,0.022,,0,
7021,1153727,"(5:16) 25-J.Brooks right tackle to CAR 27 for 1 yard (90-N.Gallimore; 94-A.Booker). PENALTY on CHI-97-J.Lynch, Defensive Offside, 5 yards, enforced at CAR 26 - No Play.",CAR,CHI,NOPL,19,2,5,16,21,24,3,3,1,10,26,2,0,1,0,0,0,0,,0,,,,,0,0,,,,,,,,,CHI,00-0036337,Defensive Offside,5,NA,,,,,,,0,,,,,,,0,,,,0,,,0,,,,0,,,0,,0.662,,0,5
7021,1153728,(4:57) 9-B.Young pass short middle to 18-J.Coker to CAR 34 for 3 yards (97-J.Lynch).,CAR,CHI,PASS,46,2,4,57,21,24,3,3,1,5,31,2,3,0,0,0,0,0,,0,,,,00-0039150,1,0,SM,00-0039491,,-1,00-0036337,,,,,,,,,,,,,,,0,,,,,,,0,,,,0,,,0,,,,0,,,0,,-0.144,00-0039150,0,5
7021,1153729,"(4:11) 25-J.Brooks left end pushed ob at CAR 46 for 12 yards (29-T.Stevenson). PENALTY on CAR-50-R.Hunt, Offensive Holding, 10 yards, enforced at CAR 36.",CAR,CHI,RUSH,30,2,4,11,21,24,3,3,2,2,34,2,2,0,0,0,0,0,00-0039344,0,LE,00-0039071,,,0,0,,,,,,,,,CAR,00-0036325,Offensive Holding,-10,NA,,,,,,,0,,,,,,,0,,,,0,,,0,,,,0,,,0,,-1.03,,0,4
7021,1153730,(3:41) (Shotgun) 9-B.Young pass deep right to 25-J.Brooks to CHI 26 for 48 yards (1-J.Johnson).,CAR,CHI,PASS,44,2,3,41,21,24,3,3,2,10,26,2,48,1,1,1,0,0,,0,,,,00-0039150,1,0,DR,00-0039344,,22,00-0036292,,,,,,,,,,,,,,,0,,,,,,,0,,,,0,,,0,,,,0,,,0,,3.423,00-0039150,0,5
7021,1153731,(2:57) 9-B.Young pass incomplete short right to 82-T.Tremble.,CAR,CHI,PASS,4,2,2,57,21,24,3,3,1,10,74,4,0,0,0,0,0,0,,0,,,,00-0039150,0,0,SR,00-0037005,,-1,,,,,,,,,,,,,,,,0,,,,,,,0,,,,0,,,0,,,,0,,,0,,-0.437,00-0039150,0,5
7021,1153732,(2:53) (Shotgun) 9-B.Young pass incomplete short middle to 4-T.McMillan (24-M.Muhammad).,CAR,CHI,PASS,6,2,2,53,21,24,3,3,2,10,74,4,0,0,0,1,0,0,,0,,,,00-0039150,0,0,SM,00-0040124,00-0041060,10,,,,,,,,,,,,,,,,0,,,,,,,0,,,,0,,,0,,,,0,,,0,,-0.501,00-0039150,1,5
7021,1153733,(2:47) (Shotgun) 9-B.Young pass incomplete short left.,CAR,CHI,PASS,8,2,2,47,21,24,3,3,3,10,74,4,0,0,0,1,0,0,,0,,,,00-0039150,0,0,SL,,,9,,,,,,,,,,,,,,,,0,,,,,,,0,,,,0,,,0,,,,0,,,0,,-0.843,00-0039150,0,5
7021,1153734,"(2:39) 10-R.Fitzgerald 44 yard field goal is GOOD, Center-44-J.Jansen, Holder-6-S.Martin.",CAR,CHI,FGXP,4,2,2,39,21,24,3,3,4,10,74,4,0,1,0,0,0,3,,0,,,,,0,0,,,,,,,,,,,,,,,,,,,,0,,,,FG,00-0040279,44,1,,,,0,,,0,,,,0,,,0,,0.989,,0,
7021,1153735,10-R.Fitzgerald kicks 65 yards from CAR 35 to CHI 0. 39-J.Blackwell to CHI 20 for 20 yards (81-F.Franks; 56-J.Moon).,CHI,CAR,KOFF,4,2,2,35,24,24,3,3,0,0,65,4,0,0,0,0,0,0,,0,,,,,0,0,,,,,,,,,,,,,,,,,,,,0,,,,,,,0,,,,0,,,0,00-0040279,65,45,0,00-0037129,20,0,,-0.218,,0,
7021,1153736,(2:31) (Shotgun) 18-C.Williams sacked at CHI 14 for -6 yards (5-J.Phillips).,CHI,CAR,PASS,31,2,2,31,24,24,3,3,1,10,20,2,-6,0,0,1,0,0,,0,,,,,0,0,,,,,,,00-0036934,,,,,,,,,,,,,0,,,,,,,0,,,,0,,,0,,,,0,,,0,,-1.054,00-0039918,0,4
7021,1153737,(2:00) (Shotgun) 18-C.Williams pass short middle to 15-R.Odunze to CHI 19 for 5 yards (55-D.Lloyd).,CHI,CAR,PASS,43,2,2,0,24,24,3,3,2,16,14,1,5,1,0,1,0,0,,0,,,,00-0039918,1,0,SM,00-0039919,,5,00-0037244,,,,,,,,,,,,,,,0,,,,,,,0,,,,0,,,0,,,,0,,,0,,0.313,00-0039918,0,6
7021,1153738,(1:17) (Shotgun) 18-C.Williams pass deep left to 14-K.Raymond to CHI 47 for 28 yards (21-N.Scott).,CHI,CAR,PASS,32,2,1,17,24,24,3,3,3,11,19,1,28,1,1,1,0,0,,0,,,,00-0039918,1,0,DL,00-0032464,,28,00-0035669,,,,,,,,,,,,,,,0,,,,,,,0,,,,0,,,0,,,,0,,,0,,1.636,00-0039918,0,6
7021,1153739,(:45) (Shotgun) 18-C.Williams pass short middle to 25-K.Monangai to CAR 48 for 5 yards (55-D.Lloyd).,CHI,CAR,PASS,7,2,0,45,24,24,3,3,1,10,47,3,5,1,0,1,0,0,,0,,,,00-0039918,1,0,SM,00-0040236,,5,00-0037244,,,,,,,,,,,,,,,0,,,,,,,0,,,,0,,,0,,,,0,,,0,,0.135,00-0039918,1,6
7021,1153740,Timeout #1 by CHI at 00:38.,NA,NA,NOPL,0,2,0,38,0,0,0,0,0,0,NA,1,0,0,0,0,0,0,,0,,,,,0,0,,,,,,,,,,,,,,,,,,,,0,,,,,,,0,,,,0,,,0,,,,0,,,0,,0,,0,
7021,1153741,"(:38) (Shotgun) PENALTY on CHI, Delay of Game, 5 yards, enforced at CAR 48 - No Play.",CHI,CAR,NOPL,0,2,0,38,24,24,2,3,2,5,52,3,0,0,0,1,0,0,,0,,,,,0,0,,,,,,,,,CHI,,Delay of Game,-5,NA,,,,,,,0,,,,,,,0,,,,0,,,0,,,,0,,,0,,-0.428,,0,
7021,1153742,(:38) (Shotgun) 18-C.Williams pass deep left to 10-L.Burden to CAR 29 for 24 yards (22-L.Ransom).,CHI,CAR,PASS,6,2,0,38,24,24,2,3,2,10,47,3,24,1,1,1,0,0,,0,,,,00-0039918,1,0,DL,00-0040735,,16,00-0040159,,,,,,,,,,,,,,,0,,,,,,,0,,,,0,,,0,,,,0,,,0,,1.77,00-0039918,1,6
7021,1153743,Timeout #2 by CHI at 00:32.,NA,NA,NOPL,0,2,0,32,0,0,0,0,0,0,NA,1,0,0,0,0,0,0,,0,,,,,0,0,,,,,,,,,,,,,,,,,,,,0,,,,,,,0,,,,0,,,0,,,,0,,,0,,0,,0,
7021,1153744,"(:32) (Shotgun) 18-C.Williams scrambles left end for 29 yards, TOUCHDOWN.",CHI,CAR,RUSH,10,2,0,32,24,24,1,3,1,10,71,4,29,1,1,1,0,6,00-0039918,0,LE,,,,0,0,,,,,,,,,,,,,,,,,,,,0,,,,,,,0,,,,0,,,0,,,,0,,,1,RUSH,3.955,00-0039918,1,6
7021,1153745,"8-C.Santos extra point is GOOD, Center-45-B.Gardner, Holder-19-T.Taylor.",CHI,CAR,FGXP,0,2,0,22,30,24,1,3,0,0,85,5,0,1,0,0,0,1,,0,,,,,0,0,,,,,,,,,,,,,,,,,,,,0,,,,XP,00-0031203,33,1,,,,0,,,0,,,,0,,,0,,0.068,,0,
7021,1153746,8-C.Santos kicks 59 yards from CHI 35 to CAR 6. 17-X.Legette to CAR 29 for 23 yards (9-J.Walker; 23-R.Johnson).,CAR,CHI,KOFF,5,2,0,22,24,31,3,1,0,0,65,4,0,1,0,0,0,0,,0,,,,,0,0,,,,,,,,,,,,,,,,,,,,0,,,,,,,0,,,,0,,,0,00-0031203,59,36,0,00-0039342,23,0,,0.008,,0,
7021,1153747,(:17) (Shotgun) 9-B.Young pass short middle to 88-D.Waller to CAR 40 for 11 yards (31-D.Thieneman).,CAR,CHI,PASS,6,2,0,17,24,31,3,1,1,10,29,2,11,1,1,1,0,0,,0,,,,00-0039150,1,0,SM,00-0031610,,4,00-0041538,,,,,,,,,,,,,,,0,,,,,,,0,,,,0,,,0,,,,0,,,0,,0.153,00-0039150,0,5
7021,1153748,Timeout #1 by CAR at 00:11.,NA,NA,NOPL,0,2,0,11,0,0,0,0,0,0,NA,1,0,0,0,0,0,0,,0,,,,,0,0,,,,,,,,,,,,,,,,,,,,0,,,,,,,0,,,,0,,,0,,,,0,,,0,,0,,0,
7021,1153749,(:11) (Shotgun) 9-B.Young pass deep left intended for 18-J.Coker INTERCEPTED by 24-M.Muhammad at CHI 38. 24-M.Muhammad to CHI 38 for no gain. CHI-24-M.Muhammad was injured during the play.,CAR,CHI,PASS,6,2,0,11,24,31,2,1,1,10,40,3,0,0,0,1,0,0,,0,,,,00-0039150,0,0,DL,00-0039491,00-0041060,22,,,,,,,,,,00-0041060,0,,,,,0,,,,,,,0,,,,0,,,0,,,,0,,,0,,-0.446,00-0039150,0,5
7021,1153750,Timeout #2 by CAR at 00:05.,NA,NA,NOPL,0,2,0,5,0,0,0,0,0,0,NA,1,0,0,0,0,0,0,,0,,,,,0,0,,,,,,,,,,,,,,,,,,,,0,,,,,,,0,,,,0,,,0,,,,0,,,0,,0,,0,
7021,1153751,(:05) (Shotgun) 18-C.Williams pass incomplete deep right to 15-R.Odunze.,CHI,CAR,PASS,5,2,0,5,31,24,1,1,1,10,38,2,0,0,0,1,0,0,,0,,,,00-0039918,0,0,DR,00-0039919,,41,,,,,,,,,,,,,,,,0,,,,,,,0,,,,0,,,0,,,,0,,,0,,-0.09,00-0039918,1,5
7021,1153752,8-C.Santos kicks 60 yards from CHI 35 to CAR 5. 17-X.Legette to CAR 34 for 29 yards (92-D.Hardy; 22-E.Hicks).,CAR,CHI,KOFF,6,3,15,0,24,31,3,3,0,0,65,4,0,1,0,0,0,0,,0,,,,,0,0,,,,,,,,,,,,,,,,,,,,0,,,,,,,0,,,,0,,,0,00-0031203,60,31,0,00-0039342,29,0,,0.578,,0,
7021,1153753,(14:54) 30-C.Hubbard up the middle to CAR 37 for 3 yards (21-C.Lewis; 98-M.Sweat).,CAR,CHI,RUSH,27,3,14,54,24,31,3,3,1,10,34,2,3,0,0,0,0,0,00-0036555,0,RM,00-0035357,00-0035647,,0,0,,,,,,,,,,,,,,,,,,,,0,,,,,,,0,,,,0,,,0,,,,0,,,0,,-0.221,,0,4
7021,1153754,(14:27) (Shotgun) 30-C.Hubbard up the middle to CAR 41 for 4 yards (48-D.Jackson; 50-G.Jarrett).,CAR,CHI,RUSH,35,3,14,27,24,31,3,3,2,7,37,2,4,0,0,1,0,0,00-0036555,0,RM,00-0037271,00-0031583,,0,0,,,,,,,,,,,,,,,,,,,,0,,,,,,,0,,,,0,,,0,,,,0,,,0,,-0.199,,0,4
7021,1153755,(13:52) (Shotgun) 9-B.Young sacked at CAR 39 for -2 yards (93-K.Street). ** Injury Update: CHI-24-M.Muhammad has returned to the game.,CAR,CHI,PASS,44,3,13,52,24,31,3,3,3,3,41,3,-2,0,0,1,0,0,,0,,,,,0,0,,,,,,,00-0034320,,,,,,,,,,,,,0,,,,,,,0,,,,0,,,0,,,,0,,,0,,-1.91,00-0039150,0,5
7021,1153756,"(13:08) 6-S.Martin punts 61 yards to end zone, Center-44-J.Jansen, Touchback.",CAR,CHI,PUNT,9,3,13,8,24,31,3,3,4,5,39,2,0,0,0,0,0,0,,0,,,,,0,0,,,,,,,,,,,,,,,,,,,,0,,,,,,,0,00-0030092,61,61,1,,0,0,,,,0,,,0,,-0.181,,0,
7021,1153757,(12:59) 18-C.Williams pass incomplete deep left to 85-C.Kmet.,CHI,CAR,PASS,5,3,12,59,31,24,3,3,1,10,20,2,0,0,0,0,0,0,,0,,,,00-0039918,0,0,DL,00-0036290,,20,,,,,,,,,,,,,,,,0,,,,,,,0,,,,0,,,0,,,,0,,,0,,-0.594,00-0039918,0,4
7021,1153758,(12:54) 4-D.Swift right guard to CHI 23 for 3 yards (55-D.Lloyd).,CHI,CAR,RUSH,45,3,12,54,31,24,3,3,2,10,20,2,3,0,0,0,0,0,00-0036275,0,RG,00-0037244,,,0,0,,,,,,,,,,,,,,,,,,,,0,,,,,,,0,,,,0,,,0,,,,0,,,0,,-0.576,,0,5
7021,1153759,(12:09) (Shotgun) 18-C.Williams sacked at CHI 21 for -2 yards (3-P.Umanmielen).,CHI,CAR,PASS,30,3,12,9,31,24,3,3,3,7,23,2,-2,0,0,1,0,0,,0,,,,,0,0,,,,,,,00-0040136,,,,,,,,,,,,,0,,,,,,,0,,,,0,,,0,,,,0,,,0,,-1.436,00-0039918,1,6
7021,1153760,"(11:39) 19-T.Taylor punts 54 yards to CAR 25, Center-45-B.Gardner. 15-Ji.Horn to CAR 42 for 17 yards (23-R.Johnson; 45-B.Gardner).",CHI,CAR,PUNT,11,3,11,39,31,24,3,3,4,9,21,2,0,0,0,0,0,0,,0,,,,,0,0,,,,,,,,,,,,,,,,,,,,0,,,,,,,0,00-0039745,54,37,0,00-0040218,17,0,,,,0,,,0,,-0.369,,0,
7021,1153761,(11:28) (Shotgun) 9-B.Young pass short left to 88-D.Waller pushed ob at CHI 41 for 17 yards (24-M.Muhammad).,CAR,CHI,PASS,23,3,11,28,24,31,3,3,1,10,42,3,17,1,1,1,0,0,,0,,,,00-0039150,1,0,SL,00-0031610,,4,00-0041060,,,,,,,,,,,,,,,0,,,,,,,0,,,,0,,,0,,,,0,,,0,,1.085,00-0039150,0,5
7021,1153762,(11:05) 30-C.Hubbard left tackle to CHI 33 for 8 yards (31-D.Thieneman).,CAR,CHI,RUSH,35,3,11,5,24,31,3,3,1,10,59,3,8,1,0,0,0,0,00-0036555,0,LT,00-0041538,,,0,0,,,,,,,,,,,,,,,,,,,,0,,,,,,,0,,,,0,,,0,,,,0,,,0,,0.473,,0,4
7021,1153763,(10:30) 9-B.Young pass incomplete short right to 82-T.Tremble.,CAR,CHI,PASS,5,3,10,30,24,31,3,3,2,2,67,4,0,0,0,0,0,0,,0,,,,00-0039150,0,0,SR,00-0037005,,8,,,,,,,,,,,,,,,,0,,,,,,,0,,,,0,,,0,,,,0,,,0,,-0.657,00-0039150,0,4
7021,1153764,(10:25) (Shotgun) 9-B.Young pass short middle to 82-T.Tremble to CHI 22 for 11 yards (31-D.Thieneman) [50-G.Jarrett]. CAR-68-D.Lewis was injured during the play.,CAR,CHI,PASS,24,3,10,25,24,31,3,3,3,2,67,4,11,1,1,1,0,0,,0,,,,00-0039150,1,0,SM,00-0037005,,11,00-0041538,,,,,,,,,,,,,,,0,,,,,,,0,,,,0,,,0,,,,0,,,0,,1.395,00-0039150,0,4
7021,1153765,(10:01) 30-C.Hubbard left end pushed ob at CHI 11 for 11 yards (12-D.Bush).,CAR,CHI,RUSH,35,3,10,1,24,31,3,3,1,10,78,4,11,1,1,0,0,0,00-0036555,0,LE,00-0035525,,,0,0,,,,,,,,,,,,,,,,,,,,0,,,,,,,0,,,,0,,,0,,,,0,,,0,,0.453,,0,4
7021,1153766,(9:26) (Shotgun) 9-B.Young pass short left to 84-M.Evans to CHI 2 for 9 yards (29-T.Stevenson). CHI-29-T.Stevenson was injured during the play.,CAR,CHI,PASS,20,3,9,26,24,31,3,3,1,10,89,5,9,1,0,1,0,0,,0,,,,00-0039150,1,0,SL,00-0040187,,5,00-0039071,,,,,,,,,,,,,,,0,,,,,,,0,,,,0,,,0,,,,0,,,0,,0.949,00-0039150,0,5
7021,1153767,"(9:06) 30-C.Hubbard left guard for 2 yards, TOUCHDOWN. ** Injury Update: CAR-68-D.Lewis has returned to the game.",CAR,CHI,RUSH,4,3,9,6,24,31,3,3,2,1,98,5,2,1,1,0,0,6,00-0036555,0,LG,,,,0,0,,,,,,,,,,,,,,,,,,,,0,,,,,,,0,,,,0,,,0,,,,0,,,1,RUSH,0.786,,0,4
7021,1153768,"10-R.Fitzgerald extra point is GOOD, Center-44-J.Jansen, Holder-6-S.Martin.",CAR,CHI,FGXP,0,3,9,2,30,31,3,3,0,0,85,5,0,1,0,0,0,1,,0,,,,,0,0,,,,,,,,,,,,,,,,,,,,0,,,,XP,00-0040279,33,1,,,,0,,,0,,,,0,,,0,,0.068,,0,
7021,1153769,"10-R.Fitzgerald kicks 65 yards from CAR 35 to end zone, Touchback to the CHI 35.",CHI,CAR,KOFF,0,3,9,2,31,31,3,3,0,0,65,4,0,1,0,0,0,0,,0,,,,,0,0,,,,,,,,,,,,,,,,,,,,0,,,,,,,0,,,,0,,,0,00-0040279,65,65,1,,0,0,,0.546,,0,
7021,1153770,(9:02) (Shotgun) 18-C.Williams pass incomplete deep middle to 84-C.Loveland.,CHI,CAR,PASS,4,3,9,2,31,31,3,3,1,10,35,2,0,0,0,1,0,0,,0,,,,00-0039918,0,0,DM,00-0040126,,19,,,,,,,,,,,,,,,,0,,,,,,,0,,,,0,,,0,,,,0,,,0,,-0.542,00-0039918,1,4
7021,1153771,(8:58) (Shotgun) 4-D.Swift left tackle to CHI 40 for 5 yards (48-T.Incoom; 7-T.Moehrig).,CHI,CAR,RUSH,37,3,8,58,31,31,3,3,2,10,35,2,5,0,0,1,0,0,00-0036275,0,LT,00-0038791,00-0036962,,0,0,,,,,,,,,,,,,,,,,,,,0,,,,,,,0,,,,0,,,0,,,,0,,,0,,-0.151,,0,5
7021,1153772,(8:21) (Shotgun) 18-C.Williams pass short right to 14-K.Raymond to CAR 48 for 12 yards (52-T.Gipson).,CHI,CAR,PASS,28,3,8,21,31,31,3,3,3,5,40,3,12,1,1,1,0,0,,0,,,,00-0039918,1,0,SR,00-0032464,,10,00-0036305,,,,,,,,,,,,,,,0,,,,,,,0,,,,0,,,0,,,,0,,,0,,1.908,00-0039918,0,5
7021,1153773,(7:53) (No Huddle) 18-C.Williams pass short middle to 4-D.Swift to CAR 38 for 10 yards (58-B.Okereke).,CHI,CAR,PASS,47,3,7,53,31,31,3,3,1,10,52,3,10,1,1,0,1,0,,0,,,,00-0039918,1,0,SM,00-0036275,,4,00-0035687,,,,,,,,,,,,,,,0,,,,,,,0,,,,0,,,0,,,,0,,,0,,0.739,00-0039918,0,5
7021,1153774,(7:06) 4-D.Swift up the middle to CAR 29 for 9 yards (55-D.Lloyd; 94-A.Hall).,CHI,CAR,RUSH,38,3,7,6,31,31,3,3,1,10,62,4,9,1,0,0,0,0,00-0036275,0,RM,00-0037244,00-0041148,,0,0,,,,,,,,,,,,,,,,,,,,0,,,,,,,0,,,,0,,,0,,,,0,,,0,,0.737,,0,4
7021,1153775,(6:28) 18-C.Williams scrambles left end ran ob at CAR 23 for 6 yards (3-P.Umanmielen). CAR-97-B.Brown was injured during the play.,CHI,CAR,RUSH,17,3,6,28,31,31,3,3,2,1,71,4,6,1,1,0,0,0,00-0039918,0,LE,00-0040136,,,0,0,,,,,,,,,,,,,,,,,,,,0,,,,,,,0,,,,0,,,0,,,,0,,,0,,0.296,00-0039918,0,4
7021,1153776,(6:11) (Shotgun) 18-C.Williams pass short middle to 10-L.Burden to CAR 18 for 5 yards (55-D.Lloyd).,CHI,CAR,PASS,40,3,6,11,31,31,3,3,1,10,77,4,5,1,0,1,0,0,,0,,,,00-0039918,1,0,SM,00-0040735,,5,00-0037244,,,,,,,,,,,,,,,0,,,,,,,0,,,,0,,,0,,,,0,,,0,,0.165,00-0039918,0,4
7021,1153777,(5:31) 18-C.Williams pass incomplete deep right.,CHI,CAR,PASS,8,3,5,31,31,31,3,3,2,5,82,5,0,0,0,0,0,0,,0,,,,00-0039918,0,0,DR,,,18,,,,,,,,,,,,,,,,0,,,,,,,0,,,,0,,,0,,,,0,,,0,,-0.697,00-0039918,0,4
7021,1153778,(5:23) (Shotgun) 18-C.Williams pass short left to 14-K.Raymond pushed ob at CAR 11 for 7 yards (24-W.Lee). CHI-70-B.Jones was injured during the play.,CHI,CAR,PASS,24,3,5,23,31,31,3,3,3,5,82,5,7,1,1,1,0,0,,0,,,,00-0039918,1,0,SL,00-0032464,,-3,00-0041063,,,,,,,,,,,,,,,0,,,,,,,0,,,,0,,,0,,,,0,,,0,,1.142,00-0039918,0,5
7021,1153779,(4:59) (Shotgun) 18-C.Williams pass incomplete short middle to 84-C.Loveland.,CHI,CAR,PASS,4,3,4,59,31,31,3,3,1,10,89,5,0,0,0,1,0,0,,0,,,,00-0039918,0,0,SM,00-0040126,,11,,,,,,,,,,,,,,,,0,,,,,,,0,,,,0,,,0,,,,0,,,0,,-0.472,00-0039918,0,5
7021,1153780,"(4:55) (Shotgun) 4-D.Swift left end to CAR 12 for -1 yards (8-Ja.Horn). PENALTY on CHI-84-C.Loveland, Offensive Holding, 10 yards, enforced at CAR 11 - No Play.",CHI,CAR,NOPL,24,3,4,55,31,31,3,3,2,10,89,5,0,0,0,1,0,0,,0,,,,,0,0,,,,,,,,,CHI,00-0040126,Offensive Holding,-10,NA,,,,,,,0,,,,,,,0,,,,0,,,0,,,,0,,,0,,-1.108,,0,5
7021,1153781,"(4:31) (Shotgun) 18-C.Williams pass incomplete short right to 15-R.Odunze. PENALTY on CAR-95-D.Brown, Roughing the Passer, 10 yards, enforced at CAR 21 - No Play.",CHI,CAR,NOPL,11,3,4,31,31,31,3,3,2,20,79,4,0,1,1,1,0,0,,0,,,,00-0039918,0,0,,,,0,,,,,CAR,00-0036220,Roughing the Passer,10,NA,,,,,,,0,,,,,,,0,,,,0,,,0,,,,0,,,0,,1.581,00-0039918,1,6
7021,1153782,(4:20) 4-D.Swift left guard to CAR 5 for 6 yards (55-D.Lloyd).,CHI,CAR,RUSH,45,3,4,20,31,31,3,3,1,10,89,5,6,1,0,0,0,0,00-0036275,0,LG,00-0037244,,,0,0,,,,,,,,,,,,,,,,,,,,0,,,,,,,0,,,,0,,,0,,,,0,,,0,,0.329,,0,5
7021,1153783,(3:35) 4-D.Swift right guard to CAR 1 for 4 yards (58-B.Okereke; 93-T.Edwards).,CHI,CAR,RUSH,27,3,3,35,31,31,3,3,2,4,95,5,4,1,1,0,0,0,00-0036275,0,RG,00-0035687,00-0040458,,0,0,,,,,,,,,,,,,,,,,,,,0,,,,,,,0,,,,0,,,0,,,,0,,,0,,1.046,,0,5
7021,1153784,"(3:08) (No Huddle, Shotgun) 4-D.Swift up the middle for 1 yard, TOUCHDOWN.",CHI,CAR,RUSH,3,3,3,8,31,31,3,3,1,1,99,5,1,1,1,1,1,6,00-0036275,0,RM,,,,0,0,,,,,,,,,,,,,,,,,,,,0,,,,,,,0,,,,0,,,0,,,,0,,,1,RUSH,0.617,,0,5
7021,1153785,"8-C.Santos extra point is GOOD, Center-45-B.Gardner, Holder-19-T.Taylor. ** Injury Update: CHI-70-B.Jones has returned to the game.",CHI,CAR,FGXP,0,3,3,5,37,31,3,3,0,0,85,5,0,1,0,0,0,1,,0,,,,,0,0,,,,,,,,,,,,,,,,,,,,0,,,,XP,00-0031203,33,1,,,,0,,,0,,,,0,,,0,,0.068,,0,
7021,1153786,"8-C.Santos kicks 43 yards from CHI 35 to CAR 22, short of landing zone. PENALTY on CHI-8-C.Santos, Kickoff Short of Landing Zone, placed at CAR 40.",CAR,CHI,KOFF,0,3,3,5,31,38,3,3,0,0,65,4,0,1,0,0,0,0,,0,,,,,0,0,,,,,,,,,CHI,00-0031203,Kickoff Short of Landing Zone,0,NA,,,,,,,0,,,,,,,0,,,,0,,,0,00-0031203,43,43,0,,0,0,,0.928,,0,
7021,1153787,(3:05) (Shotgun) 9-B.Young pass incomplete short left.,CAR,CHI,PASS,4,3,3,5,31,38,3,3,1,10,40,3,0,0,0,1,0,0,,0,,,,00-0039150,0,0,SL,,,-3,,,,,,,,,,,,,,,,0,,,,,,,0,,,,0,,,0,,,,0,,,0,,-0.491,00-0039150,0,5
7021,1153788,(3:01) (Shotgun) 9-B.Young pass short middle to 18-J.Coker to CHI 46 for 14 yards (21-C.Lewis).,CAR,CHI,PASS,28,3,3,1,31,38,3,3,2,10,40,3,14,1,1,1,0,0,,0,,,,00-0039150,1,0,SM,00-0039491,,11,00-0035357,,,,,,,,,,,,,,,0,,,,,,,0,,,,0,,,0,,,,0,,,0,,1.354,00-0039150,0,5
7021,1153789,"(2:33) (No Huddle, Shotgun) PENALTY on CAR-63-R.Walker, False Start, 5 yards, enforced at CHI 46 - No Play.",CAR,CHI,NOPL,18,3,2,33,31,38,3,3,1,10,54,3,0,0,0,1,1,0,,0,,,,,0,0,,,,,,,,,CAR,00-0037196,False Start,-5,NA,,,,,,,0,,,,,,,0,,,,0,,,0,,,,0,,,0,,-0.539,,0,
7021,1153790,(2:15) 25-J.Brooks right guard to CHI 45 for 6 yards (94-A.Booker).,CAR,CHI,RUSH,37,3,2,15,31,38,3,3,1,15,49,3,6,1,0,0,0,0,00-0039344,0,RG,00-0039840,,,0,0,,,,,,,,,,,,,,,,,,,,0,,,,,,,0,,,,0,,,0,,,,0,,,0,,0.038,,0,5
7021,1153791,(1:38) (Shotgun) 9-B.Young pass short right to 18-J.Coker to CHI 39 for 6 yards (21-C.Lewis).,CAR,CHI,PASS,40,3,1,38,31,38,3,3,2,9,55,3,6,0,0,1,0,0,,0,,,,00-0039150,1,0,SR,00-0039491,,6,00-0035357,,,,,,,,,,,,,,,0,,,,,,,0,,,,0,,,0,,,,0,,,0,,-0.077,00-0039150,1,5
7021,1153792,(:58) (Shotgun) 9-B.Young pass incomplete short right to 25-J.Brooks.,CAR,CHI,PASS,3,3,0,58,31,38,3,3,3,3,61,4,0,0,0,1,0,0,,0,,,,00-0039150,0,0,SR,00-0039344,,8,,,,,,,,,,,,,,,,0,,,,,,,0,,,,0,,,0,,,,0,,,0,,-1.875,00-0039150,0,5
7021,1153793,(:55) (Shotgun) 9-B.Young pass incomplete deep left to 4-T.McMillan.,CAR,CHI,PASS,5,3,0,55,31,38,3,3,4,3,61,4,0,0,0,1,0,0,,0,,,,00-0039150,0,0,DL,00-0040124,,22,,,,,,,,,,,,,,,,0,,,,,,,0,,,,0,,,0,,,,0,,,0,,-2.498,00-0039150,0,5
7021,1153794,"(:50) 25-K.Monangai up the middle for 61 yards, TOUCHDOWN. ** Injury Update: CAR-97-B.Brown has returned to the game.",CHI,CAR,RUSH,10,3,0,50,38,31,3,3,1,10,39,2,61,1,1,0,0,6,00-0040236,0,RM,,,,0,0,,,,,,,,,,,,,,,,,,,,0,,,,,,,0,,,,0,,,0,,,,0,,,1,RUSH,5.212,,0,5
7021,1153795,"8-C.Santos extra point is GOOD, Center-45-B.Gardner, Holder-19-T.Taylor.",CHI,CAR,FGXP,0,3,0,40,44,31,3,3,0,0,85,5,0,1,0,0,0,1,,0,,,,,0,0,,,,,,,,,,,,,,,,,,,,0,,,,XP,00-0031203,33,1,,,,0,,,0,,,,0,,,0,,0.068,,0,
7021,1153796,8-C.Santos kicks 61 yards from CHI 35 to CAR 4. 15-Ji.Horn to CAR 27 for 23 yards (23-R.Johnson; 38-S.Thomas).,CAR,CHI,KOFF,5,3,0,40,31,45,3,3,0,0,65,4,0,1,0,0,0,0,,0,,,,,0,0,,,,,,,,,,,,,,,,,,,,0,,,,,,,0,,,,0,,,0,00-0031203,61,38,0,00-0040218,23,0,,0.1,,0,
7021,1153797,(:35) (Shotgun) 30-C.Hubbard right guard to CAR 31 for 4 yards (21-C.Lewis). ** Injury Update: CHI-29-T.Stevenson has returned to the game.,CAR,CHI,RUSH,23,3,0,35,31,45,3,3,1,10,27,2,4,0,0,1,0,0,00-0036555,0,RG,00-0035357,,,0,0,,,,,,,,,,,,,,,,,,,,0,,,,,,,0,,,,0,,,0,,,,0,,,0,,-0.141,,0,5
7021,1153798,"(:12) (No Huddle, Shotgun) 9-B.Young pass short left to 4-T.McMillan to CAR 38 for 7 yards (12-D.Bush; 29-T.Stevenson).",CAR,CHI,PASS,12,3,0,12,31,45,3,3,2,6,31,2,7,1,1,1,1,0,,0,,,,00-0039150,1,0,SL,00-0040124,,4,00-0035525,00-0039071,,,,,,,,,,,,,,0,,,,,,,0,,,,0,,,0,,,,0,,,0,,0.8,00-0039150,0,5
7021,1153799,"(15:00) (Shotgun) 9-B.Young pass deep middle to 4-T.McMillan to CHI 41 for 21 yards (1-J.Johnson; 31-D.Thieneman). FUMBLES (1-J.Johnson), RECOVERED by CHI-12-D.Bush at CHI 39. The Replay Official reviewed the fumble ruling, and the play was Upheld. The ruling on the field stands.",CAR,CHI,PASS,10,4,15,0,31,45,3,3,1,10,38,2,21,0,0,1,0,0,,0,,,,00-0039150,1,0,DM,00-0040124,,16,00-0036292,00-0041538,,,,,,,,,,00-0040124,00-0035525,0,00-0036292,1,,,,,,,0,,,,0,,,0,,,,0,,,0,,-3.803,00-0039150,0,5
7021,1153800,(14:50) 18-C.Williams scrambles left end pushed ob at CHI 40 for 1 yard (92-L.Hunter).,CHI,CAR,RUSH,36,4,14,50,45,31,3,3,1,10,39,2,1,0,0,0,0,0,00-0039918,0,LE,00-0041478,,,0,0,,,,,,,,,,,,,,,,,,,,0,,,,,,,0,,,,0,,,0,,,,0,,,0,,-0.506,00-0039918,0,5
7021,1153801,(14:14) 25-K.Monangai left guard to CHI 43 for 3 yards (92-L.Hunter).,CHI,CAR,RUSH,45,4,14,14,45,31,3,3,2,9,40,3,3,0,0,0,0,0,00-0040236,0,LG,00-0041478,,,0,0,,,,,,,,,,,,,,,,,,,,0,,,,,,,0,,,,0,,,0,,,,0,,,0,,-0.372,,0,5
7021,1153802,(13:29) (Shotgun) 18-C.Williams pass short right to 14-K.Raymond to CAR 48 for 9 yards (55-D.Lloyd).,CHI,CAR,PASS,41,4,13,29,45,31,3,3,3,6,43,3,9,1,1,1,0,0,,0,,,,00-0039918,1,0,SR,00-0032464,,8,00-0037244,,,,,,,,,,,,,,,0,,,,,,,0,,,,0,,,0,,,,0,,,0,,1.701,00-0039918,1,5
7021,1153803,"(12:48) (Shotgun) Direct snap to 4-D.Swift. 4-D.Swift left tackle to CAR 41 for 7 yards (55-D.Lloyd; 26-C.Smith-Wade). PENALTY on CHI, Illegal Formation, 5 yards, enforced at CAR 48 - No Play.",CHI,CAR,NOPL,28,4,12,48,45,31,3,3,1,10,52,3,0,0,0,1,0,0,,0,,,,,0,0,,,,,,,,,CHI,,Illegal Formation,-5,NA,,,,,,,0,,,,,,,0,,,,0,,,0,,,,0,,,0,,-0.482,,0,5
7021,1153804,(12:20) (Shotgun) 4-D.Swift left guard to CHI 48 for 1 yard (5-J.Phillips; 58-B.Okereke).,CHI,CAR,RUSH,42,4,12,20,45,31,3,3,1,15,47,3,1,0,0,1,0,0,00-0036275,0,LG,00-0036934,00-0035687,,0,0,,,,,,,,,,,,,,,,,,,,0,,,,,,,0,,,,0,,,0,,,,0,,,0,,-0.415,,0,5
7021,1153805,(11:38) (Shotgun) 18-C.Williams pass short left to 10-L.Burden to CAR 40 for 12 yards (8-Ja.Horn; 7-T.Moehrig).,CHI,CAR,PASS,42,4,11,38,45,31,3,3,2,14,48,3,12,1,0,1,0,0,,0,,,,00-0039918,1,0,SL,00-0040735,,4,00-0036944,00-0036962,,,,,,,,,,,,,,0,,,,,,,0,,,,0,,,0,,,,0,,,0,,0.785,00-0039918,0,5
7021,1153806,(10:56) (Shotgun) 18-C.Williams pass short left to 85-C.Kmet to CAR 27 for 13 yards (8-Ja.Horn).,CHI,CAR,PASS,44,4,10,56,45,31,3,3,3,2,60,4,13,1,1,1,0,0,,0,,,,00-0039918,1,0,SL,00-0036290,,5,00-0036944,,,,,,,,,,,,,,,0,,,,,,,0,,,,0,,,0,,,,0,,,0,,1.605,00-0039918,0,4
7021,1153807,(10:12) 25-K.Monangai left tackle to CAR 25 for 2 yards (92-L.Hunter; 55-D.Lloyd).,CHI,CAR,RUSH,39,4,10,12,45,31,3,3,1,10,73,4,2,0,0,0,0,0,00-0040236,0,LT,00-0041478,00-0037244,,0,0,,,,,,,,,,,,,,,,,,,,0,,,,,,,0,,,,0,,,0,,,,0,,,0,,-0.384,,0,5
7021,1153808,(9:33) (Shotgun) 18-C.Williams pass short left to 14-K.Raymond to CAR 21 for 4 yards (24-W.Lee).,CHI,CAR,PASS,42,4,9,33,45,31,3,3,2,8,75,4,4,1,0,1,0,0,,0,,,,00-0039918,1,0,SL,00-0032464,,-2,00-0041063,,,,,,,,,,,,,,,0,,,,,,,0,,,,0,,,0,,,,0,,,0,,0.029,00-0039918,0,5
7021,1153809,(8:51) (Shotgun) 25-K.Monangai left guard to CAR 7 for 14 yards (21-N.Scott).,CHI,CAR,RUSH,46,4,8,51,45,31,3,3,3,4,79,4,14,1,1,1,0,0,00-0040236,0,LG,00-0035669,,,0,0,,,,,,,,,,,,,,,,,,,,0,,,,,,,0,,,,0,,,0,,,,0,,,0,,1.613,,0,5
7021,1153810,(8:05) 18-C.Williams right end to CAR 1 for 6 yards (55-D.Lloyd; 21-N.Scott).,CHI,CAR,RUSH,44,4,8,5,45,31,3,3,1,7,93,5,6,1,0,0,0,0,00-0039918,0,RE,00-0037244,00-0035669,,0,0,,,,,,,,,,,,,,,,,,,,0,,,,,,,0,,,,0,,,0,,,,0,,,0,,0.745,,0,5
7021,1153811,"(7:21) (Shotgun) 18-C.Williams pass short middle intended for 84-C.Loveland INTERCEPTED by 97-B.Brown at CAR -2. 97-B.Brown to CAR 1 for 3 yards (67-G.Bradbury). PENALTY on CAR-95-D.Brown, Defensive Offside, 0 yards, enforced at CAR 1 - No Play.",CHI,CAR,NOPL,7,4,7,21,45,31,3,3,2,1,99,5,0,1,0,1,0,0,,0,,,,00-0039918,0,0,,,,0,,,,,CAR,00-0036220,Defensive Offside,0,NA,,,,,,,0,,,,,,,0,,,,0,,,0,,,,0,,,0,,0.02,00-0039918,0,3
7021,1153812,(7:14) 18-C.Williams up the middle to CAR 1 for no gain (95-D.Brown).,CHI,CAR,RUSH,42,4,7,14,45,31,3,3,2,1,99,5,0,0,0,0,0,0,00-0039918,0,RM,00-0036220,,,0,0,,,,,,,,,,,,,,,,,,,,0,,,,,,,0,,,,0,,,0,,,,0,,,0,,-0.47,,0,3
7021,1153813,"(6:32) 18-C.Williams pass short right to 9-J.Walker for 1 yard, TOUCHDOWN.",CHI,CAR,PASS,5,4,6,32,45,31,3,3,3,1,99,5,1,1,1,0,0,6,,0,,,,00-0039918,1,0,SR,00-0040277,,1,,,,,,,,,,,,,,,,0,,,,,,,0,,,,0,,,0,,,,0,,,1,REC,1.376,00-0039918,0,3
7021,1153814,"8-C.Santos extra point is GOOD, Center-45-B.Gardner, Holder-19-T.Taylor.",CHI,CAR,FGXP,0,4,6,27,51,31,3,3,0,0,85,5,0,1,0,0,0,1,,0,,,,,0,0,,,,,,,,,,,,,,,,,,,,0,,,,XP,00-0031203,33,1,,,,0,,,0,,,,0,,,0,,0.068,,0,
7021,1153815,8-C.Santos kicks 62 yards from CHI 35 to CAR 3. 15-Ji.Horn pushed ob at CAR 24 for 21 yards (31-D.Thieneman).,CAR,CHI,KOFF,7,4,6,27,31,52,3,3,0,0,65,4,0,0,0,0,0,0,,0,,,,,0,0,,,,,,,,,,,,,,,,,,,,0,,,,,,,0,,,,0,,,0,00-0031203,62,41,0,00-0040218,21,0,,-0.213,,0,
7021,1153816,(6:20) (Shotgun) 9-B.Young pass incomplete deep right to 17-X.Legette.,CAR,CHI,PASS,5,4,6,20,31,52,3,3,1,10,24,2,0,0,0,1,0,0,,0,,,,00-0039150,0,0,DR,00-0039342,,19,,,,,,,,,,,,,,,,0,,,,,,,0,,,,0,,,0,,,,0,,,0,,-0.491,00-0039150,0,5
7021,1153817,(6:15) (Shotgun) 9-B.Young pass short left to 18-J.Coker to CAR 37 for 13 yards (21-C.Lewis).,CAR,CHI,PASS,32,4,6,15,31,52,3,3,2,10,24,2,13,1,1,1,0,0,,0,,,,00-0039150,1,0,SL,00-0039491,,4,00-0035357,,,,,,,,,,,,,,,0,,,,,,,0,,,,0,,,0,,,,0,,,0,,1.364,00-0039150,1,5
7021,1153818,"(5:43) (No Huddle, Shotgun) 9-B.Young pass incomplete deep right.",CAR,CHI,PASS,8,4,5,43,31,52,3,3,1,10,37,2,0,0,0,1,1,0,,0,,,,00-0039150,0,0,DR,,,18,,,,,,,,,,,,,,,,0,,,,,,,0,,,,0,,,0,,,,0,,,0,,-0.436,00-0039150,0,5
7021,1153819,(5:35) (Shotgun) 9-B.Young pass incomplete deep left to 4-T.McMillan [31-D.Thieneman].,CAR,CHI,PASS,5,4,5,35,31,52,3,3,2,10,37,2,0,0,0,1,0,0,,0,,,,00-0039150,0,0,DL,00-0040124,,35,,,,,,,,,,,,,,,,0,,,,,,,0,,,,0,,,0,,,,0,,,0,,-0.662,00-0039150,0,5
7021,1153820,(5:30) (Shotgun) 9-B.Young pass short middle to 30-C.Hubbard to CHI 34 for 29 yards (29-T.Stevenson).,CAR,CHI,PASS,35,4,5,30,31,52,3,3,3,10,37,2,29,1,1,1,0,0,,0,,,,00-0039150,1,0,SM,00-0036555,,1,00-0039071,,,,,,,,,,,,,,,0,,,,,,,0,,,,0,,,0,,,,0,,,0,,2.951,00-0039150,0,5
7021,1153821,"(4:55) (No Huddle, Shotgun) 9-B.Young pass incomplete short left.",CAR,CHI,PASS,5,4,4,55,31,52,3,3,1,10,66,4,0,0,0,1,1,0,,0,,,,00-0039150,0,0,SL,,,6,,,,,,,,,,,,,,,,0,,,,,,,0,,,,0,,,0,,,,0,,,0,,-0.434,00-0039150,0,5
7021,1153822,(4:50) (Shotgun) 9-B.Young pass short right to 4-T.McMillan ran ob at CHI 19 for 15 yards.,CAR,CHI,PASS,8,4,4,50,31,52,3,3,2,10,66,4,15,1,1,1,0,0,,0,,,,00-0039150,1,0,SR,00-0040124,,15,,,,,,,,,,,,,,,,0,,,,,,,0,,,,0,,,0,,,,0,,,0,,1.403,00-0039150,0,5
7021,1153823,(4:42) (Shotgun) 9-B.Young pass short left to 4-T.McMillan pushed ob at CHI 1 for 18 yards (24-M.Muhammad) [12-D.Bush].,CAR,CHI,PASS,4,4,4,42,31,52,3,3,1,10,81,5,18,1,1,1,0,0,,0,,,,00-0039150,1,0,SL,00-0040124,,12,00-0041060,,,,,,,,,,,,,,,0,,,,,,,0,,,,0,,,0,,,,0,,,0,,1.888,00-0039150,0,5
7021,1153824,"(4:38) (Shotgun) 9-B.Young pass short left to 84-M.Evans for 1 yard, TOUCHDOWN NULLIFIED by Penalty. PENALTY on CAR-18-J.Coker, Offensive Pass Interference, 10 yards, enforced at CHI 1 - No Play.",CAR,CHI,NOPL,3,4,4,38,31,52,3,3,1,1,99,5,0,0,0,1,0,0,,0,,,,00-0039150,0,0,,,,0,,,,,CAR,00-0039491,Offensive Pass Interference,-10,NA,,,,,,,0,,,,,,,0,,,,0,,,0,,,,0,,,0,,-1.809,00-0039150,0,4
7021,1153825,(4:35) (Shotgun) 9-B.Young scrambles up the middle to CHI 8 for 3 yards (97-J.Lynch).,CAR,CHI,RUSH,30,4,4,35,31,52,3,3,1,11,89,5,3,1,0,1,0,0,00-0039150,0,RM,00-0036337,,,0,0,,,,,,,,,,,,,,,,,,,,0,,,,,,,0,,,,0,,,0,,,,0,,,0,,0.091,00-0039150,0,5
7021,1153826,"(4:05) (No Huddle, Shotgun) 9-B.Young pass short left to 18-J.Coker for 8 yards, TOUCHDOWN.",CAR,CHI,PASS,5,4,4,5,31,52,3,3,2,8,92,5,8,1,1,1,1,6,,0,,,,00-0039150,1,0,SL,00-0039491,,4,,,,,,,,,,,,,,,,0,,,,,,,0,,,,0,,,0,,,,0,,,1,REC,2.318,00-0039150,0,5
7021,1153827,"10-R.Fitzgerald extra point is Blocked (55-D.Odeyingbo), Center-44-J.Jansen, Holder-6-S.Martin.",CAR,CHI,FGXP,0,4,4,0,37,52,3,3,0,0,85,5,0,0,0,0,0,0,,0,,,,,0,0,,,,,,,,,,,,,,,,,,,,0,,00-0036480,,XP,00-0040279,33,0,,,,0,,,0,,,,0,,,0,,-0.932,,0,
7021,1153828,6-S.Martin kicks onside 14 yards from CAR 35 to CAR 49. 15-R.Odunze (didn't try to advance) to CAR 49 for no gain.,CHI,CAR,KOFF,1,4,4,0,52,37,3,3,0,0,65,4,0,1,0,0,0,0,,0,,,,,0,0,,,,,,,,,,,,,,,,,,,,0,,,,,,,0,,,,0,,,0,00-0030092,0,0,0,,0,0,,1.64,,0,
7021,1153829,(3:59) 25-K.Monangai right guard to CAR 45 for 4 yards (92-L.Hunter).,CHI,CAR,RUSH,4,4,3,59,52,37,3,3,1,10,51,3,4,0,0,0,0,0,00-0040236,0,RG,00-0041478,,,0,0,,,,,,,,,,,,,,,,,,,,0,,,,,,,0,,,,0,,,0,,,,0,,,0,,-0.026,,0,4
7021,1153830,Timeout #1 by CAR at 03:55.,NA,NA,NOPL,0,4,3,55,0,0,0,0,0,0,NA,1,0,0,0,0,0,0,,0,,,,,0,0,,,,,,,,,,,,,,,,,,,,0,,,,,,,0,,,,0,,,0,,,,0,,,0,,0,,0,
7021,1153831,(3:55) 25-K.Monangai right tackle to CAR 42 for 3 yards (21-N.Scott).,CHI,CAR,RUSH,3,4,3,55,52,37,3,2,2,6,55,3,3,0,0,0,0,0,00-0040236,0,RT,00-0035669,,,0,0,,,,,,,,,,,,,,,,,,,,0,,,,,,,0,,,,0,,,0,,,,0,,,0,,-0.522,,0,4
7021,1153832,Timeout #2 by CAR at 03:52.,NA,NA,NOPL,0,4,3,52,0,0,0,0,0,0,NA,1,0,0,0,0,0,0,,0,,,,,0,0,,,,,,,,,,,,,,,,,,,,0,,,,,,,0,,,,0,,,0,,,,0,,,0,,0,,0,
7021,1153833,"(3:52) PENALTY on CAR-52-T.Gipson, Neutral Zone Infraction, 5 yards, enforced at CAR 42 - No Play.",CHI,CAR,NOPL,0,4,3,52,52,37,3,1,3,3,58,3,0,1,1,0,0,0,,0,,,,,0,0,,,,,,,,,CAR,00-0036305,Neutral Zone Infraction,5,NA,,,,,,,0,,,,,,,0,,,,0,,,0,,,,0,,,0,,0.977,,0,
7021,1153834,(3:52) 25-K.Monangai left tackle to CAR 28 for 9 yards (56-J.Moon).,CHI,CAR,RUSH,5,4,3,52,52,37,3,1,1,10,63,4,9,0,0,0,0,0,00-0040236,0,LT,00-0037179,,,0,0,,,,,,,,,,,,,,,,,,,,0,,,,,,,0,,,,0,,,0,,,,0,,,0,,-0.439,,0,4
7021,1153835,Timeout #3 by CAR at 03:47.,NA,NA,NOPL,0,4,3,47,0,0,0,0,0,0,NA,1,0,0,0,0,0,0,,0,,,,,0,0,,,,,,,,,,,,,,,,,,,,0,,,,,,,0,,,,0,,,0,,,,0,,,0,,0,,0,
7021,1153836,"(3:47) 4-D.Swift right guard for 28 yards, TOUCHDOWN.",CHI,CAR,RUSH,7,4,3,47,52,37,3,0,2,1,72,4,28,1,1,0,0,6,00-0036275,0,RG,,,,0,0,,,,,,,,,,,,,,,,,,,,0,,,,,,,0,,,,0,,,0,,,,0,,,1,RUSH,4.506,,0,4
7021,1153837,"8-C.Santos extra point is GOOD, Center-45-B.Gardner, Holder-19-T.Taylor.",CHI,CAR,FGXP,0,4,3,40,58,37,3,0,0,0,85,5,0,1,0,0,0,1,,0,,,,,0,0,,,,,,,,,,,,,,,,,,,,0,,,,XP,00-0031203,33,1,,,,0,,,0,,,,0,,,0,,0.068,,0,
7021,1153838,"8-C.Santos kicks 65 yards from CHI 35 to landing zone to end zone, Touchback to the CAR 20.",CAR,CHI,KOFF,0,4,3,40,37,59,0,3,0,0,65,4,0,0,0,0,0,0,,0,,,,,0,0,,,,,,,,,,,,,,,,,,,,0,,,,,,,0,,,,0,,,0,00-0031203,65,65,1,,0,0,,-0.234,,0,
7021,1153839,(3:40) (Shotgun) 28-A.Dillon up the middle to CAR 27 for 7 yards (29-T.Stevenson; 94-A.Booker).,CAR,CHI,RUSH,37,4,3,40,37,59,0,3,1,10,20,2,7,1,0,1,0,0,00-0036265,0,RM,00-0039071,00-0039840,,0,0,,,,,,,,,,,,,,,,,,,,0,,,,,,,0,,,,0,,,0,,,,0,,,0,,0.43,,0,5
7021,1153840,(3:03) 28-A.Dillon left tackle to CAR 38 for 11 yards (12-D.Bush; 31-D.Thieneman).,CAR,CHI,RUSH,39,4,3,3,37,59,0,3,2,3,27,2,11,1,1,0,0,0,00-0036265,0,LT,00-0035525,00-0041538,,0,0,,,,,,,,,,,,,,,,,,,,0,,,,,,,0,,,,0,,,0,,,,0,,,0,,0.789,,0,5
7021,1153841,(2:24) (Shotgun) 28-A.Dillon left end to CAR 44 for 6 yards (12-D.Bush; 29-T.Stevenson).,CAR,CHI,RUSH,24,4,2,24,37,59,0,3,1,10,38,2,6,0,0,1,0,0,00-0036265,0,LE,00-0035525,00-0039071,,0,0,,,,,,,,,,,,,,,,,,,,0,,,,,,,0,,,,0,,,0,,,,0,,,0,,-0.137,,0,5
7021,1153842,(2:00) (Shotgun) 12-K.Pickett pass incomplete short left to 15-Ji.Horn.,CAR,CHI,PASS,3,4,2,0,37,59,0,3,2,4,44,3,0,0,0,1,0,0,,0,,,,00-0038102,0,0,SL,00-0040218,,3,,,,,,,,,,,,,,,,0,,,,,,,0,,,,0,,,0,,,,0,,,0,,-0.381,00-0038102,0,4
7021,1153843,(1:57) (Shotgun) 12-K.Pickett scrambles right end to CHI 32 for 24 yards (31-D.Thieneman).,CAR,CHI,RUSH,45,4,1,57,37,59,0,3,3,4,44,3,24,1,1,1,0,0,00-0038102,0,RE,00-0041538,,,0,0,,,,,,,,,,,,,,,,,,,,0,,,,,,,0,,,,0,,,0,,,,0,,,0,,1.678,00-0038102,0,4
7021,1153844,(1:12) 28-A.Dillon up the middle to CHI 28 for 4 yards (48-D.Jackson; 53-T.Edwards).,CAR,CHI,RUSH,38,4,1,12,37,59,0,3,1,10,68,4,4,0,0,0,0,0,00-0036265,0,RM,00-0037271,00-0035386,,0,0,,,,,,,,,,,,,,,,,,,,0,,,,,,,0,,,,0,,,0,,,,0,,,0,,-0.197,,0,4
7021,1153845,(:34) 28-A.Dillon up the middle to CHI 28 for no gain (97-J.Lynch; 12-D.Bush).,CAR,CHI,RUSH,0,4,0,34,37,59,0,3,2,6,72,4,0,0,0,0,0,0,00-0036265,0,RM,00-0036337,00-0035525,,0,0,,,,,,,,,,,,,,,,,,,,0,,,,,,,0,,,,0,,,0,,,,0,,,0,,-2.87,,0,4
7022,1153846,2-E.McPherson kicks 60 yards from CIN 35 to TB 5. 19-K.Johnson pushed ob at TB 28 for 23 yards (27-J.Battle).,TB,CIN,KOFF,4,1,15,0,0,0,3,3,0,0,65,4,0,1,0,0,0,0,,0,,,,,0,0,,,,,,,,,,,,,,,,,,,,0,,,,,,,0,,,,0,,,0,00-0036854,60,37,0,00-0039589,23,0,,0.123,,0,
7022,1153847,(14:56) 7-B.Irving right tackle to TB 37 for 9 yards (0-D.Turner).,TB,CIN,RUSH,26,1,14,56,0,0,3,3,1,10,28,2,9,1,0,0,0,0,00-0039361,0,RT,00-0038549,,,0,0,,,,,,,,,,,,,,,,,,,,0,,,,,,,0,,,,0,,,0,,,,0,,,0,,1.025,,0,5
7022,1153848,(14:30) (No Huddle) 6-B.Mayfield pass incomplete deep left to 2-E.Egbuka (35-J.Davis).,TB,CIN,PASS,7,1,14,30,0,0,3,3,2,1,37,2,0,0,0,0,1,0,,0,,,,00-0034855,0,0,DL,00-0040129,00-0034446,41,,,,,,,,,,,,,,,,0,,,,,,,0,,,,0,,,0,,,,0,,,0,,-1.095,00-0034855,1,5
7022,1153849,Timeout #1 by TB at 14:23.,NA,NA,NOPL,0,1,14,23,0,0,0,0,0,0,NA,1,0,0,0,0,0,0,,0,,,,,0,0,,,,,,,,,,,,,,,,,,,,0,,,,,,,0,,,,0,,,0,,,,0,,,0,,0,,0,
7022,1153850,(14:23) 6-B.Mayfield pass short left to 2-E.Egbuka to CIN 46 for 17 yards (0-D.Turner).,TB,CIN,PASS,48,1,14,23,0,0,2,3,3,1,37,2,17,1,1,0,0,0,,0,,,,00-0034855,1,0,SL,00-0040129,,5,00-0038549,,,,,,,,,,,,,,,0,,,,,,,0,,,,0,,,0,,,,0,,,0,,1.637,00-0034855,0,5
7022,1153851,"(13:35) 6-B.Mayfield pass incomplete short left to 7-B.Irving. PENALTY on CIN-92-B.Hill, Defensive Offside, 5 yards, enforced at CIN 46 - No Play.",TB,CIN,NOPL,4,1,13,35,0,0,2,3,1,10,54,3,0,1,0,0,0,0,,0,,,,00-0034855,0,0,,,,0,,,,,CIN,00-0034800,Defensive Offside,5,NA,,,,,,,0,,,,,,,0,,,,0,,,0,,,,0,,,0,,0.669,00-0034855,0,4
7022,1153852,(13:31) (Shotgun) 7-B.Irving left guard to CIN 32 for 9 yards (6-B.Cook; 44-D.Knight).,TB,CIN,RUSH,41,1,13,31,0,0,2,3,1,5,59,3,9,1,1,1,0,0,00-0039361,0,LG,00-0037193,00-0040738,,0,0,,,,,,,,,,,,,,,,,,,,0,,,,,,,0,,,,0,,,0,,,,0,,,0,,0.45,,0,5
7022,1153853,(12:50) 15-T.Johnson right end to CIN 36 for -4 yards (35-J.Davis).,TB,CIN,RUSH,42,1,12,50,0,0,2,3,1,10,68,4,-4,0,0,0,0,0,00-0040237,0,RE,00-0034446,,,0,0,,,,,,,,,,,,,,,,,,,,0,,,,,,,0,,,,0,,,0,,,,0,,,0,,-1.224,,0,5
7022,1153854,(12:08) (Shotgun) 6-B.Mayfield pass short left to 2-E.Egbuka to CIN 26 for 10 yards (49-B.Carter; 35-J.Davis).,TB,CIN,PASS,46,1,12,8,0,0,2,3,2,14,64,4,10,1,0,1,0,0,,0,,,,00-0034855,1,0,SL,00-0040129,,9,00-0040157,00-0034446,,,,,,,,,,,,,,0,,,,,,,0,,,,0,,,0,,,,0,,,0,,0.894,00-0034855,0,5
7022,1153855,(11:22) (Shotgun) 6-B.Mayfield pass short right to 14-C.Godwin to CIN 21 for 5 yards (6-B.Cook).,TB,CIN,PASS,45,1,11,22,0,0,2,3,3,4,74,4,5,1,1,1,0,0,,0,,,,00-0034855,1,0,SR,00-0033921,,-4,00-0037193,,,,,,,,,,,,,,,0,,,,,,,0,,,,0,,,0,,,,0,,,0,,1.105,00-0034855,0,5
7022,1153856,(10:37) 1-K.Gainwell right guard to CIN 19 for 2 yards (44-D.Knight).,TB,CIN,RUSH,40,1,10,37,0,0,2,3,1,10,79,4,2,0,0,0,0,0,00-0036919,0,RG,00-0040738,,,0,0,,,,,,,,,,,,,,,,,,,,0,,,,,,,0,,,,0,,,0,,,,0,,,0,,-0.461,,0,5
7022,1153857,(9:57) (Shotgun) 7-B.Irving right guard to CIN 16 for 3 yards (99-M.Murphy).,TB,CIN,RUSH,38,1,9,57,0,0,2,3,2,8,81,5,3,0,0,1,0,0,00-0039361,0,RG,00-0038546,,,0,0,,,,,,,,,,,,,,,,,,,,0,,,,,,,0,,,,0,,,0,,,,0,,,0,,-0.108,,0,5
7022,1153858,(9:19) (Shotgun) 6-B.Mayfield pass incomplete short left [99-M.Murphy].,TB,CIN,PASS,7,1,9,19,0,0,2,3,3,5,84,5,0,0,0,1,0,0,,0,,,,00-0034855,0,0,SL,,,11,,,,,,,,,,,,,,,,0,,,,,,,0,,,,0,,,0,,,,0,,,0,,-1.035,00-0034855,0,5
7022,1153859,"(9:12) 4-C.McLaughlin 34 yard field goal is GOOD, Center-86-E.Deckers, Holder-9-R.Dixon.",TB,CIN,FGXP,3,1,9,12,0,0,2,3,4,5,84,5,0,1,0,0,0,3,,0,,,,,0,0,,,,,,,,,,,,,,,,,,,,0,,,,FG,00-0035358,34,1,,,,0,,,0,,,,0,,,0,,0.248,,0,
7022,1153860,4-C.McLaughlin kicks 60 yards from TB 35 to CIN 5. 81-D.Meyers to CIN 26 for 21 yards (8-S.Dennis).,CIN,TB,KOFF,6,1,9,9,0,3,3,2,0,0,65,4,0,1,0,0,0,0,,0,,,,,0,0,,,,,,,,,,,,,,,,,,,,0,,,,,,,0,,,,0,,,0,00-0035358,60,39,0,00-0040785,21,0,,0.037,,0,
7022,1153861,(9:03) 30-C.Brown right guard to CIN 29 for 3 yards (25-J.Parrish).,CIN,TB,RUSH,29,1,9,3,0,3,3,2,1,10,26,2,3,0,0,0,0,0,00-0038597,0,RG,00-0040143,,,0,0,,,,,,,,,,,,,,,,,,,,0,,,,,,,0,,,,0,,,0,,,,0,,,0,,-0.187,,0,5
7022,1153862,(8:34) (Shotgun) 9-J.Burrow pass short right to 30-C.Brown to CIN 30 for 1 yard (27-Z.McCollum).,CIN,TB,PASS,41,1,8,34,0,3,3,2,2,7,29,2,1,0,0,1,0,0,,0,,,,00-0036442,1,0,SR,00-0038597,,1,00-0037268,,,,,,,,,,,,,,,0,,,,,,,0,,,,0,,,0,,,,0,,,0,,-0.676,00-0036442,0,5
7022,1153863,(7:53) (Shotgun) 9-J.Burrow pass incomplete short right to 1-J.Chase (27-Z.McCollum).,CIN,TB,PASS,4,1,7,53,0,3,3,2,3,6,30,2,0,0,0,1,0,0,,0,,,,00-0036442,0,0,SR,00-0036900,00-0037268,10,,,,,,,,,,,,,,,,0,,,,,,,0,,,,0,,,0,,,,0,,,0,,-1.461,00-0036442,0,5
7022,1153864,"(7:49) 8-R.Rehkow punts 51 yards to TB 19, Center-46-W.Wagner. 15-T.Johnson pushed ob at TB 32 for 13 yards (47-S.Bozeman).",CIN,TB,PUNT,11,1,7,49,0,3,3,2,4,6,30,2,0,0,0,0,0,0,,0,,,,,0,0,,,,,,,,,,,,,,,,,,,,0,,,,,,,0,00-0039323,51,38,0,00-0040237,13,0,,,,0,,,0,,-0.349,,0,
7022,1153865,(7:38) 7-B.Irving left tackle to TB 32 for no gain (98-T.Slaton).,TB,CIN,RUSH,40,1,7,38,3,0,2,3,1,10,32,2,0,0,0,0,0,0,00-0039361,0,LT,00-0036642,,,0,0,,,,,,,,,,,,,,,,,,,,0,,,,,,,0,,,,0,,,0,,,,0,,,0,,-0.538,,0,4
7022,1153866,(6:58) (Shotgun) 6-B.Mayfield pass short right to 7-B.Irving to TB 33 for 1 yard (35-J.Davis; 49-B.Carter).,TB,CIN,PASS,29,1,6,58,3,0,2,3,2,10,32,2,1,0,0,1,0,0,,0,,,,00-0034855,1,0,SR,00-0039361,,-7,00-0034446,00-0040157,,,,,,,,,,,,,,0,,,,,,,0,,,,0,,,0,,,,0,,,0,,-0.82,00-0034855,1,5
7022,1153867,"(6:29) (No Huddle) 6-B.Mayfield sacked at TB 25 for -8 yards (sack split by 99-M.Murphy and 49-B.Carter). FUMBLES (99-M.Murphy) [49-B.Carter], touched at TB 26, RECOVERED by CIN-44-D.Knight at TB 27. 44-D.Knight for 27 yards, TOUCHDOWN.",TB,CIN,PASS,11,1,6,29,3,0,2,3,3,9,33,2,-7,0,0,0,1,-6,,0,,,,,0,0,,,,,,,00-0038546,00-0040157,,,,,,,,00-0034855,00-0040738,27,00-0038546,1,,,,,,,0,,,,0,,,0,,,,0,,,1,FUM,-6.569,00-0034855,0,5
7022,1153868,"2-E.McPherson extra point is GOOD, Center-46-W.Wagner, Holder-8-R.Rehkow.",CIN,TB,FGXP,0,1,6,18,6,3,3,2,0,0,85,5,0,1,0,0,0,1,,0,,,,,0,0,,,,,,,,,,,,,,,,,,,,0,,,,XP,00-0036854,33,1,,,,0,,,0,,,,0,,,0,,0.068,,0,
7022,1153869,2-E.McPherson kicks 65 yards from CIN 35 to TB 0. 19-K.Johnson to TB 29 for 29 yards (27-J.Battle; 47-S.Bozeman).,TB,CIN,KOFF,6,1,6,18,3,7,2,3,0,0,65,4,0,1,0,0,0,0,,0,,,,,0,0,,,,,,,,,,,,,,,,,,,,0,,,,,,,0,,,,0,,,0,00-0036854,65,36,0,00-0039589,29,0,,0.295,,0,
7022,1153870,"(6:12) (Shotgun) 6-B.Mayfield sacked at TB 25 for -4 yards (90-K.Jenkins). Penalty on TB-69-C.Mauch, Offensive Holding, declined.",TB,CIN,PASS,31,1,6,12,3,7,2,3,1,10,29,2,-4,0,0,1,0,0,,0,,,,,0,0,,,,,,,00-0039908,,,,,,,,,,,,,0,,,,,,,0,,,,0,,,0,,,,0,,,0,,-1.177,00-0034855,0,5
7022,1153871,(5:41) (Shotgun) 6-B.Mayfield pass incomplete short middle to 88-C.Otton.,TB,CIN,PASS,3,1,5,41,3,7,2,3,2,14,25,2,0,0,0,1,0,0,,0,,,,00-0034855,0,0,SM,00-0038129,,14,,,,,,,,,,,,,,,,0,,,,,,,0,,,,0,,,0,,,,0,,,0,,-0.819,00-0034855,1,5
7022,1153872,"(5:38) (Shotgun) 6-B.Mayfield pass short right to 7-B.Irving to TB 32 for 7 yards (6-B.Cook) [97-D.Lawrence]. FUMBLES (6-B.Cook), RECOVERED by CIN-53-B.Mafe at TB 33.",TB,CIN,PASS,16,1,5,38,3,7,2,3,3,14,25,2,7,0,0,1,0,0,,0,,,,00-0034855,1,0,SR,00-0039361,,-5,00-0037193,,,,,,,,,,,00-0039361,00-0038133,0,00-0037193,1,,,,,,,0,,,,0,,,0,,,,0,,,0,,-2.815,00-0034855,0,6
7022,1153873,(5:22) (Shotgun) 9-J.Burrow pass short right to 80-A.Iosivas to TB 21 for 12 yards (27-Z.McCollum).,CIN,TB,PASS,39,1,5,22,7,3,3,2,1,10,67,4,12,1,1,1,0,0,,0,,,,00-0036442,1,0,SR,00-0038619,,11,00-0037268,,,,,,,,,,,,,,,0,,,,,,,0,,,,0,,,0,,,,0,,,0,,0.762,00-0036442,0,5
7022,1153874,(4:43) 30-C.Brown up the middle to TB 17 for 4 yards (91-A.Robinson).,CIN,TB,RUSH,39,1,4,43,7,3,3,2,1,10,79,4,4,0,0,0,0,0,00-0038597,0,RM,00-0032889,,,0,0,,,,,,,,,,,,,,,,,,,,0,,,,,,,0,,,,0,,,0,,,,0,,,0,,-0.127,,0,5
7022,1153875,(4:04) (Shotgun) 9-J.Burrow pass incomplete short left to 1-J.Chase (25-J.Parrish).,CIN,TB,PASS,4,1,4,4,7,3,3,2,2,6,83,5,0,0,0,1,0,0,,0,,,,00-0036442,0,0,SL,00-0036900,00-0040143,14,,,,,,,,,,,,,,,,0,,,,,,,0,,,,0,,,0,,,,0,,,0,,-0.727,00-0036442,0,5
7022,1153876,(4:00) (Shotgun) 9-J.Burrow scrambles left end pushed ob at TB 11 for 6 yards (34-A.Anzalone).,CIN,TB,RUSH,41,1,4,0,7,3,3,2,3,6,83,5,6,1,1,1,0,0,00-0036442,0,LE,00-0033914,,,0,0,,,,,,,,,,,,,,,,,,,,0,,,,,,,0,,,,0,,,0,,,,0,,,0,,1.293,00-0036442,0,5
7022,1153877,(3:19) 30-C.Brown up the middle to TB 3 for 8 yards (31-A.Winfield).,CIN,TB,RUSH,44,1,3,19,7,3,3,2,1,10,89,5,8,1,0,0,0,0,00-0038597,0,RM,00-0036411,,,0,0,,,,,,,,,,,,,,,,,,,,0,,,,,,,0,,,,0,,,0,,,,0,,,0,,0.691,,0,4
7022,1153878,(2:35) (Shotgun) 30-C.Brown left guard to TB 2 for 1 yard (34-A.Anzalone; 98-A.Nelson).,CIN,TB,RUSH,44,1,2,35,7,3,3,2,2,2,97,5,1,0,0,1,0,0,00-0038597,0,LG,00-0033914,00-0035254,,0,0,,,,,,,,,,,,,,,,,,,,0,,,,,,,0,,,,0,,,0,,,,0,,,0,,-0.234,,0,2
7022,1153879,"(1:51) (Shotgun) 9-J.Burrow pass short left to 88-M.Gesicki for 2 yards, TOUCHDOWN.",CIN,TB,PASS,3,1,1,51,7,3,3,2,3,1,98,5,2,1,1,1,0,6,,0,,,,00-0036442,1,0,SL,00-0034829,,1,,,,,,,,,,,,,,,,0,,,,,,,0,,,,0,,,0,,,,0,,,1,REC,1.255,00-0036442,0,5
7022,1153880,"2-E.McPherson extra point is GOOD, Center-46-W.Wagner, Holder-8-R.Rehkow.",CIN,TB,FGXP,0,1,1,48,13,3,3,2,0,0,85,5,0,1,0,0,0,1,,0,,,,,0,0,,,,,,,,,,,,,,,,,,,,0,,,,XP,00-0036854,33,1,,,,0,,,0,,,,0,,,0,,0.068,,0,
7022,1153881,2-E.McPherson kicks 63 yards from CIN 35 to TB 2. 19-K.Johnson to TB 34 for 32 yards (27-J.Battle; 52-C.Johnson).,TB,CIN,KOFF,6,1,1,48,3,14,2,3,0,0,65,4,0,1,0,0,0,0,,0,,,,,0,0,,,,,,,,,,,,,,,,,,,,0,,,,,,,0,,,,0,,,0,00-0036854,63,31,0,00-0039589,32,0,,0.53,,0,
7022,1153882,(1:42) (Shotgun) 6-B.Mayfield pass short left to 14-C.Godwin pushed ob at TB 38 for 4 yards (0-D.Turner).,TB,CIN,PASS,39,1,1,42,3,14,2,3,1,10,34,2,4,0,0,1,0,0,,0,,,,00-0034855,1,0,SL,00-0033921,,-3,00-0038549,,,,,,,,,,,,,,,0,,,,,,,0,,,,0,,,0,,,,0,,,0,,-0.02,00-0034855,0,5
7022,1153883,(1:03) 1-K.Gainwell right tackle to TB 45 for 7 yards (44-D.Knight).,TB,CIN,RUSH,35,1,1,3,3,14,2,3,2,6,38,2,7,1,1,0,0,0,00-0036919,0,RT,00-0040738,,,0,0,,,,,,,,,,,,,,,,,,,,0,,,,,,,0,,,,0,,,0,,,,0,,,0,,0.848,,0,5
7022,1153884,(:28) 6-B.Mayfield pass short right to 88-C.Otton to CIN 42 for 13 yards (93-J.Allen).,TB,CIN,PASS,28,1,0,28,3,14,2,3,1,10,45,3,13,1,1,0,0,0,,0,,,,00-0034855,1,0,SR,00-0038129,,-4,00-0033523,,,,,,,,,,,,,,,0,,,,,,,0,,,,0,,,0,,,,0,,,0,,0.873,00-0034855,0,5
7022,1153885,"(15:00) PENALTY on TB-88-C.Otton, False Start, 5 yards, enforced at CIN 42 - No Play.",TB,CIN,NOPL,0,2,15,0,3,14,2,3,1,10,58,3,0,0,0,0,0,0,,0,,,,,0,0,,,,,,,,,TB,00-0038129,False Start,-5,NA,,,,,,,0,,,,,,,0,,,,0,,,0,,,,0,,,0,,-0.607,,0,
7022,1153886,(15:00) (Shotgun) 6-B.Mayfield pass short right to 1-K.Gainwell to CIN 44 for 3 yards (49-B.Carter).,TB,CIN,PASS,46,2,15,0,3,14,2,3,1,15,53,3,3,0,0,1,0,0,,0,,,,00-0034855,1,0,SR,00-0036919,,-5,00-0040157,,,,,,,,,,,,,,,0,,,,,,,0,,,,0,,,0,,,,0,,,0,,-0.393,00-0034855,0,5
7022,1153887,(14:14) (Shotgun) 6-B.Mayfield pass short right to 2-E.Egbuka to CIN 32 for 12 yards (0-D.Turner; 44-D.Knight).,TB,CIN,PASS,41,2,14,14,3,14,2,3,2,12,56,3,12,1,1,1,0,0,,0,,,,00-0034855,1,0,SR,00-0040129,,5,00-0038549,00-0040738,,,,,,,,,,,,,,0,,,,,,,0,,,,0,,,0,,,,0,,,0,,1.777,00-0034855,0,5
7022,1153888,(13:33) 14-C.Godwin left end to CIN 29 for 3 yards (49-B.Carter).,TB,CIN,RUSH,41,2,13,33,3,14,2,3,1,10,68,4,3,0,0,0,0,0,00-0033921,0,LE,00-0040157,,,0,0,,,,,,,,,,,,,,,,,,,,0,,,,,,,0,,,,0,,,0,,,,0,,,0,,-0.131,,0,5
7022,1153889,"(12:52) 6-B.Mayfield pass short left intended for 2-E.Egbuka INTERCEPTED by 20-T.Davis at CIN 16. 20-T.Davis ran ob at CIN 20 for 4 yards (2-E.Egbuka). PENALTY on CIN-20-T.Davis, Defensive Pass Interference, 12 yards, enforced at CIN 29 - No Play.",TB,CIN,NOPL,6,2,12,52,3,14,2,3,2,7,71,4,0,1,1,0,0,0,,0,,,,00-0034855,0,0,,,,0,,,,,CIN,00-0041464,Defensive Pass Interference,12,NA,,,,,,,0,,,,,,,0,,,,0,,,0,,,,0,,,0,,1.241,00-0034855,0,5
7022,1153890,"(12:46) 7-B.Irving left tackle to CIN 12 for 5 yards (52-C.Johnson; 23-D.Hill). PENALTY on CIN-93-J.Allen, Defensive Offside, 5 yards, enforced at CIN 17 - No Play.",TB,CIN,NOPL,31,2,12,46,3,14,2,3,1,10,83,5,0,1,0,0,0,0,,0,,,,,0,0,,,,,,,,,CIN,00-0033523,Defensive Offside,5,NA,,,,,,,0,,,,,,,0,,,,0,,,0,,,,0,,,0,,0.39,,0,5
7022,1153891,"(12:15) (Shotgun) 6-B.Mayfield scrambles up the middle to CIN 4 for 8 yards (49-B.Carter). FUMBLES (49-B.Carter), RECOVERED by CIN-6-B.Cook at CIN -3. Touchback.",TB,CIN,RUSH,11,2,12,15,3,14,2,3,1,5,88,5,8,0,0,1,0,0,00-0034855,0,RM,00-0040157,,,0,0,,,,,,,,,,,,,,,,00-0034855,00-0037193,0,00-0040157,1,,,,,,,0,,,,0,,,0,,,,0,,,0,,-6.107,00-0034855,0,5
7022,1153892,(12:04) 9-J.Burrow pass incomplete deep middle to 5-T.Higgins [91-A.Robinson].,CIN,TB,PASS,6,2,12,4,14,3,3,2,1,10,20,2,0,0,0,0,0,0,,0,,,,00-0036442,0,0,DM,00-0036410,,45,,,,,,,,,,,,,,,,0,,,,,,,0,,,,0,,,0,,,,0,,,0,,-0.516,00-0036442,0,5
7022,1153893,(11:58) (Shotgun) 34-S.Perine up the middle to CIN 23 for 3 yards (91-A.Robinson; 34-A.Anzalone).,CIN,TB,RUSH,41,2,11,58,14,3,3,2,2,10,20,2,3,0,0,1,0,0,00-0033526,0,RM,00-0032889,00-0033914,,0,0,,,,,,,,,,,,,,,,,,,,0,,,,,,,0,,,,0,,,0,,,,0,,,0,,-0.567,,0,5
7022,1153894,(11:17) (Shotgun) 9-J.Burrow pass short right to 34-S.Perine to CIN 32 for 9 yards (22-K.Scott).,CIN,TB,PASS,40,2,11,17,14,3,3,2,3,7,23,2,9,1,1,1,0,0,,0,,,,00-0036442,1,0,SR,00-0033526,,0,00-0041057,,,,,,,,,,,,,,,0,,,,,,,0,,,,0,,,0,,,,0,,,0,,1.872,00-0036442,0,5
7022,1153895,(10:37) (Shotgun) 9-J.Burrow pass short right to 30-C.Brown to CIN 41 for 9 yards (23-T.Smith; 45-J.Trotter).,CIN,TB,PASS,49,2,10,37,14,3,3,2,1,10,32,2,9,1,0,1,0,0,,0,,,,00-0036442,1,0,SR,00-0038597,,-6,00-0039846,00-0041502,,,,,,,,,,,,,,0,,,,,,,0,,,,0,,,0,,,,0,,,0,,0.697,00-0036442,0,5
7022,1153896,(9:48) 30-C.Brown right guard to CIN 45 for 4 yards (3-R.Bain).,CIN,TB,RUSH,38,2,9,48,14,3,3,2,2,1,41,3,4,0,1,0,0,0,00-0038597,0,RG,00-0041031,,,0,0,,,,,,,,,,,,,,,,,,,,0,,,,,,,0,,,,0,,,0,,,,0,,,0,,-0.072,,0,4
7022,1153897,(9:10) 9-J.Burrow pass deep left to 1-J.Chase pushed ob at TB 39 for 16 yards (22-K.Scott).,CIN,TB,PASS,34,2,9,10,14,3,3,2,1,10,45,3,16,1,1,0,0,0,,0,,,,00-0036442,1,0,DL,00-0036900,,16,00-0041057,,,,,,,,,,,,,,,0,,,,,,,0,,,,0,,,0,,,,0,,,0,,0.895,00-0036442,0,5
7022,1153898,(8:36) 9-J.Burrow pass short left to 89-D.Sample to TB 37 for 2 yards (91-A.Robinson).,CIN,TB,PASS,41,2,8,36,14,3,3,2,1,10,61,4,2,0,0,0,0,0,,0,,,,00-0036442,1,0,SL,00-0035631,,-3,00-0032889,,,,,,,,,,,,,,,0,,,,,,,0,,,,0,,,0,,,,0,,,0,,-0.373,00-0036442,0,5
7022,1153899,(7:55) (Shotgun) 9-J.Burrow pass short middle to 34-S.Perine to TB 30 for 7 yards (45-J.Trotter; 31-A.Winfield).,CIN,TB,PASS,39,2,7,55,14,3,3,2,2,8,63,4,7,1,0,1,0,0,,0,,,,00-0036442,1,0,SM,00-0033526,,1,00-0041502,00-0036411,,,,,,,,,,,,,,0,,,,,,,0,,,,0,,,0,,,,0,,,0,,0.481,00-0036442,1,5
7022,1153900,(7:16) 9-J.Burrow up the middle to TB 28 for 2 yards (98-A.Nelson).,CIN,TB,RUSH,37,2,7,16,14,3,3,2,3,1,70,4,2,1,1,0,0,0,00-0036442,0,RM,00-0035254,,,0,0,,,,,,,,,,,,,,,,,,,,0,,,,,,,0,,,,0,,,0,,,,0,,,0,,0.476,,0,4
7022,1153901,(6:39) (Shotgun) 9-J.Burrow pass short left to 5-T.Higgins to TB 16 for 12 yards (25-J.Parrish). TB-25-J.Parrish was injured during the play.,CIN,TB,PASS,30,2,6,39,14,3,3,2,1,10,72,4,12,1,1,1,0,0,,0,,,,00-0036442,1,0,SL,00-0036410,,3,00-0040143,,,,,,,,,,,,,,,0,,,,,,,0,,,,0,,,0,,,,0,,,0,,0.696,00-0036442,0,4
7022,1153902,(6:09) 9-J.Burrow pass short right to 89-D.Sample pushed ob at TB 5 for 11 yards (27-Z.McCollum).,CIN,TB,PASS,34,2,6,9,14,3,3,2,1,10,84,5,11,1,1,0,0,0,,0,,,,00-0036442,1,0,SR,00-0035631,,2,00-0037268,,,,,,,,,,,,,,,0,,,,,,,0,,,,0,,,0,,,,0,,,0,,1.002,00-0036442,0,4
7022,1153903,"(5:35) 30-C.Brown up the middle for 5 yards, TOUCHDOWN.",CIN,TB,RUSH,3,2,5,35,14,3,3,2,1,5,95,5,5,1,1,0,0,6,00-0038597,0,RM,,,,0,0,,,,,,,,,,,,,,,,,,,,0,,,,,,,0,,,,0,,,0,,,,0,,,1,RUSH,1.328,,0,4
7022,1153904,"2-E.McPherson extra point is GOOD, Center-46-W.Wagner, Holder-8-R.Rehkow.",CIN,TB,FGXP,0,2,5,32,20,3,3,2,0,0,85,5,0,1,0,0,0,1,,0,,,,,0,0,,,,,,,,,,,,,,,,,,,,0,,,,XP,00-0036854,33,1,,,,0,,,0,,,,0,,,0,,0.068,,0,
7022,1153905,2-E.McPherson kicks 62 yards from CIN 35 to TB 3. 1-K.Gainwell to TB 25 for 22 yards (34-S.Perine).,TB,CIN,KOFF,6,2,5,32,3,21,2,3,0,0,65,4,0,0,0,0,0,0,,0,,,,,0,0,,,,,,,,,,,,,,,,,,,,0,,,,,,,0,,,,0,,,0,00-0036854,62,40,0,00-0036919,22,0,,-0.002,,0,
7022,1153906,(5:26) 6-B.Mayfield pass short right to 7-B.Irving to TB 21 for -4 yards (49-B.Carter).,TB,CIN,PASS,43,2,5,26,3,21,2,3,1,10,25,2,-4,0,0,0,0,0,,0,,,,00-0034855,1,0,SR,00-0039361,,-4,00-0040157,,,,,,,,,,,,,,,0,,,,,,,0,,,,0,,,0,,,,0,,,0,,-0.987,00-0034855,0,5
7022,1153907,(4:43) (Shotgun) 6-B.Mayfield pass short middle to 2-E.Egbuka to TB 32 for 11 yards (27-J.Battle).,TB,CIN,PASS,47,2,4,43,3,21,2,3,2,14,21,2,11,1,0,1,0,0,,0,,,,00-0034855,1,0,SM,00-0040129,,11,00-0038560,,,,,,,,,,,,,,,0,,,,,,,0,,,,0,,,0,,,,0,,,0,,0.805,00-0034855,0,5
7022,1153908,(3:56) (Shotgun) 6-B.Mayfield pass short middle to 14-C.Godwin to CIN 38 for 30 yards (44-D.Knight).,TB,CIN,PASS,45,2,3,56,3,21,2,3,3,3,32,2,30,1,1,1,0,0,,0,,,,00-0034855,1,0,SM,00-0033921,,13,00-0040738,,,,,,,,,,,,,,,0,,,,,,,0,,,,0,,,0,,,,0,,,0,,2.421,00-0034855,1,5
7022,1153909,"(3:11) 7-B.Irving left end to CIN 40 for -2 yards (35-J.Davis, 53-B.Mafe). PENALTY on CIN-98-T.Slaton, Defensive Offside, 5 yards, enforced at CIN 38 - No Play.",TB,CIN,NOPL,29,2,3,11,3,21,2,3,1,10,62,4,0,1,0,0,0,0,,0,,,,,0,0,,,,,,,,,CIN,00-0036642,Defensive Offside,5,NA,,,,,,,0,,,,,,,0,,,,0,,,0,,,,0,,,0,,0.538,,0,5
7022,1153910,(2:42) (Shotgun) 6-B.Mayfield pass short middle to 2-E.Egbuka to CIN 20 for 13 yards (27-J.Battle).,TB,CIN,PASS,42,2,2,42,3,21,2,3,1,5,67,4,13,1,1,1,0,0,,0,,,,00-0034855,1,0,SM,00-0040129,,13,00-0038560,,,,,,,,,,,,,,,0,,,,,,,0,,,,0,,,0,,,,0,,,0,,0.734,00-0034855,0,5
7022,1153911,(2:00) 6-B.Mayfield pass short right to 88-C.Otton pushed ob at CIN 10 for 10 yards (27-J.Battle).,TB,CIN,PASS,6,2,2,0,3,21,2,3,1,10,80,5,10,1,1,0,0,0,,0,,,,00-0034855,1,0,SR,00-0038129,,0,00-0038560,,,,,,,,,,,,,,,0,,,,,,,0,,,,0,,,0,,,,0,,,0,,0.503,00-0034855,0,5
7022,1153912,"(1:54) 7-B.Irving left end for 10 yards, TOUCHDOWN.",TB,CIN,RUSH,5,2,1,54,3,21,2,3,1,10,90,5,10,1,1,0,0,6,00-0039361,0,LE,,,,0,0,,,,,,,,,,,,,,,,,,,,0,,,,,,,0,,,,0,,,0,,,,0,,,1,RUSH,2.333,,0,5
7022,1153913,"4-C.McLaughlin extra point is GOOD, Center-86-E.Deckers, Holder-9-R.Dixon.",TB,CIN,FGXP,0,2,1,49,9,21,2,3,0,0,85,5,0,1,0,0,0,1,,0,,,,,0,0,,,,,,,,,,,,,,,,,,,,0,,,,XP,00-0035358,33,1,,,,0,,,0,,,,0,,,0,,0.068,,0,
7022,1153914,4-C.McLaughlin kicks 61 yards from TB 35 to CIN 4. 81-D.Meyers to CIN 28 for 24 yards (51-D.Walker).,CIN,TB,KOFF,4,2,1,49,21,10,3,2,0,0,65,4,0,1,0,0,0,0,,0,,,,,0,0,,,,,,,,,,,,,,,,,,,,0,,,,,,,0,,,,0,,,0,00-0035358,61,37,0,00-0040785,24,0,,0.118,,0,
7022,1153915,(1:45) (Shotgun) 9-J.Burrow pass incomplete short left to 88-M.Gesicki (23-T.Smith).,CIN,TB,PASS,3,2,1,45,21,10,3,2,1,10,28,2,0,0,0,1,0,0,,0,,,,00-0036442,0,0,SL,00-0034829,00-0039846,4,,,,,,,,,,,,,,,,0,,,,,,,0,,,,0,,,0,,,,0,,,0,,-0.215,00-0036442,0,5
7022,1153916,(1:42) (Shotgun) 9-J.Burrow pass short right to 88-M.Gesicki to CIN 44 for 16 yards (45-J.Trotter; 34-A.Anzalone).,CIN,TB,PASS,28,2,1,42,21,10,3,2,2,10,28,2,16,1,1,1,0,0,,0,,,,00-0036442,1,0,SR,00-0034829,,10,00-0041502,00-0033914,,,,,,,,,,,,,,0,,,,,,,0,,,,0,,,0,,,,0,,,0,,0.961,00-0036442,1,5
7022,1153917,"(1:14) (No Huddle, Shotgun) 9-J.Burrow pass incomplete short left to 30-C.Brown.",CIN,TB,PASS,3,2,1,14,21,10,3,2,1,10,44,3,0,0,0,1,1,0,,0,,,,00-0036442,0,0,SL,00-0038597,,-2,,,,,,,,,,,,,,,,0,,,,,,,0,,,,0,,,0,,,,0,,,0,,-0.26,00-0036442,0,5
7022,1153918,(1:11) (Shotgun) 9-J.Burrow pass short right to 88-M.Gesicki to TB 45 for 11 yards (45-J.Trotter).,CIN,TB,PASS,20,2,1,11,21,10,3,2,2,10,44,3,11,1,1,1,0,0,,0,,,,00-0036442,1,0,SR,00-0034829,,7,00-0041502,,,,,,,,,,,,,,,0,,,,,,,0,,,,0,,,0,,,,0,,,0,,0.904,00-0036442,0,5
7022,1153919,"(:51) (No Huddle, Shotgun) 9-J.Burrow pass short right to 88-M.Gesicki to TB 20 for 25 yards (27-Z.McCollum).",CIN,TB,PASS,8,2,0,51,21,10,3,2,1,10,55,3,25,1,1,1,1,0,,0,,,,00-0036442,1,0,SR,00-0034829,,15,00-0037268,,,,,,,,,,,,,,,0,,,,,,,0,,,,0,,,0,,,,0,,,0,,1.618,00-0036442,1,5
7022,1153920,Timeout #1 by CIN at 00:43.,NA,NA,NOPL,0,2,0,43,0,0,0,0,0,0,NA,1,0,0,0,0,0,0,,0,,,,,0,0,,,,,,,,,,,,,,,,,,,,0,,,,,,,0,,,,0,,,0,,,,0,,,0,,0,,0,
7022,1153921,"(:43) (Shotgun) 9-J.Burrow up the middle to TB 8 for 12 yards (31-A.Winfield). PENALTY on TB-23-T.Smith, Unnecessary Roughness, 4 yards, enforced at TB 8.",CIN,TB,RUSH,8,2,0,43,21,10,2,2,1,10,80,5,12,1,1,1,0,0,00-0036442,0,RM,00-0036411,,,0,0,,,,,,,,,TB,00-0039846,Unnecessary Roughness,4,NA,,,,,,,0,,,,,,,0,,,,0,,,0,,,,0,,,0,,1.629,,0,5
7022,1153922,(:35) (Shotgun) 30-C.Brown right guard to TB 2 for 2 yards (45-J.Trotter; 56-R.Nunez-Roches).,CIN,TB,RUSH,11,2,0,35,21,10,2,2,1,4,96,5,2,0,0,1,0,0,00-0038597,0,RG,00-0041502,00-0031957,,0,0,,,,,,,,,,,,,,,,,,,,0,,,,,,,0,,,,0,,,0,,,,0,,,0,,-0.227,,0,5
7022,1153923,Timeout #2 by CIN at 00:24.,NA,NA,NOPL,0,2,0,24,0,0,0,0,0,0,NA,1,0,0,0,0,0,0,,0,,,,,0,0,,,,,,,,,,,,,,,,,,,,0,,,,,,,0,,,,0,,,0,,,,0,,,0,,0,,0,
7022,1153924,(:24) (Shotgun) 9-J.Burrow pass incomplete short left to 88-M.Gesicki [97-A.Muhammad].,CIN,TB,PASS,3,2,0,24,21,10,1,2,2,2,98,5,0,0,0,1,0,0,,0,,,,00-0036442,0,0,SL,00-0034829,,2,,,,,,,,,,,,,,,,0,,,,,,,0,,,,0,,,0,,,,0,,,0,,-0.797,00-0036442,0,5
7022,1153925,(:21) (Shotgun) 9-J.Burrow pass short left to 80-A.Iosivas to TB 2 for no gain (21-B.Morrison).,CIN,TB,PASS,11,2,0,21,21,10,1,2,3,2,98,5,0,0,0,1,0,0,,0,,,,00-0036442,1,0,SL,00-0038619,,0,00-0040747,,,,,,,,,,,,,,,0,,,,,,,0,,,,0,,,0,,,,0,,,0,,-1.637,00-0036442,0,5
7022,1153926,Timeout #3 by CIN at 00:10.,NA,NA,NOPL,0,2,0,10,0,0,0,0,0,0,NA,1,0,0,0,0,0,0,,0,,,,,0,0,,,,,,,,,,,,,,,,,,,,0,,,,,,,0,,,,0,,,0,,,,0,,,0,,0,,0,
7022,1153927,"(:10) 2-E.McPherson 20 yard field goal is GOOD, Center-46-W.Wagner, Holder-8-R.Rehkow.",CIN,TB,FGXP,4,2,0,10,21,10,0,2,4,2,98,5,0,1,0,0,0,3,,0,,,,,0,0,,,,,,,,,,,,,,,,,,,,0,,,,FG,00-0036854,20,1,,,,0,,,0,,,,0,,,0,,0.031,,0,
7022,1153928,"2-E.McPherson kicks 65 yards from CIN 35 to end zone, Touchback to the TB 35.",TB,CIN,KOFF,0,2,0,6,10,24,2,0,0,0,65,4,0,0,0,0,0,0,,0,,,,,0,0,,,,,,,,,,,,,,,,,,,,0,,,,,,,0,,,,0,,,0,00-0036854,65,65,1,,0,0,,-0.023,,0,
7022,1153929,(:06) 6-B.Mayfield kneels to TB 34 for -1 yards.,TB,CIN,RUSH,6,2,0,6,10,24,2,0,1,10,35,2,-1,0,0,0,0,0,00-0034855,1,,,,,0,0,,,,,,,,,,,,,,,,,,,,0,,,,,,,0,,,,0,,,0,,,,0,,,0,,0,,0,
7022,1153930,"4-C.McLaughlin kicks 63 yards from TB 35 to CIN 2. 25-T.Brooks MUFFS catch, and recovers at CIN 1. 25-T.Brooks to CIN 27 for 26 yards (38-K.Knowles).",CIN,TB,KOFF,7,3,15,0,24,10,3,3,0,0,65,4,0,1,0,0,0,0,,0,,,,,0,0,,,,,,,,,,,,,,,,,,,,0,,,,,,,0,,,,0,,,0,00-0035358,63,37,0,00-0040208,26,0,,0.128,,0,
7022,1153931,(14:53) 30-C.Brown up the middle to CIN 31 for 4 yards (45-J.Trotter; 91-A.Robinson).,CIN,TB,RUSH,37,3,14,53,24,10,3,3,1,10,27,2,4,0,0,0,0,0,00-0038597,0,RM,00-0041502,00-0032889,,0,0,,,,,,,,,,,,,,,,,,,,0,,,,,,,0,,,,0,,,0,,,,0,,,0,,-0.122,,0,4
7022,1153932,(14:16) (Shotgun) 9-J.Burrow pass short left to 1-J.Chase to CIN 27 for -4 yards (21-B.Morrison).,CIN,TB,PASS,39,3,14,16,24,10,3,3,2,6,31,2,-4,0,0,1,0,0,,0,,,,00-0036442,1,0,SL,00-0036900,,-6,00-0040747,,,,,,,,,,,,,,,0,,,,,,,0,,,,0,,,0,,,,0,,,0,,-1.244,00-0036442,0,5
7022,1153933,(13:37) (Shotgun) 9-J.Burrow pass short middle to 5-T.Higgins pushed ob at TB 44 for 29 yards (31-A.Winfield) [97-A.Muhammad].,CIN,TB,PASS,42,3,13,37,24,10,3,3,3,10,27,2,29,1,1,1,0,0,,0,,,,00-0036442,1,0,SM,00-0036410,,12,00-0036411,,,,,,,,,,,,,,,0,,,,,,,0,,,,0,,,0,,,,0,,,0,,2.961,00-0036442,0,5
7022,1153934,Timeout #1 by CIN at 12:55.,NA,NA,NOPL,0,3,12,55,0,0,0,0,0,0,NA,1,0,0,0,0,0,0,,0,,,,,0,0,,,,,,,,,,,,,,,,,,,,0,,,,,,,0,,,,0,,,0,,,,0,,,0,,0,,0,
7022,1153935,(12:55) (Shotgun) 30-C.Brown right end pushed ob at TB 31 for 13 yards (23-T.Smith).,CIN,TB,RUSH,39,3,12,55,24,10,2,3,1,10,56,3,13,1,1,1,0,0,00-0038597,0,RE,00-0039846,,,0,0,,,,,,,,,,,,,,,,,,,,0,,,,,,,0,,,,0,,,0,,,,0,,,0,,0.894,,0,5
7022,1153936,(12:16) (Shotgun) 30-C.Brown right end pushed ob at TB 32 for -1 yards (27-Z.McCollum).,CIN,TB,RUSH,39,3,12,16,24,10,2,3,1,10,69,4,-1,0,0,1,0,0,00-0038597,0,RE,00-0037268,,,0,0,,,,,,,,,,,,,,,,,,,,0,,,,,,,0,,,,0,,,0,,,,0,,,0,,-0.82,,0,5
7022,1153937,(11:37) (Shotgun) 9-J.Burrow pass short right to 87-T.Hudson to TB 28 for 4 yards (27-Z.McCollum).,CIN,TB,PASS,42,3,11,37,24,10,2,3,2,11,68,4,4,0,0,1,0,0,,0,,,,00-0036442,1,0,SR,00-0034613,,4,00-0037268,,,,,,,,,,,,,,,0,,,,,,,0,,,,0,,,0,,,,0,,,0,,-0.059,00-0036442,0,5
7022,1153938,(10:55) (Shotgun) 9-J.Burrow sacked at TB 37 for -9 yards (45-J.Trotter).,CIN,TB,PASS,47,3,10,55,24,10,2,3,3,7,72,4,-9,0,0,1,0,0,,0,,,,,0,0,,,,,,,00-0041502,,,,,,,,,,,,,0,,,,,,,0,,,,0,,,0,,,,0,,,0,,-2.759,00-0036442,0,5
7022,1153939,"(10:08) 2-E.McPherson 55 yard field goal is GOOD, Center-46-W.Wagner, Holder-8-R.Rehkow.",CIN,TB,FGXP,5,3,10,8,24,10,2,3,4,16,63,4,0,1,0,0,0,3,,0,,,,,0,0,,,,,,,,,,,,,,,,,,,,0,,,,FG,00-0036854,55,1,,,,0,,,0,,,,0,,,0,,2.548,,0,
7022,1153940,2-E.McPherson kicks 63 yards from CIN 35 to TB 2. 19-K.Johnson to TB 29 for 27 yards (34-S.Perine; 43-J.Giles-Harris).,TB,CIN,KOFF,6,3,10,3,10,27,3,2,0,0,65,4,0,1,0,0,0,0,,0,,,,,0,0,,,,,,,,,,,,,,,,,,,,0,,,,,,,0,,,,0,,,0,00-0036854,63,36,0,00-0039589,27,0,,0.284,,0,
7022,1153941,(9:57) 7-B.Irving right guard to TB 30 for 1 yard (27-J.Battle; 93-J.Allen).,TB,CIN,RUSH,44,3,9,57,10,27,3,2,1,10,29,2,1,0,0,0,0,0,00-0039361,0,RG,00-0038560,00-0033523,,0,0,,,,,,,,,,,,,,,,,,,,0,,,,,,,0,,,,0,,,0,,,,0,,,0,,-0.532,,0,5
7022,1153942,(9:13) (Shotgun) 6-B.Mayfield scrambles right end ran ob at TB 36 for 6 yards (23-D.Hill).,TB,CIN,RUSH,39,3,9,13,10,27,3,2,2,9,30,2,6,1,0,1,0,0,00-0034855,0,RE,00-0037743,,,0,0,,,,,,,,,,,,,,,,,,,,0,,,,,,,0,,,,0,,,0,,,,0,,,0,,0.031,00-0034855,0,5
7022,1153943,(8:34) (Shotgun) 6-B.Mayfield pass short left to 7-B.Irving pushed ob at CIN 42 for 22 yards (6-B.Cook).,TB,CIN,PASS,36,3,8,34,10,27,3,2,3,3,36,2,22,1,1,1,0,0,,0,,,,00-0034855,1,0,SL,00-0039361,,-6,00-0037193,,,,,,,,,,,,,,,0,,,,,,,0,,,,0,,,0,,,,0,,,0,,2.264,00-0034855,0,5
7022,1153944,(7:58) 6-B.Mayfield pass short left to 7-B.Irving to CIN 35 for 7 yards (23-D.Hill).,TB,CIN,PASS,42,3,7,58,10,27,3,2,1,10,58,3,7,1,0,0,0,0,,0,,,,00-0034855,1,0,SL,00-0039361,,-1,00-0037743,,,,,,,,,,,,,,,0,,,,,,,0,,,,0,,,0,,,,0,,,0,,0.319,00-0034855,0,4
7022,1153945,(7:16) 1-K.Gainwell left guard to CIN 33 for 2 yards (23-D.Hill).,TB,CIN,RUSH,44,3,7,16,10,27,3,2,2,3,65,4,2,0,0,0,0,0,00-0036919,0,LG,00-0037743,,,0,0,,,,,,,,,,,,,,,,,,,,0,,,,,,,0,,,,0,,,0,,,,0,,,0,,-0.209,,0,4
7022,1153946,(6:32) 1-K.Gainwell left tackle to CIN 33 for no gain (23-D.Hill).,TB,CIN,RUSH,46,3,6,32,10,27,3,2,3,1,67,4,0,0,0,0,0,0,00-0036919,0,LT,00-0037743,,,0,0,,,,,,,,,,,,,,,,,,,,0,,,,,,,0,,,,0,,,0,,,,0,,,0,,-1.235,,0,4
7022,1153947,"(5:46) 6-B.Mayfield pass short right to 1-K.Gainwell pushed ob at CIN 28 for 5 yards (0-D.Turner). PENALTY on CIN-93-J.Allen, Defensive Offside, 5 yards, enforced at CIN 33 - No Play.",TB,CIN,NOPL,28,3,5,46,10,27,3,2,4,1,67,4,0,1,1,0,0,0,,0,,,,00-0034855,0,0,,,,0,,,,,CIN,00-0033523,Defensive Offside,5,NA,,,,,,,0,,,,,,,0,,,,0,,,0,,,,0,,,0,,2.053,00-0034855,0,3
7022,1153948,(5:18) 1-K.Gainwell right tackle to CIN 24 for 4 yards (23-D.Hill).,TB,CIN,RUSH,44,3,5,18,10,27,3,2,1,10,72,4,4,0,0,0,0,0,00-0036919,0,RT,00-0037743,,,0,0,,,,,,,,,,,,,,,,,,,,0,,,,,,,0,,,,0,,,0,,,,0,,,0,,-0.062,,0,5
7022,1153949,(4:34) 6-B.Mayfield pass incomplete deep left to 88-C.Otton.,TB,CIN,PASS,5,3,4,34,10,27,3,2,2,6,76,4,0,0,0,0,0,0,,0,,,,00-0034855,0,0,DL,00-0038129,,19,,,,,,,,,,,,,,,,0,,,,,,,0,,,,0,,,0,,,,0,,,0,,-0.604,00-0034855,0,5
7022,1153950,(4:29) (Shotgun) 6-B.Mayfield sacked at CIN 33 for -9 yards (93-J.Allen).,TB,CIN,PASS,43,3,4,29,10,27,3,2,3,6,76,4,-9,0,0,1,0,0,,0,,,,,0,0,,,,,,,00-0033523,,,,,,,,,,,,,0,,,,,,,0,,,,0,,,0,,,,0,,,0,,-2.481,00-0034855,1,6
7022,1153951,"(3:46) 4-C.McLaughlin 51 yard field goal is GOOD, Center-86-E.Deckers, Holder-9-R.Dixon.",TB,CIN,FGXP,5,3,3,46,10,27,3,2,4,15,67,4,0,1,0,0,0,3,,0,,,,,0,0,,,,,,,,,,,,,,,,,,,,0,,,,FG,00-0035358,51,1,,,,0,,,0,,,,0,,,0,,1.912,,0,
7022,1153952,4-C.McLaughlin kicks 61 yards from TB 35 to CIN 4. 81-D.Meyers to CIN 29 for 25 yards (38-K.Knowles).,CIN,TB,KOFF,7,3,3,41,27,13,2,3,0,0,65,4,0,1,0,0,0,0,,0,,,,,0,0,,,,,,,,,,,,,,,,,,,,0,,,,,,,0,,,,0,,,0,00-0035358,61,36,0,00-0040785,25,0,,0.32,,0,
7022,1153953,(3:34) (Shotgun) 9-J.Burrow pass short left to 30-C.Brown to CIN 30 for 1 yard (21-B.Morrison).,CIN,TB,PASS,29,3,3,34,27,13,2,3,1,10,29,2,1,0,0,1,0,0,,0,,,,00-0036442,1,0,SL,00-0038597,,-2,00-0040747,,,,,,,,,,,,,,,0,,,,,,,0,,,,0,,,0,,,,0,,,0,,-0.54,00-0036442,0,5
7022,1153954,(3:05) (Shotgun) 34-S.Perine up the middle to CIN 34 for 4 yards (91-A.Robinson).,CIN,TB,RUSH,41,3,3,5,27,13,2,3,2,9,30,2,4,0,0,1,0,0,00-0033526,0,RM,00-0032889,,,0,0,,,,,,,,,,,,,,,,,,,,0,,,,,,,0,,,,0,,,0,,,,0,,,0,,-0.384,,0,5
7022,1153955,"(2:24) (No Huddle, Shotgun) 9-J.Burrow pass short right intended for 80-A.Iosivas INTERCEPTED by 45-J.Trotter [50-V.Vea] at CIN 38. 45-J.Trotter for 38 yards, TOUCHDOWN.",CIN,TB,PASS,8,3,2,24,27,13,2,3,3,5,34,2,0,0,0,1,1,-6,,0,,,,00-0036442,0,0,SR,00-0038619,00-0041502,4,,,,,,,,,,00-0041502,38,,,,,0,,,,,,,0,,,,0,,,0,,,,0,,,1,INT,-7.484,00-0036442,1,5
7022,1153956,"4-C.McLaughlin extra point is GOOD, Center-86-E.Deckers, Holder-9-R.Dixon.",TB,CIN,FGXP,0,3,2,16,19,27,3,2,0,0,85,5,0,1,0,0,0,1,,0,,,,,0,0,,,,,,,,,,,,,,,,,,,,0,,,,XP,00-0035358,33,1,,,,0,,,0,,,,0,,,0,,0.068,,0,
7022,1153957,"4-C.McLaughlin kicks 61 yards from TB 35 to CIN 4. 81-D.Meyers to CIN 34 for 30 yards (84-B.Sharp). PENALTY on CIN-29-K.Dugger, Illegal Block Above the Waist, 10 yards, enforced at CIN 27.",CIN,TB,KOFF,5,3,2,16,27,20,2,3,0,0,65,4,0,0,0,0,0,0,,0,,,,,0,0,,,,,,,,,CIN,00-0036231,Illegal Block Above the Waist,-10,NA,,,,,,,0,,,,,,,0,,,,0,,,0,00-0035358,61,38,0,00-0040785,23,0,,-0.571,,0,
7022,1153958,"(2:11) 9-J.Burrow pass short right to 89-D.Sample to CIN 17 for no gain (22-K.Scott; 34-A.Anzalone). PENALTY on TB-98-A.Nelson, Defensive Holding, 5 yards, enforced at CIN 17 - No Play.",CIN,TB,NOPL,24,3,2,11,27,20,2,3,1,10,17,1,0,1,1,0,0,0,,0,,,,00-0036442,0,0,,,,0,,,,,TB,00-0035254,Defensive Holding,5,NA,,,,,,,0,,,,,,,0,,,,0,,,0,,,,0,,,0,,0.181,00-0036442,0,5
7022,1153959,"(1:47) 9-J.Burrow pass deep right to 5-T.Higgins to TB 45 for 33 yards (27-Z.McCollum). Tampa Bay challenged the pass completion ruling, and the play was REVERSED. 9-J.Burrow pass incomplete deep right to 5-T.Higgins (27-Z.McCollum).",CIN,TB,PASS,6,3,1,47,27,20,2,3,1,10,22,2,0,0,0,0,0,0,,0,,,,00-0036442,0,0,DR,00-0036410,00-0037268,29,,,,,,,,,,,,,,,,0,,,,,,,0,,,,0,,,0,,,,0,,,0,,-0.559,00-0036442,0,4
7022,1153960,(1:41) (Shotgun) 9-J.Burrow pass incomplete short left to 5-T.Higgins (21-B.Morrison).,CIN,TB,PASS,4,3,1,41,27,20,2,3,2,10,22,2,0,0,0,1,0,0,,0,,,,00-0036442,0,0,SL,00-0036410,00-0040747,10,,,,,,,,,,,,,,,,0,,,,,,,0,,,,0,,,0,,,,0,,,0,,-0.822,00-0036442,0,5
7022,1153961,(1:37) (Shotgun) 9-J.Burrow pass deep left to 88-M.Gesicki to CIN 46 for 24 yards (31-A.Winfield).,CIN,TB,PASS,44,3,1,37,27,20,2,3,3,10,22,2,24,1,1,1,0,0,,0,,,,00-0036442,1,0,DL,00-0034829,,24,00-0036411,,,,,,,,,,,,,,,0,,,,,,,0,,,,0,,,0,,,,0,,,0,,3.133,00-0036442,1,5
7022,1153962,(:53) 81-D.Meyers left end to TB 44 for 10 yards (31-A.Winfield).,CIN,TB,RUSH,37,3,0,53,27,20,2,3,1,10,46,3,10,1,1,0,0,0,00-0040785,0,LE,00-0036411,,,0,0,,,,,,,,,,,,,,,,,,,,0,,,,,,,0,,,,0,,,0,,,,0,,,0,,0.481,,0,5
7022,1153963,(:16) (Shotgun) 9-J.Burrow pass short left to 30-C.Brown pushed ob at TB 36 for 8 yards (21-B.Morrison).,CIN,TB,PASS,16,3,0,16,27,20,2,3,1,10,56,3,8,1,0,1,0,0,,0,,,,00-0036442,1,0,SL,00-0038597,,0,00-0040747,,,,,,,,,,,,,,,0,,,,,,,0,,,,0,,,0,,,,0,,,0,,0.566,00-0036442,0,5
7022,1153964,(15:00) (Shotgun) 30-C.Brown left end to TB 40 for -4 yards (0-Y.Diaby).,CIN,TB,RUSH,45,4,15,0,27,20,2,3,2,2,64,4,-4,0,0,1,0,0,00-0038597,0,LE,00-0039068,,,0,0,,,,,,,,,,,,,,,,,,,,0,,,,,,,0,,,,0,,,0,,,,0,,,0,,-1.507,,0,5
7022,1153965,Timeout #2 by CIN at 14:15.,NA,NA,NOPL,0,4,14,15,0,0,0,0,0,0,NA,1,0,0,0,0,0,0,,0,,,,,0,0,,,,,,,,,,,,,,,,,,,,0,,,,,,,0,,,,0,,,0,,,,0,,,0,,0,,0,
7022,1153966,(14:15) (Shotgun) 9-J.Burrow pass incomplete short right [94-C.Kancey].,CIN,TB,PASS,6,4,14,15,27,20,1,3,3,6,60,4,0,0,0,1,0,0,,0,,,,00-0036442,0,0,SR,,,0,,,,,,,,,,,,,,,,0,,,,,,,0,,,,0,,,0,,,,0,,,0,,-1.996,00-0036442,0,5
7022,1153967,"(14:09) 2-E.McPherson 58 yard field goal is GOOD, Center-46-W.Wagner, Holder-8-R.Rehkow.",CIN,TB,FGXP,5,4,14,9,27,20,1,3,4,6,60,4,0,1,0,0,0,3,,0,,,,,0,0,,,,,,,,,,,,,,,,,,,,0,,,,FG,00-0036854,58,1,,,,0,,,0,,,,0,,,0,,2.995,,0,
7022,1153968,2-E.McPherson kicks 64 yards from CIN 35 to TB 1. 19-K.Johnson to TB 27 for 26 yards (20-T.Davis; 42-O.Burks).,TB,CIN,KOFF,6,4,14,4,20,30,3,1,0,0,65,4,0,1,0,0,0,0,,0,,,,,0,0,,,,,,,,,,,,,,,,,,,,0,,,,,,,0,,,,0,,,0,00-0036854,64,38,0,00-0039589,26,0,,0.128,,0,
7022,1153969,(13:58) 6-B.Mayfield pass short left to 7-B.Irving to TB 31 for 4 yards (35-J.Davis).,TB,CIN,PASS,42,4,13,58,20,30,3,1,1,10,27,2,4,0,0,0,0,0,,0,,,,00-0034855,1,0,SL,00-0039361,,-2,00-0034446,,,,,,,,,,,,,,,0,,,,,,,0,,,,0,,,0,,,,0,,,0,,-0.152,00-0034855,0,5
7022,1153970,(13:16) 7-B.Irving left guard to TB 39 for 8 yards (6-B.Cook).,TB,CIN,RUSH,41,4,13,16,20,30,3,1,2,6,31,2,8,1,1,0,0,0,00-0039361,0,LG,00-0037193,,,0,0,,,,,,,,,,,,,,,,,,,,0,,,,,,,0,,,,0,,,0,,,,0,,,0,,0.879,,0,5
7022,1153971,(12:35) 7-B.Irving left guard to TB 44 for 5 yards (49-B.Carter).,TB,CIN,RUSH,33,4,12,35,20,30,3,1,1,10,39,2,5,1,0,0,0,0,00-0039361,0,LG,00-0040157,,,0,0,,,,,,,,,,,,,,,,,,,,0,,,,,,,0,,,,0,,,0,,,,0,,,0,,0.046,,0,5
7022,1153972,(12:02) 6-B.Mayfield pass short right to 14-C.Godwin pushed ob at TB 45 for 1 yard (27-J.Battle).,TB,CIN,PASS,38,4,12,2,20,30,3,1,2,5,44,3,1,0,0,0,0,0,,0,,,,00-0034855,1,0,SR,00-0033921,,-3,00-0038560,,,,,,,,,,,,,,,0,,,,,,,0,,,,0,,,0,,,,0,,,0,,-0.637,00-0034855,0,5
7022,1153973,"(11:24) (Shotgun) PENALTY on TB-78-T.Wirfs, False Start, 5 yards, enforced at TB 45 - No Play.",TB,CIN,NOPL,0,4,11,24,20,30,3,1,3,4,45,3,0,0,0,1,0,0,,0,,,,,0,0,,,,,,,,,TB,00-0036406,False Start,-5,NA,,,,,,,0,,,,,,,0,,,,0,,,0,,,,0,,,0,,-0.651,,0,
7022,1153974,(11:24) (Shotgun) 6-B.Mayfield pass short left to 7-B.Irving pushed ob at CIN 49 for 11 yards (27-J.Battle).,TB,CIN,PASS,43,4,11,24,20,30,3,1,3,9,40,3,11,1,1,1,0,0,,0,,,,00-0034855,1,0,SL,00-0039361,,0,00-0038560,,,,,,,,,,,,,,,0,,,,,,,0,,,,0,,,0,,,,0,,,0,,1.893,00-0034855,1,5
7022,1153975,"(10:41) PENALTY on TB, Delay of Game, 5 yards, enforced at CIN 49 - No Play.",TB,CIN,NOPL,0,4,10,41,20,30,3,1,1,10,51,3,0,0,0,0,0,0,,0,,,,,0,0,,,,,,,,,TB,,Delay of Game,-5,NA,,,,,,,0,,,,,,,0,,,,0,,,0,,,,0,,,0,,-0.469,,0,
7022,1153976,"(10:41) (Shotgun) 6-B.Mayfield sacked at TB 39 for -7 yards (53-B.Mafe). FUMBLES (53-B.Mafe) [53-B.Mafe], touched at TB 43, RECOVERED by CIN-98-T.Slaton at TB 44.",TB,CIN,PASS,10,4,10,41,20,30,3,1,1,15,46,3,-3,0,0,1,0,0,,0,,,,,0,0,,,,,,,00-0038133,,,,,,,,,00-0034855,00-0036642,0,00-0038133,1,,,,,,,0,,,,0,,,0,,,,0,,,0,,-5.208,00-0034855,0,5
7022,1153977,(10:31) (Shotgun) 9-J.Burrow pass short right to 89-D.Sample to TB 38 for 6 yards (23-T.Smith).,CIN,TB,PASS,48,4,10,31,30,20,1,3,1,10,56,3,6,1,0,1,0,0,,0,,,,00-0036442,1,0,SR,00-0035631,,1,00-0039846,,,,,,,,,,,,,,,0,,,,,,,0,,,,0,,,0,,,,0,,,0,,0.252,00-0036442,0,5
7022,1153978,(9:43) (Shotgun) 34-S.Perine left guard to TB 36 for 2 yards (22-K.Scott).,CIN,TB,RUSH,45,4,9,43,30,20,1,3,2,4,62,4,2,0,0,1,0,0,00-0033526,0,LG,00-0041057,,,0,0,,,,,,,,,,,,,,,,,,,,0,,,,,,,0,,,,0,,,0,,,,0,,,0,,-0.378,,0,5
7022,1153979,(8:58) (Shotgun) 34-S.Perine up the middle to TB 28 for 8 yards (34-A.Anzalone).,CIN,TB,RUSH,41,4,8,58,30,20,1,3,3,2,64,4,8,1,1,1,0,0,00-0033526,0,RM,00-0033914,,,0,0,,,,,,,,,,,,,,,,,,,,0,,,,,,,0,,,,0,,,0,,,,0,,,0,,1.059,,0,5
7022,1153980,(8:17) 30-C.Brown up the middle to TB 17 for 11 yards (31-A.Winfield).,CIN,TB,RUSH,44,4,8,17,30,20,1,3,1,10,72,4,11,1,1,0,0,0,00-0038597,0,RM,00-0036411,,,0,0,,,,,,,,,,,,,,,,,,,,0,,,,,,,0,,,,0,,,0,,,,0,,,0,,0.739,,0,4
7022,1153981,(7:33) 30-C.Brown up the middle to TB 15 for 2 yards (34-A.Anzalone; 45-J.Trotter).,CIN,TB,RUSH,43,4,7,33,30,20,1,3,1,10,83,5,2,0,0,0,0,0,00-0038597,0,RM,00-0033914,00-0041502,,0,0,,,,,,,,,,,,,,,,,,,,0,,,,,,,0,,,,0,,,0,,,,0,,,0,,-0.354,,0,5
7022,1153982,(6:50) (Shotgun) 34-S.Perine right guard to TB 12 for 3 yards (97-A.Muhammad).,CIN,TB,RUSH,41,4,6,50,30,20,1,3,2,8,85,5,3,0,0,1,0,0,00-0033526,0,RG,00-0033964,,,0,0,,,,,,,,,,,,,,,,,,,,0,,,,,,,0,,,,0,,,0,,,,0,,,0,,-0.29,,0,5
7022,1153983,(6:09) (Shotgun) 9-J.Burrow pass short left to 30-C.Brown to TB 9 for 3 yards (22-K.Scott).,CIN,TB,PASS,46,4,6,9,30,20,1,3,3,5,88,5,3,0,0,1,0,0,,0,,,,00-0036442,1,0,SL,00-0038597,,-3,00-0041057,,,,,,,,,,,,,,,0,,,,,,,0,,,,0,,,0,,,,0,,,0,,-0.925,00-0036442,0,5
7022,1153984,"(5:23) (Run formation) PENALTY on CIN, Delay of Game, 5 yards, enforced at TB 9 - No Play.",CIN,TB,NOPL,0,4,5,23,30,20,1,3,4,2,91,5,0,0,0,0,0,0,,0,,,,,0,0,,,,,,,,,CIN,,Delay of Game,-5,NA,,,,,,,0,,,,,,,0,,,,0,,,0,,,,0,,,0,,-0.229,,0,
7022,1153985,"(5:23) 2-E.McPherson 32 yard field goal is GOOD, Center-46-W.Wagner, Holder-8-R.Rehkow.",CIN,TB,FGXP,4,4,5,23,30,20,1,3,4,7,86,5,0,1,0,0,0,3,,0,,,,,0,0,,,,,,,,,,,,,,,,,,,,0,,,,FG,00-0036854,32,1,,,,0,,,0,,,,0,,,0,,0.206,,0,
7022,1153986,2-E.McPherson kicks 63 yards from CIN 35 to TB 2. 18-J.Williams pushed ob at TB 49 for 47 yards (2-E.McPherson).,TB,CIN,KOFF,8,4,5,19,20,33,3,1,0,0,65,4,0,1,0,0,0,0,,0,,,,,0,0,,,,,,,,,,,,,,,,,,,,0,,,,,,,0,,,,0,,,0,00-0036854,63,16,0,00-0040429,47,0,,1.447,,0,
7022,1153987,"(5:11) (Shotgun) PENALTY on TB-78-T.Wirfs, False Start, 5 yards, enforced at TB 49 - No Play.",TB,CIN,NOPL,0,4,5,11,20,33,3,1,1,10,49,3,0,0,0,1,0,0,,0,,,,,0,0,,,,,,,,,TB,00-0036406,False Start,-5,NA,,,,,,,0,,,,,,,0,,,,0,,,0,,,,0,,,0,,-0.565,,0,
7022,1153988,(5:11) (Shotgun) 6-B.Mayfield pass deep left to 17-T.Hurst pushed ob at CIN 40 for 16 yards (23-D.Hill).,TB,CIN,PASS,28,4,5,11,20,33,3,1,1,15,44,3,16,1,1,1,0,0,,0,,,,00-0034855,1,0,DL,00-0041048,,16,00-0037743,,,,,,,,,,,,,,,0,,,,,,,0,,,,0,,,0,,,,0,,,0,,1.212,00-0034855,0,5
7022,1153989,(4:43) (Shotgun) 6-B.Mayfield pass short left to 17-T.Hurst to CIN 32 for 8 yards (23-D.Hill).,TB,CIN,PASS,20,4,4,43,20,33,3,1,1,10,60,4,8,1,0,1,0,0,,0,,,,00-0034855,1,0,SL,00-0041048,,6,00-0037743,,,,,,,,,,,,,,,0,,,,,,,0,,,,0,,,0,,,,0,,,0,,0.486,00-0034855,0,5
7022,1153990,"(4:23) (No Huddle, Shotgun) 6-B.Mayfield pass short left to 17-T.Hurst to CIN 20 for 12 yards (35-J.Davis; 6-B.Cook).",TB,CIN,PASS,22,4,4,23,20,33,3,1,2,2,68,4,12,1,1,1,1,0,,0,,,,00-0034855,1,0,SL,00-0041048,,12,00-0034446,00-0037193,,,,,,,,,,,,,,0,,,,,,,0,,,,0,,,0,,,,0,,,0,,0.62,00-0034855,1,5
7022,1153991,"(4:01) (No Huddle, Shotgun) 6-B.Mayfield scrambles left end ran ob at CIN 12 for 8 yards (44-D.Knight).",TB,CIN,RUSH,7,4,4,1,20,33,3,1,1,10,80,5,8,1,0,1,1,0,00-0034855,0,LE,00-0040738,,,0,0,,,,,,,,,,,,,,,,,,,,0,,,,,,,0,,,,0,,,0,,,,0,,,0,,0.728,00-0034855,0,5
7022,1153992,(3:54) (Shotgun) 6-B.Mayfield pass short left to 88-C.Otton to CIN 9 for 3 yards (44-D.Knight).,TB,CIN,PASS,23,4,3,54,20,33,3,1,2,2,88,5,3,0,1,1,0,0,,0,,,,00-0034855,1,0,SL,00-0038129,,3,00-0040738,,,,,,,,,,,,,,,0,,,,,,,0,,,,0,,,0,,,,0,,,0,,-0.043,00-0034855,1,5
7022,1153993,"(3:31) (No Huddle, Shotgun) 6-B.Mayfield pass incomplete short left to 15-T.Johnson.",TB,CIN,PASS,6,4,3,31,20,33,3,1,1,9,91,5,0,0,0,1,1,0,,0,,,,00-0034855,0,0,SL,00-0040237,,9,,,,,,,,,,,,,,,,0,,,,,,,0,,,,0,,,0,,,,0,,,0,,-0.6,00-0034855,0,5
7022,1153994,"(3:25) (Shotgun) 6-B.Mayfield scrambles up the middle for 9 yards, TOUCHDOWN.",TB,CIN,RUSH,6,4,3,25,20,33,3,1,2,9,91,5,9,1,1,1,0,6,00-0034855,0,RM,,,,0,0,,,,,,,,,,,,,,,,,,,,0,,,,,,,0,,,,0,,,0,,,,0,,,1,RUSH,2.731,00-0034855,0,5
7022,1153995,"(Kick formation) PENALTY on TB-69-C.Mauch, False Start, 5 yards, enforced at CIN 15 - No Play.",TB,CIN,NOPL,0,4,3,19,26,33,3,1,0,0,85,5,0,0,0,0,0,0,,0,,,,,0,0,,,,,,,,,TB,00-0039157,False Start,-5,NA,,,,,,,0,,,,,,,0,,,,0,,,0,,,,0,,,0,,0,,0,
7022,1153996,"4-C.McLaughlin extra point is GOOD, Center-86-E.Deckers, Holder-9-R.Dixon.",TB,CIN,FGXP,0,4,3,19,26,33,3,1,0,0,80,5,0,1,0,0,0,1,,0,,,,,0,0,,,,,,,,,,,,,,,,,,,,0,,,,XP,00-0035358,38,1,,,,0,,,0,,,,0,,,0,,0.122,,0,
7022,1153997,4-C.McLaughlin kicks 64 yards from TB 35 to CIN 1. 25-T.Brooks to CIN 24 for 23 yards (45-J.Trotter).,CIN,TB,KOFF,5,4,3,19,33,27,1,3,0,0,65,4,0,0,0,0,0,0,,0,,,,,0,0,,,,,,,,,,,,,,,,,,,,0,,,,,,,0,,,,0,,,0,00-0035358,64,41,0,00-0040208,23,0,,-0.062,,0,
7022,1153998,(3:14) (Shotgun) 9-J.Burrow pass short right to 81-D.Meyers to CIN 42 for 18 yards (27-Z.McCollum; 31-A.Winfield).,CIN,TB,PASS,48,4,3,14,33,27,1,3,1,10,24,2,18,1,1,1,0,0,,0,,,,00-0036442,1,0,SR,00-0040785,,2,00-0037268,00-0036411,,,,,,,,,,,,,,0,,,,,,,0,,,,0,,,0,,,,0,,,0,,1.034,00-0036442,0,5
7022,1153999,(2:26) (Shotgun) 9-J.Burrow pass short right to 34-S.Perine to TB 44 for 14 yards (31-A.Winfield).,CIN,TB,PASS,9,4,2,26,33,27,1,3,1,10,42,3,14,1,1,1,0,0,,0,,,,00-0036442,1,0,SR,00-0033526,,2,00-0036411,,,,,,,,,,,,,,,0,,,,,,,0,,,,0,,,0,,,,0,,,0,,0.762,00-0036442,1,4
7022,1154000,Timeout #1 by TB at 02:17.,NA,NA,NOPL,0,4,2,17,0,0,0,0,0,0,NA,1,0,0,0,0,0,0,,0,,,,,0,0,,,,,,,,,,,,,,,,,,,,0,,,,,,,0,,,,0,,,0,,,,0,,,0,,0,,0,
7022,1154001,(2:17) 30-C.Brown up the middle to TB 44 for no gain (23-T.Smith).,CIN,TB,RUSH,4,4,2,17,33,27,1,2,1,10,56,3,0,0,0,0,0,0,00-0038597,0,RM,00-0039846,,,0,0,,,,,,,,,,,,,,,,,,,,0,,,,,,,0,,,,0,,,0,,,,0,,,0,,-0.9,,0,4
7022,1154002,Timeout #2 by TB at 02:13.,NA,NA,NOPL,0,4,2,13,0,0,0,0,0,0,NA,1,0,0,0,0,0,0,,0,,,,,0,0,,,,,,,,,,,,,,,,,,,,0,,,,,,,0,,,,0,,,0,,,,0,,,0,,0,,0,
7022,1154003,(2:13) (Shotgun) 9-J.Burrow pass deep middle to 5-T.Higgins to TB 26 for 18 yards (27-Z.McCollum).,CIN,TB,PASS,5,4,2,13,33,27,1,1,2,10,56,3,18,1,1,1,0,0,,0,,,,00-0036442,1,0,DM,00-0036410,,18,00-0037268,,,,,,,,,,,,,,,0,,,,,,,0,,,,0,,,0,,,,0,,,0,,0.573,00-0036442,0,4
7022,1154004,Timeout #3 by TB at 02:08.,NA,NA,NOPL,0,4,2,8,0,0,0,0,0,0,NA,1,0,0,0,0,0,0,,0,,,,,0,0,,,,,,,,,,,,,,,,,,,,0,,,,,,,0,,,,0,,,0,,,,0,,,0,,0,,0,
7022,1154005,(2:08) 69-J.Bayer reported in as eligible. 30-C.Brown left tackle to TB 27 for -1 yards (45-J.Trotter).,CIN,TB,RUSH,8,4,2,8,33,27,1,0,1,10,74,4,-1,0,0,0,0,0,00-0038597,0,LT,00-0041502,,,0,0,,,,,,,,,,,,,,,,,,,,0,,,,,,,0,,,,0,,,0,,,,0,,,0,,-0.506,,0,2
7022,1154006,"(2:00) PENALTY on TB-95-E.Roberts, Neutral Zone Infraction, 5 yards, enforced at TB 27 - No Play.",CIN,TB,NOPL,0,4,2,0,33,27,1,0,2,11,73,4,0,1,0,0,0,0,,0,,,,,0,0,,,,,,,,,TB,00-0040183,Neutral Zone Infraction,5,NA,,,,,,,0,,,,,,,0,,,,0,,,0,,,,0,,,0,,0.759,,0,
7022,1154007,(2:00) (Shotgun) 30-C.Brown right end to TB 17 for 5 yards (27-Z.McCollum).,CIN,TB,RUSH,48,4,2,0,33,27,1,0,2,6,78,4,5,1,0,1,0,0,00-0038597,0,RE,00-0037268,,,0,0,,,,,,,,,,,,,,,,,,,,0,,,,,,,0,,,,0,,,0,,,,0,,,0,,0.346,,0,4
7022,1154008,(1:12) 9-J.Burrow left guard to TB 16 for 1 yard (34-A.Anzalone; 45-J.Trotter).,CIN,TB,RUSH,43,4,1,12,33,27,1,0,3,1,83,5,1,1,1,0,0,0,00-0036442,0,LG,00-0033914,00-0041502,,0,0,,,,,,,,,,,,,,,,,,,,0,,,,,,,0,,,,0,,,0,,,,0,,,0,,0.274,,0,4
7022,1154009,(:29) 9-J.Burrow kneels to TB 17 for -1 yards.,CIN,TB,RUSH,0,4,0,29,33,27,1,0,1,10,84,5,-1,0,0,0,0,0,00-0036442,1,,,,,0,0,,,,,,,,,,,,,,,,,,,,0,,,,,,,0,,,,0,,,0,,,,0,,,0,,-3.186,,0,
7023,1154010,"10-D.Carlson kicks 60 yards from NO 35 to DET 5. 85-T.Kennedy MUFFS catch, recovered by DET-25-J.Saylors at DET 18.",DET,NO,KOFF,2,1,15,0,0,0,3,3,0,0,65,4,0,0,0,0,0,0,,0,,,,,0,0,,,,,,,,,,,,,,,,,,,,0,,,,,,,0,,,,0,,,0,00-0034161,60,60,0,00-0038896,0,0,,-0.541,,0,
7023,1154011,(14:58) 0-J.Gibbs up the middle to DET 22 for 4 yards (23-J.Blackmon; 20-P.Werner).,DET,NO,RUSH,36,1,14,58,0,0,3,3,1,10,18,1,4,0,0,0,0,0,00-0039139,0,RM,00-0036253,00-0036927,,0,0,,,,,,,,,,,,,,,,,,,,0,,,,,,,0,,,,0,,,0,,,,0,,,0,,-0.316,,0,5
7023,1154012,(14:22) 16-J.Goff pass short left to 14-A.St. Brown to DET 27 for 5 yards (1-K.McKinstry) [55-K.Elliss].,DET,NO,PASS,40,1,14,22,0,0,3,3,2,6,22,2,5,1,0,0,0,0,,0,,,,00-0033106,1,0,SL,00-0036963,,5,00-0039860,,,,,,,,,,,,,,,0,,,,,,,0,,,,0,,,0,,,,0,,,0,,0.653,00-0033106,0,5
7023,1154013,(13:42) 0-J.Gibbs left tackle to DET 24 for -3 yards (20-P.Werner).,DET,NO,RUSH,34,1,13,42,0,0,3,3,3,1,27,2,-3,0,0,0,0,0,00-0039139,0,LT,00-0036927,,,0,0,,,,,,,,,,,,,,,,,,,,0,,,,,,,0,,,,0,,,0,,,,0,,,0,,-2.825,,0,4
7023,1154014,"(13:08) 3-J.Fox punts 56 yards to NO 20, Center-49-H.Hatten. 19-B.Brown to NO 23 for 3 yards (53-T.Nowaske; 30-K.Dorsey).",DET,NO,PUNT,11,1,13,8,0,0,3,3,4,4,24,2,0,1,0,0,0,0,,0,,,,,0,0,,,,,,,,,,,,,,,,,,,,0,,,,,,,0,00-0035156,56,53,0,00-0041099,3,0,,,,0,,,0,,0.373,,0,
7023,1154015,(12:57) 3-T.Etienne left tackle to NO 23 for no gain (97-A.Hutchinson; 36-C.Clark).,NO,DET,RUSH,28,1,12,57,0,0,3,3,1,10,23,2,0,0,0,0,0,0,00-0036973,0,LT,00-0037236,00-0033294,,0,0,,,,,,,,,,,,,,,,,,,,0,,,,,,,0,,,,0,,,0,,,,0,,,0,,-0.652,,0,4
7023,1154016,(12:29) (Shotgun) 6-T.Shough pass short right to 14-D.Vele pushed ob at NO 32 for 9 yards (21-R.McCreary).,NO,DET,PASS,25,1,12,29,0,0,3,3,2,10,23,2,9,1,0,1,0,0,,0,,,,00-0040743,1,0,SR,00-0039424,,4,00-0038125,,,,,,,,,,,,,,,0,,,,,,,0,,,,0,,,0,,,,0,,,0,,1.05,00-0040743,0,5
7023,1154017,(12:04) 43-C.Donaldson up the middle to NO 35 for 3 yards (93-T.Lacy; 91-T.Williams).,NO,DET,RUSH,34,1,12,4,0,0,3,3,3,1,32,2,3,1,1,0,0,0,00-0041326,0,RM,00-0038940,00-0040672,,0,0,,,,,,,,,,,,,,,,,,,,0,,,,,,,0,,,,0,,,0,,,,0,,,0,,0.379,,0,4
7023,1154018,(11:30) 6-T.Shough pass short right to 87-N.Fant ran ob at NO 41 for 6 yards.,NO,DET,PASS,31,1,11,30,0,0,3,3,1,10,35,2,6,1,0,0,0,0,,0,,,,00-0040743,1,0,SR,00-0035644,,4,,,,,,,,,,,,,,,,0,,,,,,,0,,,,0,,,0,,,,0,,,0,,0.282,00-0040743,0,4
7023,1154019,(10:59) 5-K.Miller right tackle to NO 43 for 2 yards (91-T.Williams).,NO,DET,RUSH,41,1,10,59,0,0,3,3,2,4,41,3,2,0,0,0,0,0,00-0038551,0,RT,00-0040672,,,0,0,,,,,,,,,,,,,,,,,,,,0,,,,,,,0,,,,0,,,0,,,,0,,,0,,-0.483,,0,4
7023,1154020,(10:18) (Shotgun) 6-T.Shough pass incomplete short right to 87-N.Fant.,NO,DET,PASS,3,1,10,18,0,0,3,3,3,2,43,3,0,0,0,1,0,0,,0,,,,00-0040743,0,0,SR,00-0035644,,9,,,,,,,,,,,,,,,,0,,,,,,,0,,,,0,,,0,,,,0,,,0,,-1.901,00-0040743,0,4
7023,1154021,"(10:15) 17-R.Wright punts 46 yards to DET 11, Center-49-Z.Wood, downed by NO-44-I.Stalbird.",NO,DET,PUNT,11,1,10,15,0,0,3,3,4,2,43,3,0,0,0,0,0,0,,0,,,,,0,0,,,,,,,,,,,,,,,,,,,,0,,,,,,,0,00-0037500,46,46,0,,0,0,,,,0,,,0,,-0.228,,0,
7023,1154022,(10:04) 0-J.Gibbs up the middle to DET 14 for 3 yards (28-D.Stutsman).,DET,NO,RUSH,33,1,10,4,0,0,3,3,1,10,11,1,3,0,0,0,0,0,00-0039139,0,RM,00-0040155,,,0,0,,,,,,,,,,,,,,,,,,,,0,,,,,,,0,,,,0,,,0,,,,0,,,0,,-0.439,,0,4
7023,1154023,(9:31) 0-J.Gibbs right guard to DET 16 for 2 yards (21-J.Reid; 7-J.Sanker).,DET,NO,RUSH,40,1,9,31,0,0,3,3,2,7,14,1,2,0,0,0,0,0,00-0039139,0,RG,00-0034361,00-0040643,,0,0,,,,,,,,,,,,,,,,,,,,0,,,,,,,0,,,,0,,,0,,,,0,,,0,,-0.476,,0,5
7023,1154024,(8:51) (Shotgun) 16-J.Goff pass short left to 87-S.LaPorta to DET 24 for 8 yards (28-D.Stutsman).,DET,NO,PASS,37,1,8,51,0,0,3,3,3,5,16,1,8,1,1,1,0,0,,0,,,,00-0033106,1,0,SL,00-0039065,,4,00-0040155,,,,,,,,,,,,,,,0,,,,,,,0,,,,0,,,0,,,,0,,,0,,1.537,00-0033106,0,5
7023,1154025,(8:14) (Shotgun) 16-J.Goff pass short middle to 0-J.Gibbs to DET 35 for 11 yards (21-J.Reid; 7-J.Sanker) [91-V.Broughton].,DET,NO,PASS,40,1,8,14,0,0,3,3,1,10,24,2,11,1,1,1,0,0,,0,,,,00-0033106,1,0,SM,00-0039139,,2,00-0034361,00-0040643,,,,,,,,,,,,,,0,,,,,,,0,,,,0,,,0,,,,0,,,0,,0.831,00-0033106,0,5
7023,1154026,(7:34) 16-J.Goff pass incomplete short left to 18-I.TeSlaa (99-C.Young).,DET,NO,PASS,2,1,7,34,0,0,3,3,1,10,35,2,0,0,0,0,0,0,,0,,,,00-0033106,0,0,SL,00-0040669,00-0036321,3,,,,,,,,,,,,,,,,0,,,,,,,0,,,,0,,,0,,,,0,,,0,,-0.572,00-0033106,0,4
7023,1154027,"(7:32) PENALTY on DET-58-P.Sewell, False Start, 5 yards, enforced at DET 35 - No Play.",DET,NO,NOPL,0,1,7,32,0,0,3,3,2,10,35,2,0,0,0,0,0,0,,0,,,,,0,0,,,,,,,,,DET,00-0036880,False Start,-5,NA,,,,,,,0,,,,,,,0,,,,0,,,0,,,,0,,,0,,-0.581,,0,
7023,1154028,(7:32) 16-J.Goff pass short middle to 87-S.LaPorta to DET 49 for 19 yards (1-K.McKinstry) [91-V.Broughton].,DET,NO,PASS,45,1,7,32,0,0,3,3,2,15,30,2,19,1,1,0,0,0,,0,,,,00-0033106,1,0,SM,00-0039065,,12,00-0039860,,,,,,,,,,,,,,,0,,,,,,,0,,,,0,,,0,,,,0,,,0,,2.055,00-0033106,0,5
7023,1154029,(6:47) 0-J.Gibbs up the middle to NO 45 for 6 yards (93-N.Shepherd).,DET,NO,RUSH,36,1,6,47,0,0,3,3,1,10,49,3,6,1,0,0,0,0,00-0039139,0,RM,00-0034760,,,0,0,,,,,,,,,,,,,,,,,,,,0,,,,,,,0,,,,0,,,0,,,,0,,,0,,0.164,,0,4
7023,1154030,(6:11) 0-J.Gibbs right end to NO 24 for 21 yards (23-J.Blackmon). DET-73-C.Mahogany was injured during the play.,DET,NO,RUSH,27,1,6,11,0,0,3,3,2,4,55,3,21,1,1,0,0,0,00-0039139,0,RE,00-0036253,,,0,0,,,,,,,,,,,,,,,,,,,,0,,,,,,,0,,,,0,,,0,,,,0,,,0,,1.583,,0,5
7023,1154031,(5:44) 0-J.Gibbs right tackle to NO 13 for 11 yards (1-K.McKinstry).,DET,NO,RUSH,43,1,5,44,0,0,3,3,1,10,76,4,11,1,1,0,0,0,00-0039139,0,RT,00-0039860,,,0,0,,,,,,,,,,,,,,,,,,,,0,,,,,,,0,,,,0,,,0,,,,0,,,0,,0.542,,0,5
7023,1154032,(5:01) 0-J.Gibbs up the middle to NO 11 for 2 yards (55-K.Elliss).,DET,NO,RUSH,35,1,5,1,0,0,3,3,1,10,87,5,2,0,0,0,0,0,00-0039139,0,RM,00-0035316,,,0,0,,,,,,,,,,,,,,,,,,,,0,,,,,,,0,,,,0,,,0,,,,0,,,0,,-0.467,,0,4
7023,1154033,(4:26) 16-J.Goff pass incomplete short left to 14-A.St. Brown [55-K.Elliss].,DET,NO,PASS,4,1,4,26,0,0,3,3,2,8,89,5,0,0,0,0,0,0,,0,,,,00-0033106,0,0,SL,00-0036963,,9,,,,,,,,,,,,,,,,0,,,,,,,0,,,,0,,,0,,,,0,,,0,,-0.796,00-0033106,0,5
7023,1154034,(4:22) (Shotgun) 16-J.Goff pass short middle to 1-J.Williams to NO 1 for 10 yards (1-K.McKinstry).,DET,NO,PASS,41,1,4,22,0,0,3,3,3,8,89,5,10,1,1,1,0,0,,0,,,,00-0033106,1,0,SM,00-0037240,,10,00-0039860,,,,,,,,,,,,,,,0,,,,,,,0,,,,0,,,0,,,,0,,,0,,2.436,00-0033106,0,5
7023,1154035,"(3:41) 79-L.Borom reported in as eligible. 0-J.Gibbs up the middle for 1 yard, TOUCHDOWN.",DET,NO,RUSH,2,1,3,41,0,0,3,3,1,1,99,5,1,1,1,0,0,6,00-0039139,0,RM,,,,0,0,,,,,,,,,,,,,,,,,,,,0,,,,,,,0,,,,0,,,0,,,,0,,,1,RUSH,0.445,,0,4
7023,1154036,"39-J.Bates extra point is GOOD, Center-49-H.Hatten, Holder-3-J.Fox.",DET,NO,FGXP,0,1,3,39,6,0,3,3,0,0,85,5,0,1,0,0,0,1,,0,,,,,0,0,,,,,,,,,,,,,,,,,,,,0,,,,XP,00-0039172,33,1,,,,0,,,0,,,,0,,,0,,0.051,,0,
7023,1154037,39-J.Bates kicks 57 yards from DET 35 to NO 8. 5-K.Miller to NO 27 for 19 yards (55-D.Barnes; 25-J.Saylors).,NO,DET,KOFF,7,1,3,39,0,7,3,3,0,0,65,4,0,1,0,0,0,0,,0,,,,,0,0,,,,,,,,,,,,,,,,,,,,0,,,,,,,0,,,,0,,,0,00-0039172,57,38,0,00-0038551,19,0,,0.088,,0,
7023,1154038,(3:32) 6-T.Shough pass incomplete short left to 14-D.Vele.,NO,DET,PASS,5,1,3,32,0,7,3,3,1,10,27,2,0,0,0,0,0,0,,0,,,,00-0040743,0,0,SL,00-0039424,,7,,,,,,,,,,,,,,,,0,,,,,,,0,,,,0,,,0,,,,0,,,0,,-0.61,00-0040743,0,4
7023,1154039,(3:27) (Shotgun) 3-T.Etienne up the middle to NO 30 for 3 yards (50-S.Gill-Howard; 45-D.White).,NO,DET,RUSH,40,1,3,27,0,7,3,3,2,10,27,2,3,0,0,1,0,0,00-0036973,0,RM,00-0041447,00-0035707,,0,0,,,,,,,,,,,,,,,,,,,,0,,,,,,,0,,,,0,,,0,,,,0,,,0,,-0.485,,0,5
7023,1154040,(2:47) (Shotgun) 6-T.Shough pass incomplete short left to 83-J.Johnson (12-T.Harper).,NO,DET,PASS,4,1,2,47,0,7,3,3,3,7,30,2,0,0,0,1,0,0,,0,,,,00-0040743,0,0,SL,00-0036040,00-0039660,4,,,,,,,,,,,,,,,,0,,,,,,,0,,,,0,,,0,,,,0,,,0,,-1.401,00-0040743,0,5
7023,1154041,"(2:43) 17-R.Wright punts 46 yards to DET 24, Center-49-Z.Wood. 85-T.Kennedy to DET 26 for 2 yards (44-I.Stalbird).",NO,DET,PUNT,10,1,2,43,0,7,3,3,4,7,30,2,0,0,0,0,0,0,,0,,,,,0,0,,,,,,,,,,,,,,,,,,,,0,,,,,,,0,00-0037500,46,44,0,00-0035544,2,0,,,,0,,,0,,-0.372,,0,
7023,1154042,(2:33) 79-L.Borom reported in as eligible. 33-S.Vaki up the middle to DET 29 for 3 yards (20-P.Werner; 98-T.Wilson).,DET,NO,RUSH,33,1,2,33,7,0,3,3,1,10,26,2,3,0,0,0,0,0,00-0039364,0,RM,00-0036927,00-0038541,,0,0,,,,,,,,,,,,,,,,,,,,0,,,,,,,0,,,,0,,,0,,,,0,,,0,,-0.249,,0,4
7023,1154043,(2:00) 16-J.Goff pass short left to 14-A.St. Brown to DET 37 for 8 yards (55-K.Elliss; 1-K.McKinstry).,DET,NO,PASS,41,1,2,0,7,0,3,3,2,7,29,2,8,1,1,0,0,0,,0,,,,00-0033106,1,0,SL,00-0036963,,0,00-0035316,00-0039860,,,,,,,,,,,,,,0,,,,,,,0,,,,0,,,0,,,,0,,,0,,0.905,00-0033106,0,5
7023,1154044,(1:19) 16-J.Goff pass incomplete deep left to 1-J.Williams.,DET,NO,PASS,7,1,1,19,7,0,3,3,1,10,37,2,0,0,0,0,0,0,,0,,,,00-0033106,0,0,DL,00-0037240,,40,,,,,,,,,,,,,,,,0,,,,,,,0,,,,0,,,0,,,,0,,,0,,-0.556,00-0033106,0,4
7023,1154045,(1:12) 0-J.Gibbs up the middle to DET 42 for 5 yards (21-J.Reid).,DET,NO,RUSH,42,1,1,12,7,0,3,3,2,10,37,2,5,0,0,0,0,0,00-0039139,0,RM,00-0034361,,,0,0,,,,,,,,,,,,,,,,,,,,0,,,,,,,0,,,,0,,,0,,,,0,,,0,,-0.484,,0,5
7023,1154046,(:30) (Shotgun) 16-J.Goff pass short right to 14-A.St. Brown to DET 47 for 5 yards (20-P.Werner).,DET,NO,PASS,30,1,0,30,7,0,3,3,3,5,42,3,5,1,1,1,0,0,,0,,,,00-0033106,1,0,SR,00-0036963,,5,00-0036927,,,,,,,,,,,,,,,0,,,,,,,0,,,,0,,,0,,,,0,,,0,,1.544,00-0033106,0,5
7023,1154047,"(15:00) 0-J.Gibbs up the middle to NO 48 for 5 yards (55-K.Elliss). PENALTY on DET-69-T.Ratledge, Offensive Holding, 10 yards, enforced at DET 47 - No Play.",DET,NO,NOPL,20,2,15,0,7,0,3,3,1,10,47,3,0,0,0,0,0,0,,0,,,,,0,0,,,,,,,,,DET,00-0040728,Offensive Holding,-10,NA,,,,,,,0,,,,,,,0,,,,0,,,0,,,,0,,,0,,-0.981,,0,4
7023,1154048,(14:40) (Shotgun) 16-J.Goff pass short left to 87-S.LaPorta to DET 42 for 5 yards (55-K.Elliss; 20-P.Werner).,DET,NO,PASS,43,2,14,40,7,0,3,3,1,20,37,2,5,0,0,1,0,0,,0,,,,00-0033106,1,0,SL,00-0039065,,4,00-0035316,00-0036927,,,,,,,,,,,,,,0,,,,,,,0,,,,0,,,0,,,,0,,,0,,-0.351,00-0033106,0,5
7023,1154049,(13:57) 16-J.Goff pass incomplete deep right to 1-J.Williams (29-Q.Riley).,DET,NO,PASS,5,2,13,57,7,0,3,3,2,15,42,3,0,0,0,0,0,0,,0,,,,00-0033106,0,0,DR,00-0037240,00-0040166,18,,,,,,,,,,,,,,,,0,,,,,,,0,,,,0,,,0,,,,0,,,0,,-0.976,00-0033106,0,5
7023,1154050,(13:52) (Shotgun) 16-J.Goff pass incomplete deep right to 14-A.St. Brown (20-P.Werner) [93-N.Shepherd].,DET,NO,PASS,5,2,13,52,7,0,3,3,3,15,42,3,0,0,0,1,0,0,,0,,,,00-0033106,0,0,DR,00-0036963,00-0036927,16,,,,,,,,,,,,,,,,0,,,,,,,0,,,,0,,,0,,,,0,,,0,,-1.264,00-0033106,0,5
7023,1154051,"(13:47) 3-J.Fox punts 45 yards to NO 13, Center-49-H.Hatten, fair catch by 19-B.Brown.",DET,NO,PUNT,7,2,13,47,7,0,3,3,4,15,42,3,0,1,0,0,0,0,,0,,,,,0,0,,,,,,,,,,,,,,,,,,,,0,,,,,,,0,00-0035156,45,45,0,00-0041099,0,1,,,,0,,,0,,0.356,,0,
7023,1154052,(13:40) 19-B.Brown left end to NO 16 for 3 yards (23-R.Ya-Sin).,NO,DET,RUSH,24,2,13,40,0,7,3,3,1,10,13,1,3,0,0,0,0,0,00-0041099,0,LE,00-0035637,,,0,0,,,,,,,,,,,,,,,,,,,,0,,,,,,,0,,,,0,,,0,,,,0,,,0,,-0.297,,0,4
7023,1154053,"(13:16) (No Huddle, Shotgun) 6-T.Shough pass short middle to 12-C.Olave to NO 38 for 22 yards (12-T.Harper).",NO,DET,PASS,23,2,13,16,0,7,3,3,2,7,16,1,22,1,1,1,1,0,,0,,,,00-0040743,1,0,SM,00-0037239,,12,00-0039660,,,,,,,,,,,,,,,0,,,,,,,0,,,,0,,,0,,,,0,,,0,,1.814,00-0040743,0,4
7023,1154054,"(12:53) (No Huddle, Shotgun) 6-T.Shough pass incomplete short right to 12-C.Olave. The incomplete pass was assisted by replay.",NO,DET,PASS,3,2,12,53,0,7,3,3,1,10,38,2,0,0,0,1,1,0,,0,,,,00-0040743,0,0,SR,00-0037239,,7,,,,,,,,,,,,,,,,0,,,,,,,0,,,,0,,,0,,,,0,,,0,,-0.531,00-0040743,0,4
7023,1154055,(12:50) 6-T.Shough pass incomplete short left to 3-T.Etienne.,NO,DET,PASS,4,2,12,50,0,7,3,3,2,10,38,2,0,0,0,0,0,0,,0,,,,00-0040743,0,0,SL,00-0036973,,0,,,,,,,,,,,,,,,,0,,,,,,,0,,,,0,,,0,,,,0,,,0,,-0.852,00-0040743,0,4
7023,1154056,(12:46) (Shotgun) 6-T.Shough pass incomplete deep middle to 12-C.Olave (29-A.Maddox).,NO,DET,PASS,6,2,12,46,0,7,3,3,3,10,38,2,0,0,0,1,0,0,,0,,,,00-0040743,0,0,DM,00-0037239,00-0034377,36,,,,,,,,,,,,,,,,0,,,,,,,0,,,,0,,,0,,,,0,,,0,,-1.378,00-0040743,0,5
7023,1154057,"(12:40) 17-R.Wright punts 57 yards to DET 5, Center-49-Z.Wood. 85-T.Kennedy to DET 21 for 16 yards (31-J.Howden).",NO,DET,PUNT,13,2,12,40,0,7,3,3,4,10,38,2,0,0,0,0,0,0,,0,,,,,0,0,,,,,,,,,,,,,,,,,,,,0,,,,,,,0,00-0037500,57,41,0,00-0035544,16,0,,,,0,,,0,,-0.241,,0,
7023,1154058,"(12:27) 0-J.Gibbs right end to DET 20 for -1 yards (21-J.Reid). PENALTY on NO-52-C.Miller, Defensive Holding, 5 yards, enforced at DET 21 - No Play.",DET,NO,NOPL,27,2,12,27,7,0,3,3,1,10,21,2,0,1,1,0,0,0,,0,,,,,0,0,,,,,,,,,NO,00-0041390,Defensive Holding,5,NA,,,,,,,0,,,,,,,0,,,,0,,,0,,,,0,,,0,,0.404,,0,5
7023,1154059,(12:00) (Shotgun) 16-J.Goff pass short left to 1-J.Williams to DET 33 for 7 yards (22-M.Emerson; 28-D.Stutsman).,DET,NO,PASS,39,2,12,0,7,0,3,3,1,10,26,2,7,1,0,1,0,0,,0,,,,00-0033106,1,0,SL,00-0037240,,6,00-0037250,00-0040155,,,,,,,,,,,,,,0,,,,,,,0,,,,0,,,0,,,,0,,,0,,0.264,00-0033106,0,5
7023,1154060,(11:21) 79-L.Borom reported in as eligible. 0-J.Gibbs right guard to DET 38 for 5 yards (92-D.Godchaux; 55-K.Elliss).,DET,NO,RUSH,34,2,11,21,7,0,3,3,2,3,33,2,5,1,1,0,0,0,00-0039139,0,RG,00-0033860,00-0035316,,0,0,,,,,,,,,,,,,,,,,,,,0,,,,,,,0,,,,0,,,0,,,,0,,,0,,0.418,,0,4
7023,1154061,"(10:47) 16-J.Goff FUMBLES (Aborted) at DET 31, recovered by DET-1-J.Williams at DET 25. 1-J.Williams to DET 32 for 7 yards (92-D.Godchaux).",DET,NO,RUSH,39,2,10,47,7,0,3,3,1,10,38,2,0,0,0,0,0,0,00-0033106,0,,00-0033860,,,0,0,,,,,,,,,,,,,,,,00-0033106,00-0037240,0,,0,,,,,,,0,,,,0,,,0,,,,0,,,0,,-1.265,,0,5
7023,1154062,(10:08) 16-J.Goff pass short left to 14-A.St. Brown to DET 32 for no gain (28-D.Stutsman).,DET,NO,PASS,34,2,10,8,7,0,3,3,2,16,32,2,0,0,0,0,0,0,,0,,,,00-0033106,1,0,SL,00-0036963,,-3,00-0040155,,,,,,,,,,,,,,,0,,,,,,,0,,,,0,,,0,,,,0,,,0,,-0.976,00-0033106,0,5
7023,1154063,"(9:34) (Shotgun) 16-J.Goff sacked at DET 23 for -9 yards (99-C.Young). FUMBLES (99-C.Young) [99-C.Young], touched at DET 12, RECOVERED by NO-7-J.Sanker at DET 7. 7-J.Sanker for 7 yards, TOUCHDOWN. The Replay Official reviewed the fumble ruling, and the play was REVERSED. (Shotgun) 16-J.Goff pass incomplete short right to 87-S.LaPorta [99-C.Young].",DET,NO,PASS,3,2,9,34,7,0,3,3,3,16,32,2,0,0,0,1,0,0,,0,,,,00-0033106,0,0,SR,00-0039065,,-13,,,,,,,,,,,,,,,,0,,,,,,,0,,,,0,,,0,,,,0,,,0,,-0.989,00-0033106,0,5
7023,1154064,"(9:31) 3-J.Fox punts 56 yards to NO 12, Center-49-H.Hatten. 19-B.Brown to NO 14 for 2 yards (17-T.Martin).",DET,NO,PUNT,10,2,9,31,7,0,3,3,4,16,32,2,0,1,0,0,0,0,,0,,,,,0,0,,,,,,,,,,,,,,,,,,,,0,,,,,,,0,00-0035156,56,54,0,00-0041099,2,0,,,,0,,,0,,0.551,,0,
7023,1154065,(9:21) 3-T.Etienne right guard to NO 15 for 1 yard (44-M.Rodriguez).,NO,DET,RUSH,37,2,9,21,0,7,3,3,1,10,14,1,1,0,0,0,0,0,00-0036973,0,RG,00-0037289,,,0,0,,,,,,,,,,,,,,,,,,,,0,,,,,,,0,,,,0,,,0,,,,0,,,0,,-0.542,,0,4
7023,1154066,(8:44) (Shotgun) 6-T.Shough pass incomplete short right to 14-D.Vele (29-A.Maddox).,NO,DET,PASS,3,2,8,44,0,7,3,3,2,9,15,1,0,0,0,1,0,0,,0,,,,00-0040743,0,0,SR,00-0039424,00-0034377,5,,,,,,,,,,,,,,,,0,,,,,,,0,,,,0,,,0,,,,0,,,0,,-0.69,00-0040743,0,5
7023,1154067,(8:41) (Shotgun) 6-T.Shough pass short right to 12-C.Olave to NO 26 for 11 yards (45-D.White; 4-D.Reed) [36-C.Clark].,NO,DET,PASS,24,2,8,41,0,7,3,3,3,9,15,1,11,1,1,1,0,0,,0,,,,00-0040743,1,0,SR,00-0037239,,4,00-0035707,00-0034384,,,,,,,,,,,,,,0,,,,,,,0,,,,0,,,0,,,,0,,,0,,2.114,00-0040743,0,5
7023,1154068,(8:17) (No Huddle) 6-T.Shough pass incomplete short right to 43-C.Donaldson [97-A.Hutchinson].,NO,DET,PASS,7,2,8,17,0,7,3,3,1,10,26,2,0,0,0,0,1,0,,0,,,,00-0040743,0,0,SR,00-0041326,,11,,,,,,,,,,,,,,,,0,,,,,,,0,,,,0,,,0,,,,0,,,0,,-0.502,00-0040743,0,5
7023,1154069,(8:10) (Shotgun) 6-T.Shough pass incomplete deep left to 12-C.Olave (4-D.Reed).,NO,DET,PASS,7,2,8,10,0,7,3,3,2,10,26,2,0,0,0,1,0,0,,0,,,,00-0040743,0,0,DL,00-0037239,00-0034384,42,,,,,,,,,,,,,,,,0,,,,,,,0,,,,0,,,0,,,,0,,,0,,-0.877,00-0040743,0,5
7023,1154070,Timeout #1 by NO at 08:03.,NA,NA,NOPL,0,2,8,3,0,0,0,0,0,0,NA,1,0,0,0,0,0,0,,0,,,,,0,0,,,,,,,,,,,,,,,,,,,,0,,,,,,,0,,,,0,,,0,,,,0,,,0,,0,,0,
7023,1154071,"(8:03) (Shotgun) 6-T.Shough pass incomplete short middle. PENALTY on NO-6-T.Shough, Intentional Grounding, 13 yards, enforced at NO 26.",NO,DET,PASS,6,2,8,3,0,7,2,3,3,10,26,2,0,0,0,1,0,0,,0,,,,00-0040743,0,0,SM,,,0,,,,,NO,00-0040743,Intentional Grounding,-13,NA,,,,,,,0,,,,,,,0,,,,0,,,0,,,,0,,,0,,-2.307,00-0040743,0,5
7023,1154072,"(7:57) 17-R.Wright punts 48 yards to DET 39, Center-49-Z.Wood. 85-T.Kennedy to NO 44 for 17 yards (33-A.Jennings; 25-D.Richardson).",NO,DET,PUNT,11,2,7,57,0,7,2,3,4,23,13,1,0,0,0,0,0,0,,0,,,,,0,0,,,,,,,,,,,,,,,,,,,,0,,,,,,,0,00-0037500,48,31,0,00-0035544,17,0,,,,0,,,0,,-0.876,,0,
7023,1154073,"(7:46) (Shotgun) 16-J.Goff pass short right to 0-J.Gibbs to NO 40 for 4 yards (91-V.Broughton). New Orleans challenged the runner was down by contact ruling, and the play was REVERSED. (Shotgun) 16-J.Goff pass short right to 0-J.Gibbs to NO 40 for 4 yards (91-V.Broughton). FUMBLES (91-V.Broughton), RECOVERED by NO-91-V.Broughton at NO 40.",DET,NO,PASS,6,2,7,46,7,0,3,2,1,10,56,3,4,0,0,1,0,0,,0,,,,00-0033106,1,0,SR,00-0039139,,1,00-0040642,,,,,,,,,,,00-0039139,00-0040642,0,00-0040642,1,,,,,,,0,,,,0,,,0,,,,0,,,0,,-5.24,00-0033106,0,5
7023,1154074,(7:40) (Shotgun) 5-K.Miller up the middle to NO 44 for 4 yards (29-A.Maddox; 44-M.Rodriguez).,NO,DET,RUSH,31,2,7,40,0,7,2,3,1,10,40,3,4,0,0,1,0,0,00-0038551,0,RM,00-0034377,00-0037289,,0,0,,,,,,,,,,,,,,,,,,,,0,,,,,,,0,,,,0,,,0,,,,0,,,0,,-0.125,,0,4
7023,1154075,(7:09) 5-K.Miller left tackle to NO 48 for 4 yards (98-D.Wonnum).,NO,DET,RUSH,39,2,7,9,0,7,2,3,2,6,44,3,4,0,0,0,0,0,00-0038551,0,LT,00-0036335,,,0,0,,,,,,,,,,,,,,,,,,,,0,,,,,,,0,,,,0,,,0,,,,0,,,0,,-0.073,,0,5
7023,1154076,"(6:30) (No Huddle, Shotgun) 5-K.Miller left end to DET 44 for 8 yards (6-K.Abney).",NO,DET,RUSH,26,2,6,30,0,7,2,3,3,2,48,3,8,1,1,1,1,0,00-0038551,0,LE,00-0041445,,,0,0,,,,,,,,,,,,,,,,,,,,0,,,,,,,0,,,,0,,,0,,,,0,,,0,,1.191,,0,5
7023,1154077,"(6:04) (No Huddle, Shotgun) 6-T.Shough left end pushed ob at DET 40 for 4 yards (97-A.Hutchinson).",NO,DET,RUSH,33,2,6,4,0,7,2,3,1,10,56,3,4,0,0,1,1,0,00-0040743,0,LE,00-0037236,,,0,0,,,,,,,,,,,,,,,,,,,,0,,,,,,,0,,,,0,,,0,,,,0,,,0,,-0.052,,0,5
7023,1154078,(5:31) (Shotgun) 6-T.Shough pass short left intended for 87-N.Fant INTERCEPTED by 36-C.Clark at DET 35. 36-C.Clark to DET 36 for 1 yard (87-N.Fant).,NO,DET,PASS,6,2,5,31,0,7,2,3,2,6,60,4,0,0,0,1,0,0,,0,,,,00-0040743,0,0,SL,00-0035644,00-0033294,5,00-0035644,,,,,,,,,00-0033294,1,,,,,0,,,,,,,0,,,,0,,,0,,,,0,,,0,,-4.891,00-0040743,0,4
7023,1154079,(5:25) 79-L.Borom reported in as eligible. 0-J.Gibbs left guard to DET 38 for 2 yards (93-N.Shepherd; 91-V.Broughton).,DET,NO,RUSH,31,2,5,25,7,0,3,2,1,10,36,2,2,0,0,0,0,0,00-0039139,0,LG,00-0034760,00-0040642,,0,0,,,,,,,,,,,,,,,,,,,,0,,,,,,,0,,,,0,,,0,,,,0,,,0,,-0.617,,0,4
7023,1154080,(4:54) 0-J.Gibbs right end to DET 35 for -3 yards (21-J.Reid).,DET,NO,RUSH,42,2,4,54,7,0,3,2,2,8,38,2,-3,0,0,0,0,0,00-0039139,0,RE,00-0034361,,,0,0,,,,,,,,,,,,,,,,,,,,0,,,,,,,0,,,,0,,,0,,,,0,,,0,,-0.981,,0,4
7023,1154081,(4:12) (Shotgun) 16-J.Goff pass short right to 14-A.St. Brown to DET 44 for 9 yards (21-J.Reid).,DET,NO,PASS,51,2,4,12,7,0,3,2,3,11,35,2,9,0,0,1,0,0,,0,,,,00-0033106,1,0,SR,00-0036963,,8,00-0034361,,,,,,,,,,,,,,,0,,,,,,,0,,,,0,,,0,,,,0,,,0,,-0.42,00-0033106,0,5
7023,1154082,"(3:21) (Run formation) 79-L.Borom reported in as eligible. PENALTY on DET, Delay of Game, 5 yards, enforced at DET 44 - No Play.",DET,NO,NOPL,0,2,3,21,7,0,3,2,4,2,44,3,0,0,0,0,0,0,,0,,,,,0,0,,,,,,,,,DET,,Delay of Game,-5,NA,,,,,,,0,,,,,,,0,,,,0,,,0,,,,0,,,0,,-0.547,,0,
7023,1154083,"(3:21) 3-J.Fox punts 47 yards to NO 14, Center-49-H.Hatten. 19-B.Brown to NO 14 for no gain (17-T.Martin).",DET,NO,PUNT,9,2,3,21,7,0,3,2,4,7,39,2,0,1,0,0,0,0,,0,,,,,0,0,,,,,,,,,,,,,,,,,,,,0,,,,,,,0,00-0035156,47,47,0,00-0041099,0,0,,,,0,,,0,,0.178,,0,
7023,1154084,(3:12) (Shotgun) 3-T.Etienne right tackle to NO 16 for 2 yards (44-M.Rodriguez; 91-T.Williams).,NO,DET,RUSH,39,2,3,12,0,7,2,3,1,10,14,1,2,0,0,1,0,0,00-0036973,0,RT,00-0037289,00-0040672,,0,0,,,,,,,,,,,,,,,,,,,,0,,,,,,,0,,,,0,,,0,,,,0,,,0,,-0.377,,0,4
7023,1154085,(2:33) (Shotgun) 6-T.Shough pass short right to 3-T.Etienne to NO 19 for 3 yards (46-J.Campbell; 4-D.Reed).,NO,DET,PASS,33,2,2,33,0,7,2,3,2,8,16,1,3,0,0,1,0,0,,0,,,,00-0040743,1,0,SR,00-0036973,,-4,00-0039018,00-0034384,,,,,,,,,,,,,,0,,,,,,,0,,,,0,,,0,,,,0,,,0,,-0.292,00-0040743,0,5
7023,1154086,(2:00) (Shotgun) 6-T.Shough pass short left to 12-C.Olave to NO 26 for 7 yards (4-D.Reed).,NO,DET,PASS,19,2,2,0,0,7,2,3,3,5,19,1,7,1,1,1,0,0,,0,,,,00-0040743,1,0,SL,00-0037239,,7,00-0034384,,,,,,,,,,,,,,,0,,,,,,,0,,,,0,,,0,,,,0,,,0,,1.252,00-0040743,0,5
7023,1154087,"(1:41) (No Huddle, Shotgun) 6-T.Shough pass incomplete short right to 3-T.Etienne.",NO,DET,PASS,4,2,1,41,0,7,2,3,1,10,26,2,0,0,0,1,1,0,,0,,,,00-0040743,0,0,SR,00-0036973,,1,,,,,,,,,,,,,,,,0,,,,,,,0,,,,0,,,0,,,,0,,,0,,-0.272,00-0040743,0,5
7023,1154088,(1:37) (Shotgun) 6-T.Shough pass short left to 14-D.Vele pushed ob at NO 30 for 4 yards (23-R.Ya-Sin).,NO,DET,PASS,4,2,1,37,0,7,2,3,2,10,26,2,4,0,0,1,0,0,,0,,,,00-0040743,1,0,SL,00-0039424,,4,00-0035637,,,,,,,,,,,,,,,0,,,,,,,0,,,,0,,,0,,,,0,,,0,,-0.142,00-0040743,0,5
7023,1154089,"(1:33) (Shotgun) 6-T.Shough pass short left to 3-T.Etienne to NO 34 for 4 yards (55-D.Barnes). PENALTY on DET-23-R.Ya-Sin, Illegal Contact, 5 yards, enforced at NO 30 - No Play.",NO,DET,NOPL,9,2,1,33,0,7,2,3,3,6,30,2,0,1,1,1,0,0,,0,,,,00-0040743,0,0,,,,0,,,,,DET,00-0035637,Illegal Contact,5,NA,,,,,,,0,,,,,,,0,,,,0,,,0,,,,0,,,0,,0.652,00-0040743,0,5
7023,1154090,(1:24) 6-T.Shough pass deep right to 18-B.Lance to DET 46 for 19 yards (4-D.Reed).,NO,DET,PASS,20,2,1,24,0,7,2,3,1,10,35,2,19,1,1,0,0,0,,0,,,,00-0040743,1,0,DR,00-0041067,,17,00-0034384,,,,,,,,,,,,,,,0,,,,,,,0,,,,0,,,0,,,,0,,,0,,1.354,00-0040743,0,5
7023,1154091,"(1:04) (No Huddle, Shotgun) 6-T.Shough pass short left to 43-C.Donaldson to DET 48 for -2 yards (6-K.Abney).",NO,DET,PASS,26,2,1,4,0,7,2,3,1,10,54,3,-2,0,0,1,1,0,,0,,,,00-0040743,1,0,SL,00-0041326,,-6,00-0041445,,,,,,,,,,,,,,,0,,,,,,,0,,,,0,,,0,,,,0,,,0,,-0.785,00-0040743,0,5
7023,1154092,"(:38) (No Huddle, Shotgun) 6-T.Shough pass short left to 14-D.Vele to DET 42 for 6 yards (97-A.Hutchinson).",NO,DET,PASS,6,2,0,38,0,7,2,3,2,12,52,3,6,1,0,1,1,0,,0,,,,00-0040743,1,0,SL,00-0039424,,5,00-0037236,,,,,,,,,,,,,,,0,,,,,,,0,,,,0,,,0,,,,0,,,0,,0.163,00-0040743,0,5
7023,1154093,Timeout #2 by NO at 00:32.,NA,NA,NOPL,0,2,0,32,0,0,0,0,0,0,NA,1,0,0,0,0,0,0,,0,,,,,0,0,,,,,,,,,,,,,,,,,,,,0,,,,,,,0,,,,0,,,0,,,,0,,,0,,0,,0,
7023,1154094,(:32) (Shotgun) 6-T.Shough sacked at 50 for -8 yards (97-A.Hutchinson).,NO,DET,PASS,6,2,0,32,0,7,1,3,3,6,58,3,-8,0,0,1,0,0,,0,,,,,0,0,,,,,,,00-0037236,,,,,,,,,,,,,0,,,,,,,0,,,,0,,,0,,,,0,,,0,,-1.65,00-0040743,0,5
7023,1154095,Timeout #1 by DET at 00:26.,NA,NA,NOPL,0,2,0,26,0,0,0,0,0,0,50,3,0,0,0,0,0,0,,0,,,,,0,0,,,,,,,,,,,,,,,,,,,,0,,,,,,,0,,,,0,,,0,,,,0,,,0,,0,,0,
7023,1154096,"(:26) 17-R.Wright punts 41 yards to DET 9, Center-49-Z.Wood, fair catch by 85-T.Kennedy.",NO,DET,PUNT,6,2,0,26,0,7,1,2,4,14,50,3,0,0,0,0,0,0,,0,,,,,0,0,,,,,,,,,,,,,,,,,,,,0,,,,,,,0,00-0037500,41,41,0,00-0035544,0,1,,,,0,,,0,,-0.528,,0,
7023,1154097,(:20) (Shotgun) 16-J.Goff pass short right to 0-J.Gibbs pushed ob at DET 9 for no gain (21-J.Reid).,DET,NO,PASS,6,2,0,20,7,0,2,1,1,10,9,1,0,0,0,1,0,0,,0,,,,00-0033106,1,0,SR,00-0039139,,-4,00-0034361,,,,,,,,,,,,,,,0,,,,,,,0,,,,0,,,0,,,,0,,,0,,-0.091,00-0033106,0,5
7023,1154098,(:14) (Shotgun) 0-J.Gibbs right guard to DET 20 for 11 yards (23-J.Blackmon; 1-K.McKinstry).,DET,NO,RUSH,14,2,0,14,7,0,2,1,2,10,9,1,11,0,1,1,0,0,00-0039139,0,RG,00-0036253,00-0039860,,0,0,,,,,,,,,,,,,,,,,,,,0,,,,,,,0,,,,0,,,0,,,,0,,,0,,-0.066,,0,5
7023,1154099,"39-J.Bates kicks 33 yards from DET 35 to NO 32, short of landing zone. PENALTY on DET-39-J.Bates, Kickoff Short of Landing Zone, placed at NO 40.",NO,DET,KOFF,0,3,15,0,0,7,3,3,0,0,65,4,0,1,0,0,0,0,,0,,,,,0,0,,,,,,,,,DET,00-0039172,Kickoff Short of Landing Zone,0,NA,,,,,,,0,,,,,,,0,,,,0,,,0,00-0039172,33,33,0,,0,0,,0.857,,0,
7023,1154100,(15:00) (Shotgun) 6-T.Shough pass short middle intended for 87-N.Fant INTERCEPTED by 55-D.Barnes at NO 44. 55-D.Barnes to NO 41 for 3 yards (82-T.Welch).,NO,DET,PASS,9,3,15,0,0,7,3,3,1,10,40,3,0,0,0,1,0,0,,0,,,,00-0040743,0,0,SM,00-0035644,00-0036964,4,00-0039518,,,,,,,,,00-0036964,3,,,,,0,,,,,,,0,,,,0,,,0,,,,0,,,0,,-5.67,00-0040743,0,5
7023,1154101,(14:51) 16-J.Goff pass short left to 33-S.Vaki to NO 30 for 11 yards (55-K.Elliss).,DET,NO,PASS,43,3,14,51,7,0,3,3,1,10,59,3,11,1,1,0,0,0,,0,,,,00-0033106,1,0,SL,00-0039364,,2,00-0035316,,,,,,,,,,,,,,,0,,,,,,,0,,,,0,,,0,,,,0,,,0,,0.629,00-0033106,0,5
7023,1154102,(14:08) 0-J.Gibbs left guard to NO 12 for 18 yards (23-J.Blackmon; 1-K.McKinstry).,DET,NO,RUSH,38,3,14,8,7,0,3,3,1,10,70,4,18,1,1,0,0,0,00-0039139,0,LG,00-0036253,00-0039860,,0,0,,,,,,,,,,,,,,,,,,,,0,,,,,,,0,,,,0,,,0,,,,0,,,0,,1.03,,0,4
7023,1154103,(13:30) 0-J.Gibbs up the middle to NO 10 for 2 yards (29-Q.Riley).,DET,NO,RUSH,36,3,13,30,7,0,3,3,1,10,88,5,2,0,0,0,0,0,00-0039139,0,RM,00-0040166,,,0,0,,,,,,,,,,,,,,,,,,,,0,,,,,,,0,,,,0,,,0,,,,0,,,0,,-0.467,,0,4
7023,1154104,(12:54) (Shotgun) 16-J.Goff pass short right to 87-S.LaPorta to NO 3 for 7 yards (21-J.Reid; 55-K.Elliss).,DET,NO,PASS,39,3,12,54,7,0,3,3,2,8,90,5,7,1,0,1,0,0,,0,,,,00-0033106,1,0,SR,00-0039065,,5,00-0034361,00-0035316,,,,,,,,,,,,,,0,,,,,,,0,,,,0,,,0,,,,0,,,0,,0.803,00-0033106,1,5
7023,1154105,(12:15) 79-L.Borom reported in as eligible. 0-J.Gibbs right guard to NO 1 for 2 yards (29-Q.Riley; 55-K.Elliss).,DET,NO,RUSH,52,3,12,15,7,0,3,3,3,1,97,5,2,1,1,0,0,0,00-0039139,0,RG,00-0040166,00-0035316,,0,0,,,,,,,,,,,,,,,,,,,,0,,,,,,,0,,,,0,,,0,,,,0,,,0,,0.775,,0,4
7023,1154106,(11:23) 79-L.Borom reported in as eligible. 16-J.Goff pass incomplete short right to 87-S.LaPorta.,DET,NO,PASS,5,3,11,23,7,0,3,3,1,1,99,5,0,0,0,0,0,0,,0,,,,00-0033106,0,0,SR,00-0039065,,1,,,,,,,,,,,,,,,,0,,,,,,,0,,,,0,,,0,,,,0,,,0,,-0.199,00-0033106,0,4
7023,1154107,"(11:18) 0-J.Gibbs left guard for 1 yard, TOUCHDOWN.",DET,NO,RUSH,4,3,11,18,7,0,3,3,2,1,99,5,1,1,1,0,0,6,00-0039139,0,LG,,,,0,0,,,,,,,,,,,,,,,,,,,,0,,,,,,,0,,,,0,,,0,,,,0,,,1,RUSH,0.623,,0,4
7023,1154108,"39-J.Bates extra point is GOOD, Center-49-H.Hatten, Holder-3-J.Fox.",DET,NO,FGXP,0,3,11,14,13,0,3,3,0,0,85,5,0,1,0,0,0,1,,0,,,,,0,0,,,,,,,,,,,,,,,,,,,,0,,,,XP,00-0039172,33,1,,,,0,,,0,,,,0,,,0,,0.051,,0,
7023,1154109,"39-J.Bates kicks 65 yards from DET 35 to end zone, Touchback to the NO 35.",NO,DET,KOFF,0,3,11,14,0,14,3,3,0,0,65,4,0,1,0,0,0,0,,0,,,,,0,0,,,,,,,,,,,,,,,,,,,,0,,,,,,,0,,,,0,,,0,00-0039172,65,65,1,,0,0,,0.523,,0,
7023,1154110,(11:14) 5-K.Miller left guard to NO 37 for 2 yards (98-D.Wonnum; 4-D.Reed).,NO,DET,RUSH,36,3,11,14,0,14,3,3,1,10,35,2,2,0,0,0,0,0,00-0038551,0,LG,00-0036335,00-0034384,,0,0,,,,,,,,,,,,,,,,,,,,0,,,,,,,0,,,,0,,,0,,,,0,,,0,,-0.405,,0,5
7023,1154111,(10:38) 6-T.Shough sacked at NO 31 for -6 yards (55-D.Barnes).,NO,DET,PASS,44,3,10,38,0,14,3,3,2,8,37,2,-6,0,0,0,0,0,,0,,,,,0,0,,,,,,,00-0036964,,,,,,,,,,,,,0,,,,,,,0,,,,0,,,0,,,,0,,,0,,-1.623,00-0040743,0,5
7023,1154112,"(9:54) (Shotgun) 6-T.Shough sacked at NO 23 for -8 yards (21-R.McCreary). FUMBLES (21-R.McCreary) [21-R.McCreary], RECOVERED by DET-98-D.Wonnum at NO 25.",NO,DET,PASS,9,3,9,54,0,14,3,3,3,14,31,2,-6,0,0,1,0,0,,0,,,,,0,0,,,,,,,00-0038125,,,,,,,,,00-0040743,00-0036335,0,00-0038125,1,,,,,,,0,,,,0,,,0,,,,0,,,0,,-4.282,00-0040743,1,5
7023,1154113,(9:45) 16-J.Goff pass incomplete short left to 87-S.LaPorta (55-K.Elliss) [55-K.Elliss].,DET,NO,PASS,4,3,9,45,14,0,3,3,1,10,75,4,0,0,0,0,0,0,,0,,,,00-0033106,0,0,SL,00-0039065,00-0035316,-7,,,,,,,,,,,,,,,,0,,,,,,,0,,,,0,,,0,,,,0,,,0,,-0.475,00-0033106,0,4
7023,1154114,(9:41) (Shotgun) 16-J.Goff pass short left to 1-J.Williams to NO 19 for 6 yards (29-Q.Riley).,DET,NO,PASS,42,3,9,41,14,0,3,3,2,10,75,4,6,0,0,1,0,0,,0,,,,00-0033106,1,0,SL,00-0037240,,6,00-0040166,,,,,,,,,,,,,,,0,,,,,,,0,,,,0,,,0,,,,0,,,0,,-0.039,00-0033106,0,4
7023,1154115,"(8:59) (Shotgun) 16-J.Goff pass deep right to 14-A.St. Brown for 19 yards, TOUCHDOWN.",DET,NO,PASS,5,3,8,59,14,0,3,3,3,4,81,5,19,1,1,1,0,6,,0,,,,00-0033106,1,0,DR,00-0036963,,16,,,,,,,,,,,,,,,,0,,,,,,,0,,,,0,,,0,,,,0,,,1,REC,2.805,00-0033106,0,5
7023,1154116,"39-J.Bates extra point is GOOD, Center-49-H.Hatten, Holder-3-J.Fox.",DET,NO,FGXP,0,3,8,54,20,0,3,3,0,0,85,5,0,1,0,0,0,1,,0,,,,,0,0,,,,,,,,,,,,,,,,,,,,0,,,,XP,00-0039172,33,1,,,,0,,,0,,,,0,,,0,,0.051,,0,
7023,1154117,39-J.Bates kicks 63 yards from DET 35 to NO 2. 19-B.Brown to NO 21 for 19 yards (17-T.Martin).,NO,DET,KOFF,5,3,8,54,0,21,3,3,0,0,65,4,0,0,0,0,0,0,,0,,,,,0,0,,,,,,,,,,,,,,,,,,,,0,,,,,,,0,,,,0,,,0,00-0039172,63,44,0,00-0041099,19,0,,-0.376,,0,
7023,1154118,(8:49) 6-T.Shough pass deep right to 12-C.Olave to DET 32 for 47 yards (4-D.Reed).,NO,DET,PASS,34,3,8,49,0,21,3,3,1,10,21,2,47,1,1,0,0,0,,0,,,,00-0040743,1,0,DR,00-0037239,,44,00-0034384,,,,,,,,,,,,,,,0,,,,,,,0,,,,0,,,0,,,,0,,,0,,3.237,00-0040743,0,5
7023,1154119,"(8:15) (No Huddle, Shotgun) 6-T.Shough pass short right to 87-N.Fant pushed ob at DET 23 for 9 yards (46-J.Campbell).",NO,DET,PASS,24,3,8,15,0,21,3,3,1,10,68,4,9,1,0,1,1,0,,0,,,,00-0040743,1,0,SR,00-0035644,,2,00-0039018,,,,,,,,,,,,,,,0,,,,,,,0,,,,0,,,0,,,,0,,,0,,0.806,00-0040743,0,5
7023,1154120,"(7:51) (No Huddle, Shotgun) 3-T.Etienne right tackle to DET 23 for no gain (50-S.Gill-Howard; 55-D.Barnes).",NO,DET,RUSH,38,3,7,51,0,21,3,3,2,1,77,4,0,0,0,1,1,0,00-0036973,0,RT,00-0041447,00-0036964,,0,0,,,,,,,,,,,,,,,,,,,,0,,,,,,,0,,,,0,,,0,,,,0,,,0,,-0.51,,0,5
7023,1154121,(7:13) 6-T.Shough scrambles right end to DET 20 for 3 yards (55-D.Barnes).,NO,DET,RUSH,44,3,7,13,0,21,3,3,3,1,77,4,3,1,1,0,0,0,00-0040743,0,RE,00-0036964,,,0,0,,,,,,,,,,,,,,,,,,,,0,,,,,,,0,,,,0,,,0,,,,0,,,0,,0.487,00-0040743,0,3
7023,1154122,(6:29) (Shotgun) 6-T.Shough pass incomplete short left to 83-J.Johnson [44-M.Rodriguez].,NO,DET,PASS,4,3,6,29,0,21,3,3,1,10,80,5,0,0,0,1,0,0,,0,,,,00-0040743,0,0,SL,00-0036040,,12,,,,,,,,,,,,,,,,0,,,,,,,0,,,,0,,,0,,,,0,,,0,,-0.499,00-0040743,0,4
7023,1154123,(6:25) (Shotgun) 3-T.Etienne up the middle to DET 13 for 7 yards (46-J.Campbell; 29-A.Maddox).,NO,DET,RUSH,40,3,6,25,0,21,3,3,2,10,80,5,7,1,0,1,0,0,00-0036973,0,RM,00-0039018,00-0034377,,0,0,,,,,,,,,,,,,,,,,,,,0,,,,,,,0,,,,0,,,0,,,,0,,,0,,0.197,,0,5
7023,1154124,(5:45) (Shotgun) 6-T.Shough pass short right to 3-T.Etienne to DET 7 for 6 yards (36-C.Clark).,NO,DET,PASS,32,3,5,45,0,21,3,3,3,3,87,5,6,1,1,1,0,0,,0,,,,00-0040743,1,0,SR,00-0036973,,5,00-0033294,,,,,,,,,,,,,,,0,,,,,,,0,,,,0,,,0,,,,0,,,0,,1.154,00-0040743,0,5
7023,1154125,(5:13) (No Huddle) 5-K.Miller up the middle to DET 8 for -1 yards (46-J.Campbell).,NO,DET,RUSH,41,3,5,13,0,21,3,3,1,7,93,5,-1,0,0,0,1,0,00-0038551,0,RM,00-0039018,,,0,0,,,,,,,,,,,,,,,,,,,,0,,,,,,,0,,,,0,,,0,,,,0,,,0,,-0.692,,0,5
7023,1154126,"(4:32) (Shotgun) 5-K.Miller up the middle for 8 yards, TOUCHDOWN.",NO,DET,RUSH,5,3,4,32,0,21,3,3,2,8,92,5,8,1,1,1,0,6,00-0038551,0,RM,,,,0,0,,,,,,,,,,,,,,,,,,,,0,,,,,,,0,,,,0,,,0,,,,0,,,1,RUSH,2.123,,0,5
7023,1154127,"10-D.Carlson extra point is GOOD, Center-49-Z.Wood, Holder-17-R.Wright.",NO,DET,FGXP,0,3,4,27,6,21,3,3,0,0,85,5,0,1,0,0,0,1,,0,,,,,0,0,,,,,,,,,,,,,,,,,,,,0,,,,XP,00-0034161,33,1,,,,0,,,0,,,,0,,,0,,0.051,,0,
7023,1154128,"10-D.Carlson kicks 65 yards from NO 35 to landing zone to end zone, Touchback to the DET 20.",DET,NO,KOFF,0,3,4,27,21,7,3,3,0,0,65,4,0,0,0,0,0,0,,0,,,,,0,0,,,,,,,,,,,,,,,,,,,,0,,,,,,,0,,,,0,,,0,00-0034161,65,65,1,,0,0,,-0.415,,0,
7023,1154129,(4:27) 16-J.Goff pass incomplete short right to 14-A.St. Brown.,DET,NO,PASS,5,3,4,27,21,7,3,3,1,10,20,2,0,0,0,0,0,0,,0,,,,00-0033106,0,0,SR,00-0036963,,1,,,,,,,,,,,,,,,,0,,,,,,,0,,,,0,,,0,,,,0,,,0,,-0.627,00-0033106,0,5
7023,1154130,(4:22) 16-J.Goff pass short right to 89-B.Wright to DET 25 for 5 yards (7-J.Sanker).,DET,NO,PASS,44,3,4,22,21,7,3,3,2,10,20,2,5,0,0,0,0,0,,0,,,,00-0033106,1,0,SR,00-0036754,,2,00-0040643,,,,,,,,,,,,,,,0,,,,,,,0,,,,0,,,0,,,,0,,,0,,-0.199,00-0033106,0,5
7023,1154131,(3:38) (Shotgun) 16-J.Goff pass incomplete short right to 1-J.Williams.,DET,NO,PASS,4,3,3,38,21,7,3,3,3,5,25,2,0,0,0,1,0,0,,0,,,,00-0033106,0,0,SR,00-0037240,,6,,,,,,,,,,,,,,,,0,,,,,,,0,,,,0,,,0,,,,0,,,0,,-1.665,00-0033106,0,5
7023,1154132,"(3:34) 3-J.Fox punts 45 yards to NO 30, Center-49-H.Hatten. 19-B.Brown to NO 46 for 16 yards (30-K.Dorsey).",DET,NO,PUNT,14,3,3,34,21,7,3,3,4,5,25,2,0,0,0,0,0,0,,0,,,,,0,0,,,,,,,,,,,,,,,,,,,,0,,,,,,,0,00-0035156,45,29,0,00-0041099,16,0,,,,0,,,0,,-1.206,,0,
7023,1154133,(3:20) (Shotgun) 6-T.Shough pass short left to 3-T.Etienne to NO 46 for no gain (44-M.Rodriguez).,NO,DET,PASS,22,3,3,20,7,21,3,3,1,10,46,3,0,0,0,1,0,0,,0,,,,00-0040743,1,0,SL,00-0036973,,-5,00-0037289,,,,,,,,,,,,,,,0,,,,,,,0,,,,0,,,0,,,,0,,,0,,-0.56,00-0040743,0,4
7023,1154134,(2:58) (No Huddle) 6-T.Shough pass short left to 12-C.Olave to DET 43 for 11 yards (29-A.Maddox).,NO,DET,PASS,26,3,2,58,7,21,3,3,2,10,46,3,11,1,1,0,1,0,,0,,,,00-0040743,1,0,SL,00-0037239,,9,00-0034377,,,,,,,,,,,,,,,0,,,,,,,0,,,,0,,,0,,,,0,,,0,,1.153,00-0040743,0,5
7023,1154135,"(2:32) (No Huddle, Shotgun) 6-T.Shough pass short right to 3-T.Etienne pushed ob at DET 39 for 4 yards (21-R.McCreary).",NO,DET,PASS,37,3,2,32,7,21,3,3,1,10,57,3,4,0,0,1,1,0,,0,,,,00-0040743,1,0,SR,00-0036973,,-4,00-0038125,,,,,,,,,,,,,,,0,,,,,,,0,,,,0,,,0,,,,0,,,0,,-0.076,00-0040743,0,5
7023,1154136,(1:55) (Shotgun) 6-T.Shough pass short right to 3-T.Etienne to DET 23 for 16 yards (36-C.Clark).,NO,DET,PASS,30,3,1,55,7,21,3,3,2,6,61,4,16,1,1,1,0,0,,0,,,,00-0040743,1,0,SR,00-0036973,,5,00-0033294,,,,,,,,,,,,,,,0,,,,,,,0,,,,0,,,0,,,,0,,,0,,1.61,00-0040743,1,5
7023,1154137,"(1:25) (No Huddle, Shotgun) 5-K.Miller up the middle to DET 22 for 1 yard (45-D.White).",NO,DET,RUSH,43,3,1,25,7,21,3,3,1,10,77,4,1,0,0,1,1,0,00-0038551,0,RM,00-0035707,,,0,0,,,,,,,,,,,,,,,,,,,,0,,,,,,,0,,,,0,,,0,,,,0,,,0,,-0.448,,0,5
7023,1154138,(:42) (Shotgun) 6-T.Shough pass incomplete short left to 18-B.Lance.,NO,DET,PASS,2,3,0,42,7,21,3,3,2,9,78,4,0,0,0,1,0,0,,0,,,,00-0040743,0,0,SL,00-0041067,,5,,,,,,,,,,,,,,,,0,,,,,,,0,,,,0,,,0,,,,0,,,0,,-0.628,00-0040743,0,5
7023,1154139,"(:40) (Shotgun) 6-T.Shough pass incomplete deep right to 14-D.Vele. PENALTY on DET-23-R.Ya-Sin, Defensive Pass Interference, 21 yards, enforced at DET 22 - No Play.",NO,DET,NOPL,6,3,0,40,7,21,3,3,3,9,78,4,0,1,1,1,0,0,,0,,,,00-0040743,0,0,,,,0,,,,,DET,00-0035637,Defensive Pass Interference,21,NA,,,,,,,0,,,,,,,0,,,,0,,,0,,,,0,,,0,,2.987,00-0040743,0,5
7023,1154140,"(:34) 6-T.Shough pass short left to 14-D.Vele for 1 yard, TOUCHDOWN.",NO,DET,PASS,6,3,0,34,7,21,3,3,1,1,99,5,1,1,1,0,0,6,,0,,,,00-0040743,1,0,SL,00-0039424,,1,,,,,,,,,,,,,,,,0,,,,,,,0,,,,0,,,0,,,,0,,,1,REC,0.533,00-0040743,0,1
7023,1154141,"10-D.Carlson extra point is GOOD, Center-49-Z.Wood, Holder-17-R.Wright.",NO,DET,FGXP,0,3,0,28,13,21,3,3,0,0,85,5,0,1,0,0,0,1,,0,,,,,0,0,,,,,,,,,,,,,,,,,,,,0,,,,XP,00-0034161,33,1,,,,0,,,0,,,,0,,,0,,0.051,,0,
7023,1154142,10-D.Carlson kicks 64 yards from NO 35 to DET 1. 85-T.Kennedy to DET 27 for 26 yards (58-C.Rumph; 44-I.Stalbird).,DET,NO,KOFF,5,3,0,28,21,14,3,3,0,0,65,4,0,1,0,0,0,0,,0,,,,,0,0,,,,,,,,,,,,,,,,,,,,0,,,,,,,0,,,,0,,,0,00-0034161,64,38,0,00-0035544,26,0,,0.095,,0,
7023,1154143,(:23) 0-J.Gibbs left tackle to DET 33 for 6 yards (92-D.Godchaux).,DET,NO,RUSH,23,3,0,23,21,14,3,3,1,10,27,2,6,1,0,0,0,0,00-0039139,0,LT,00-0033860,,,0,0,,,,,,,,,,,,,,,,,,,,0,,,,,,,0,,,,0,,,0,,,,0,,,0,,0.169,,0,4
7023,1154144,(15:00) 0-J.Gibbs left tackle to DET 38 for 5 yards (50-C.Wooden; 92-D.Godchaux).,DET,NO,RUSH,33,4,15,0,21,14,3,3,2,4,33,2,5,1,1,0,0,0,00-0039139,0,LT,00-0038387,00-0033860,,0,0,,,,,,,,,,,,,,,,,,,,0,,,,,,,0,,,,0,,,0,,,,0,,,0,,0.349,,0,5
7023,1154145,(14:27) 0-J.Gibbs up the middle to DET 39 for 1 yard (50-C.Wooden).,DET,NO,RUSH,33,4,14,27,21,14,3,3,1,10,38,2,1,0,0,0,0,0,00-0039139,0,RM,00-0038387,,,0,0,,,,,,,,,,,,,,,,,,,,0,,,,,,,0,,,,0,,,0,,,,0,,,0,,-0.492,,0,5
7023,1154146,(13:54) (Shotgun) 16-J.Goff pass short left to 14-A.St. Brown to DET 45 for 6 yards (22-M.Emerson).,DET,NO,PASS,38,4,13,54,21,14,3,3,2,9,39,2,6,0,0,1,0,0,,0,,,,00-0033106,1,0,SL,00-0036963,,6,00-0037250,,,,,,,,,,,,,,,0,,,,,,,0,,,,0,,,0,,,,0,,,0,,-0.041,00-0033106,0,5
7023,1154147,(13:16) (Shotgun) 16-J.Goff pass incomplete short left to 14-A.St. Brown (1-K.McKinstry).,DET,NO,PASS,4,4,13,16,21,14,3,3,3,3,45,3,0,0,0,1,0,0,,0,,,,00-0033106,0,0,SL,00-0036963,00-0039860,4,,,,,,,,,,,,,,,,0,,,,,,,0,,,,0,,,0,,,,0,,,0,,-1.826,00-0033106,1,5
7023,1154148,"(13:12) 3-J.Fox punts 31 yards to NO 24, Center-49-H.Hatten, downed by DET-35-J.Bachie.",DET,NO,PUNT,9,4,13,12,21,14,3,3,4,3,45,3,0,0,0,0,0,0,,0,,,,,0,0,,,,,,,,,,,,,,,,,,,,0,,,,,,,0,00-0035156,31,31,0,,0,0,,,,0,,,0,,-0.788,,0,
7023,1154149,(13:03) 3-T.Etienne up the middle to NO 38 for 14 yards (4-D.Reed).,NO,DET,RUSH,26,4,13,3,14,21,3,3,1,10,24,2,14,1,1,0,0,0,00-0036973,0,RM,00-0034384,,,0,0,,,,,,,,,,,,,,,,,,,,0,,,,,,,0,,,,0,,,0,,,,0,,,0,,0.883,,0,4
7023,1154150,(12:37) (Shotgun) 6-T.Shough pass short middle to 3-T.Etienne to NO 40 for 2 yards (46-J.Campbell).,NO,DET,PASS,33,4,12,37,14,21,3,3,1,10,38,2,2,0,0,1,0,0,,0,,,,00-0040743,1,0,SM,00-0036973,,1,00-0039018,,,,,,,,,,,,,,,0,,,,,,,0,,,,0,,,0,,,,0,,,0,,-0.431,00-0040743,1,4
7023,1154151,"(12:04) (No Huddle, Shotgun) 6-T.Shough pass short left to 14-D.Vele to NO 47 for 7 yards (46-J.Campbell).",NO,DET,PASS,39,4,12,4,14,21,3,3,2,8,40,3,7,1,0,1,1,0,,0,,,,00-0040743,1,0,SL,00-0039424,,5,00-0039018,,,,,,,,,,,,,,,0,,,,,,,0,,,,0,,,0,,,,0,,,0,,0.674,00-0040743,0,5
7023,1154152,(11:25) 43-C.Donaldson up the middle to NO 48 for 1 yard (29-A.Maddox).,NO,DET,RUSH,36,4,11,25,14,21,3,3,3,1,47,3,1,1,1,0,0,0,00-0041326,0,RM,00-0034377,,,0,0,,,,,,,,,,,,,,,,,,,,0,,,,,,,0,,,,0,,,0,,,,0,,,0,,0.538,,0,4
7023,1154153,(10:49) 6-T.Shough pass incomplete short left to 87-N.Fant.,NO,DET,PASS,6,4,10,49,14,21,3,3,1,10,48,3,0,0,0,0,0,0,,0,,,,00-0040743,0,0,SL,00-0035644,,12,,,,,,,,,,,,,,,,0,,,,,,,0,,,,0,,,0,,,,0,,,0,,-0.509,00-0040743,1,4
7023,1154154,(10:43) (Shotgun) 6-T.Shough pass short right to 12-C.Olave to DET 47 for 5 yards (46-J.Campbell).,NO,DET,PASS,40,4,10,43,14,21,3,3,2,10,48,3,5,0,0,1,0,0,,0,,,,00-0040743,1,0,SR,00-0037239,,1,00-0039018,,,,,,,,,,,,,,,0,,,,,,,0,,,,0,,,0,,,,0,,,0,,-0.281,00-0040743,0,5
7023,1154155,(10:03) (Shotgun) 6-T.Shough pass deep right to 14-D.Vele to DET 16 for 31 yards (12-T.Harper).,NO,DET,PASS,26,4,10,3,14,21,3,3,3,5,53,3,31,1,1,1,0,0,,0,,,,00-0040743,1,0,DR,00-0039424,,28,00-0039660,,,,,,,,,,,,,,,0,,,,,,,0,,,,0,,,0,,,,0,,,0,,3.002,00-0040743,0,5
7023,1154156,"(9:37) (No Huddle, Shotgun) 6-T.Shough scrambles right end ran ob at DET 15 for 1 yard (50-S.Gill-Howard).",NO,DET,RUSH,39,4,9,37,14,21,3,3,1,10,84,5,1,0,0,1,1,0,00-0040743,0,RE,00-0041447,,,0,0,,,,,,,,,,,,,,,,,,,,0,,,,,,,0,,,,0,,,0,,,,0,,,0,,-0.417,00-0040743,0,5
7023,1154157,"(8:58) (Shotgun) PENALTY on NO, Delay of Game, 5 yards, enforced at DET 15 - No Play.",NO,DET,NOPL,0,4,8,58,14,21,3,3,2,9,85,5,0,0,0,1,0,0,,0,,,,,0,0,,,,,,,,,NO,,Delay of Game,-5,NA,,,,,,,0,,,,,,,0,,,,0,,,0,,,,0,,,0,,-0.761,,0,
7023,1154158,(8:58) (Shotgun) 6-T.Shough pass short right to 12-C.Olave to DET 11 for 9 yards (23-R.Ya-Sin).,NO,DET,PASS,40,4,8,58,14,21,3,3,2,14,80,5,9,1,0,1,0,0,,0,,,,00-0040743,1,0,SR,00-0037239,,5,00-0035637,,,,,,,,,,,,,,,0,,,,,,,0,,,,0,,,0,,,,0,,,0,,0.507,00-0040743,0,
7023,1154159,(8:18) (Shotgun) 6-T.Shough pass short right to 3-T.Etienne pushed ob at DET 10 for 1 yard (55-D.Barnes).,NO,DET,PASS,33,4,8,18,14,21,3,3,3,5,89,5,1,0,0,1,0,0,,0,,,,00-0040743,1,0,SR,00-0036973,,-1,00-0036964,,,,,,,,,,,,,,,0,,,,,,,0,,,,0,,,0,,,,0,,,0,,-1.275,00-0040743,1,4
7023,1154160,"(7:45) 10-D.Carlson 28 yard field goal is GOOD, Center-49-Z.Wood, Holder-17-R.Wright.",NO,DET,FGXP,4,4,7,45,14,21,3,3,4,4,90,5,0,1,0,0,0,3,,0,,,,,0,0,,,,,,,,,,,,,,,,,,,,0,,,,FG,00-0034161,28,1,,,,0,,,0,,,,0,,,0,,0.079,,0,
7023,1154161,"10-D.Carlson kicks 63 yards from NO 35 to DET 2. 85-T.Kennedy to DET 35 for 33 yards (44-I.Stalbird). PENALTY on NO-98-T.Wilson, Face Mask, 15 yards, enforced at DET 35.",DET,NO,KOFF,7,4,7,41,21,17,3,3,0,0,65,4,0,1,0,0,0,0,,0,,,,,0,0,,,,,,,,,NO,00-0038541,Face Mask,15,NA,,,,,,,0,,,,,,,0,,,,0,,,0,00-0034161,63,30,0,00-0035544,33,0,,1.351,,0,
7023,1154162,(7:34) 0-J.Gibbs left tackle pushed ob at NO 35 for 15 yards (21-J.Reid).,DET,NO,RUSH,38,4,7,34,21,17,3,3,1,10,50,3,15,1,1,0,0,0,00-0039139,0,LT,00-0034361,,,0,0,,,,,,,,,,,,,,,,,,,,0,,,,,,,0,,,,0,,,0,,,,0,,,0,,0.839,,0,5
7023,1154163,"(6:56) 16-J.Goff pass short right to 0-J.Gibbs pushed ob at NO 27 for 8 yards (7-J.Sanker). PENALTY on NO-29-Q.Riley, Low Block, 14 yards, enforced at NO 27.",DET,NO,PASS,21,4,6,56,21,17,3,3,1,10,65,4,8,1,1,0,0,0,,0,,,,00-0033106,1,0,SR,00-0039139,,-3,00-0040643,,,,NO,00-0040166,Low Block,14,NA,,,,,,,0,,,,,,,0,,,,0,,,0,,,,0,,,0,,1.392,00-0033106,0,5
7023,1154164,(6:35) 0-J.Gibbs right tackle to NO 5 for 8 yards (23-J.Blackmon; 28-D.Stutsman).,DET,NO,RUSH,27,4,6,35,21,17,3,3,1,10,87,5,8,1,0,0,0,0,00-0039139,0,RT,00-0036253,00-0040155,,0,0,,,,,,,,,,,,,,,,,,,,0,,,,,,,0,,,,0,,,0,,,,0,,,0,,0.586,,0,5
7023,1154165,(6:08) 0-J.Gibbs up the middle to NO 2 for 3 yards (96-C.Granderson).,DET,NO,RUSH,43,4,6,8,21,17,3,3,2,2,95,5,3,1,1,0,0,0,00-0039139,0,RM,00-0035402,,,0,0,,,,,,,,,,,,,,,,,,,,0,,,,,,,0,,,,0,,,0,,,,0,,,0,,0.635,,0,5
7023,1154166,"(5:25) 0-J.Gibbs left tackle to NO 1 for 1 yard (99-C.Young). PENALTY on NO-99-C.Young, Defensive Offside, 1 yard, enforced at NO 2 - No Play.",DET,NO,NOPL,31,4,5,25,21,17,3,3,1,2,98,5,0,1,0,0,0,0,,0,,,,,0,0,,,,,,,,,NO,00-0036321,Defensive Offside,1,NA,,,,,,,0,,,,,,,0,,,,0,,,0,,,,0,,,0,,0.177,,0,4
7023,1154167,"(4:54) 79-L.Borom reported in as eligible. 0-J.Gibbs up the middle to NO 1 for no gain (99-C.Young; 29-Q.Riley). PENALTY on DET-78-B.Bartch, Offensive Holding, 10 yards, enforced at NO 1 - No Play.",DET,NO,NOPL,7,4,4,54,21,17,3,3,1,1,99,5,0,0,0,0,0,0,,0,,,,,0,0,,,,,,,,,DET,00-0036272,Offensive Holding,-10,NA,,,,,,,0,,,,,,,0,,,,0,,,0,,,,0,,,0,,-1.724,,0,4
7023,1154168,(4:47) (Shotgun) 16-J.Goff sacked at NO 13 for -2 yards (96-C.Granderson).,DET,NO,PASS,43,4,4,47,21,17,3,3,1,11,89,5,-2,0,0,1,0,0,,0,,,,,0,0,,,,,,,00-0035402,,,,,,,,,,,,,0,,,,,,,0,,,,0,,,0,,,,0,,,0,,-0.533,00-0033106,0,5
7023,1154169,(4:04) 79-L.Borom reported in as eligible. 33-S.Vaki right tackle to NO 9 for 4 yards (93-N.Shepherd; 28-D.Stutsman).,DET,NO,RUSH,46,4,4,4,21,17,3,3,2,13,87,5,4,0,0,0,0,0,00-0039364,0,RT,00-0034760,00-0040155,,0,0,,,,,,,,,,,,,,,,,,,,0,,,,,,,0,,,,0,,,0,,,,0,,,0,,-0.395,,0,4
7023,1154170,(3:18) (Shotgun) 16-J.Goff pass short left to 14-A.St. Brown to NO 5 for 4 yards (7-J.Sanker; 91-V.Broughton).,DET,NO,PASS,43,4,3,18,21,17,3,3,3,9,91,5,4,0,0,1,0,0,,0,,,,00-0033106,1,0,SL,00-0036963,,-3,00-0040643,00-0040642,,,,,,,,,,,,,,0,,,,,,,0,,,,0,,,0,,,,0,,,0,,-0.82,00-0033106,0,5
7023,1154171,"(2:35) 39-J.Bates 23 yard field goal is GOOD, Center-49-H.Hatten, Holder-3-J.Fox.",DET,NO,FGXP,3,4,2,35,21,17,3,3,4,5,95,5,0,1,0,0,0,3,,0,,,,,0,0,,,,,,,,,,,,,,,,,,,,0,,,,FG,00-0039172,23,1,,,,0,,,0,,,,0,,,0,,0.026,,0,
7023,1154172,39-J.Bates kicks 55 yards from DET 35 to NO 10. 19-B.Brown to NO 25 for 15 yards (66-E.O'Neill).,NO,DET,KOFF,5,4,2,32,17,24,3,3,0,0,65,4,0,1,0,0,0,0,,0,,,,,0,0,,,,,,,,,,,,,,,,,,,,0,,,,,,,0,,,,0,,,0,00-0039172,55,40,0,00-0041099,15,0,,0.006,,0,
7023,1154173,(2:27) (Shotgun) 6-T.Shough pass short left to 12-C.Olave ran ob at NO 33 for 8 yards (23-R.Ya-Sin).,NO,DET,PASS,4,4,2,27,17,24,3,3,1,10,25,2,8,1,0,1,0,0,,0,,,,00-0040743,1,0,SL,00-0037239,,6,00-0035637,,,,,,,,,,,,,,,0,,,,,,,0,,,,0,,,0,,,,0,,,0,,0.532,00-0040743,0,5
7023,1154174,(2:23) (Shotgun) 6-T.Shough sacked at NO 23 for -10 yards (97-A.Hutchinson).,NO,DET,PASS,23,4,2,23,17,24,3,3,2,2,33,2,-10,0,0,1,0,0,,0,,,,,0,0,,,,,,,00-0037236,,,,,,,,,,,,,0,,,,,,,0,,,,0,,,0,,,,0,,,0,,-1.941,00-0040743,0,5
7023,1154175,(2:00) (Shotgun) 6-T.Shough pass incomplete short left to 83-J.Johnson (98-D.Wonnum).,NO,DET,PASS,5,4,2,0,17,24,3,3,3,12,23,2,0,0,0,1,0,0,,0,,,,00-0040743,0,0,SL,00-0036040,00-0036335,3,,,,,,,,,,,,,,,,0,,,,,,,0,,,,0,,,0,,,,0,,,0,,-1.057,00-0040743,0,5
7023,1154176,(1:55) (Shotgun) 6-T.Shough pass short right to 18-B.Lance to NO 38 for 15 yards (4-D.Reed).,NO,DET,PASS,8,4,1,55,17,24,3,3,4,12,23,2,15,1,1,1,0,0,,0,,,,00-0040743,1,0,SR,00-0041067,,15,00-0034384,,,,,,,,,,,,,,,0,,,,,,,0,,,,0,,,0,,,,0,,,0,,2.941,00-0040743,0,5
7023,1154177,Timeout #1 by NO at 01:47.,NA,NA,NOPL,0,4,1,47,0,0,0,0,0,0,NA,1,0,0,0,0,0,0,,0,,,,,0,0,,,,,,,,,,,,,,,,,,,,0,,,,,,,0,,,,0,,,0,,,,0,,,0,,0,,0,
7023,1154178,(1:47) (Shotgun) 6-T.Shough pass short right to 14-D.Vele to NO 49 for 11 yards (23-R.Ya-Sin).,NO,DET,PASS,18,4,1,47,17,24,2,3,1,10,38,2,11,1,1,1,0,0,,0,,,,00-0040743,1,0,SR,00-0039424,,4,00-0035637,,,,,,,,,,,,,,,0,,,,,,,0,,,,0,,,0,,,,0,,,0,,0.875,00-0040743,0,5
7023,1154179,"(1:29) (No Huddle, Shotgun) 6-T.Shough pass incomplete short right.",NO,DET,PASS,6,4,1,29,17,24,2,3,1,10,49,3,0,0,0,1,1,0,,0,,,,00-0040743,0,0,SR,,,11,,,,,,,,,,,,,,,,0,,,,,,,0,,,,0,,,0,,,,0,,,0,,-0.504,00-0040743,1,5
7023,1154180,"(1:23) (Shotgun) 6-T.Shough pass deep middle to 12-C.Olave to DET 9 for 42 yards (4-D.Reed) [97-A.Hutchinson]. NO-12-C.Olave was injured during the play. Penalty on DET-4-D.Reed, Defensive Pass Interference, declined.",NO,DET,PASS,10,4,1,23,17,24,2,3,2,10,49,3,42,1,1,1,0,0,,0,,,,00-0040743,1,0,DM,00-0037239,,42,00-0034384,,,,,,,,,,,,,,,0,,,,,,,0,,,,0,,,0,,,,0,,,0,,2.88,00-0040743,1,5
7023,1154181,Timeout #2 by NO at 01:13.,NA,NA,NOPL,0,4,1,13,0,0,0,0,0,0,NA,1,0,0,0,0,0,0,,0,,,,,0,0,,,,,,,,,,,,,,,,,,,,0,,,,,,,0,,,,0,,,0,,,,0,,,0,,0,,0,
7023,1154182,"(1:13) (Shotgun) 6-T.Shough pass short right to 83-J.Johnson for 9 yards, TOUCHDOWN.",NO,DET,PASS,6,4,1,13,17,24,1,3,1,9,91,5,9,1,1,1,0,6,,0,,,,00-0040743,1,0,SR,00-0036040,,9,,,,,,,,,,,,,,,,0,,,,,,,0,,,,0,,,0,,,,0,,,1,REC,2.183,00-0040743,1,4
7023,1154183,"10-D.Carlson extra point is GOOD, Center-49-Z.Wood, Holder-17-R.Wright.",NO,DET,FGXP,0,4,1,7,23,24,1,3,0,0,85,5,0,1,0,0,0,1,,0,,,,,0,0,,,,,,,,,,,,,,,,,,,,0,,,,XP,00-0034161,33,1,,,,0,,,0,,,,0,,,0,,0.051,,0,
7023,1154184,"10-D.Carlson kicks 65 yards from NO 35 to end zone, Touchback to the DET 35.",DET,NO,KOFF,0,4,1,7,24,24,3,1,0,0,65,4,0,1,0,0,0,0,,0,,,,,0,0,,,,,,,,,,,,,,,,,,,,0,,,,,,,0,,,,0,,,0,00-0034161,65,65,1,,0,0,,0.229,,0,
7023,1154185,(1:07) (Shotgun) 16-J.Goff scrambles left end ran ob at DET 37 for 2 yards (7-J.Sanker).,DET,NO,RUSH,7,4,1,7,24,24,3,1,1,10,35,2,2,0,0,1,0,0,00-0033106,0,LE,00-0040643,,,0,0,,,,,,,,,,,,,,,,,,,,0,,,,,,,0,,,,0,,,0,,,,0,,,0,,-0.238,00-0033106,0,5
7023,1154186,(1:00) (Shotgun) 16-J.Goff pass short middle to 14-A.St. Brown to DET 44 for 7 yards (20-P.Werner; 55-K.Elliss).,DET,NO,PASS,20,4,1,0,24,24,3,1,2,8,37,2,7,1,0,1,0,0,,0,,,,00-0033106,1,0,SM,00-0036963,,4,00-0036927,00-0035316,,,,,,,,,,,,,,0,,,,,,,0,,,,0,,,0,,,,0,,,0,,0.147,00-0033106,0,5
7023,1154187,"(:40) (No Huddle, Shotgun) 16-J.Goff pass incomplete short right to 1-J.Williams.",DET,NO,PASS,3,4,0,40,24,24,3,1,3,1,44,3,0,0,0,1,1,0,,0,,,,00-0033106,0,0,SR,00-0037240,,4,,,,,,,,,,,,,,,,0,,,,,,,0,,,,0,,,0,,,,0,,,0,,-0.937,00-0033106,0,5
7023,1154188,"(:37) 3-J.Fox punts 56 yards to end zone, Center-49-H.Hatten, Touchback.",DET,NO,PUNT,10,4,0,37,24,24,3,1,4,1,44,3,0,0,0,0,0,0,,0,,,,,0,0,,,,,,,,,,,,,,,,,,,,0,,,,,,,0,00-0035156,56,56,1,,0,0,,,,0,,,0,,-0.58,,0,
7023,1154189,(:27) (Shotgun) 3-T.Etienne up the middle to NO 38 for 18 yards (4-D.Reed). ** Injury Update: NO-12-C.Olave has returned to the game.,NO,DET,RUSH,6,4,0,27,24,24,1,3,1,10,20,2,18,1,1,1,0,0,00-0036973,0,RM,00-0034384,,,0,0,,,,,,,,,,,,,,,,,,,,0,,,,,,,0,,,,0,,,0,,,,0,,,0,,0.116,,0,6
7023,1154190,Timeout #3 by NO at 00:21.,NA,NA,NOPL,0,4,0,21,0,0,0,0,0,0,NA,1,0,0,0,0,0,0,,0,,,,,0,0,,,,,,,,,,,,,,,,,,,,0,,,,,,,0,,,,0,,,0,,,,0,,,0,,0,,0,
7023,1154191,(:21) (Shotgun) 6-T.Shough pass deep middle to 83-J.Johnson to DET 44 for 18 yards (29-A.Maddox).,NO,DET,PASS,14,4,0,21,24,24,0,3,1,10,38,2,18,1,1,1,0,0,,0,,,,00-0040743,1,0,DM,00-0036040,,17,00-0034377,,,,,,,,,,,,,,,0,,,,,,,0,,,,0,,,0,,,,0,,,0,,0.385,00-0040743,1,6
7023,1154192,(:07) (No Huddle) 6-T.Shough spiked the ball to stop the clock.,NO,DET,PASS,1,4,0,7,24,24,0,3,1,10,56,3,0,0,0,0,1,0,,0,,,,00-0040743,0,1,,,,1,,,,,,,,,,,,,,,,0,,,,,,,0,,,,0,,,0,,,,0,,,0,,-0.025,00-0040743,0,
7023,1154193,Timeout #1 by DET at 00:06.,NA,NA,NOPL,0,4,0,6,0,0,0,0,0,0,NA,1,0,0,0,0,0,0,,0,,,,,0,0,,,,,,,,,,,,,,,,,,,,0,,,,,,,0,,,,0,,,0,,,,0,,,0,,0,,0,
7023,1154194,(:06) (Shotgun) 6-T.Shough pass incomplete short right.,NO,DET,PASS,4,4,0,6,24,24,0,2,2,10,56,3,0,1,0,1,0,0,,0,,,,00-0040743,0,0,SR,,,6,,,,,,,,,,,,,,,,0,,,,,,,0,,,,0,,,0,,,,0,,,0,,0.367,00-0040743,0,6
7023,1154195,"(:02) 10-D.Carlson 62 yard field goal is No Good, Wide Right, Center-49-Z.Wood, Holder-17-R.Wright.",NO,DET,FGXP,2,4,0,2,24,24,0,2,3,10,56,3,0,0,0,0,0,0,,0,,,,,0,0,,,,,,,,,,,,,,,,,,,,0,,,,FG,00-0034161,62,0,,,,0,,,0,,,,0,,,0,,-1.195,,0,
7023,1154196,10-D.Carlson kicks 60 yards from NO 35 to DET 5. 25-J.Saylors to DET 30 for 25 yards (98-T.Wilson; 31-J.Howden).,DET,NO,KOFF,5,5,10,0,24,24,2,2,0,0,65,4,0,1,0,0,0,0,,0,,,,,0,0,,,,,,,,,,,,,,,,,,,,0,,,,,,,0,,,,0,,,0,00-0034161,60,35,0,00-0038896,25,0,,0.228,,0,
7023,1154197,(9:55) 16-J.Goff pass short right to 87-S.LaPorta to DET 39 for 9 yards (7-J.Sanker).,DET,NO,PASS,33,5,9,55,24,24,2,2,1,10,30,2,9,1,0,0,0,0,,0,,,,00-0033106,1,0,SR,00-0039065,,1,00-0040643,,,,,,,,,,,,,,,0,,,,,,,0,,,,0,,,0,,,,0,,,0,,0.661,00-0033106,0,5
7023,1154198,(9:22) 0-J.Gibbs up the middle to 50 for 11 yards (7-J.Sanker).,DET,NO,RUSH,35,5,9,22,24,24,2,2,2,1,39,2,11,1,1,0,0,0,00-0039139,0,RM,00-0040643,,,0,0,,,,,,,,,,,,,,,,,,,,0,,,,,,,0,,,,0,,,0,,,,0,,,0,,0.4,,0,5
7023,1154199,(8:47) 16-J.Goff pass short left to 0-J.Gibbs to NO 43 for 7 yards (20-P.Werner).,DET,NO,PASS,40,5,8,47,24,24,2,2,1,10,50,3,7,1,0,0,0,0,,0,,,,00-0033106,1,0,SL,00-0039139,,0,00-0036927,,,,,,,,,,,,,,,0,,,,,,,0,,,,0,,,0,,,,0,,,0,,0.223,00-0033106,0,4
7023,1154200,(8:07) (Shotgun) 0-J.Gibbs up the middle to NO 36 for 7 yards (7-J.Sanker).,DET,NO,RUSH,33,5,8,7,24,24,2,2,2,3,57,3,7,1,1,1,0,0,00-0039139,0,RM,00-0040643,,,0,0,,,,,,,,,,,,,,,,,,,,0,,,,,,,0,,,,0,,,0,,,,0,,,0,,0.544,,0,5
7023,1154201,(7:34) 16-J.Goff pass incomplete deep left to 1-J.Williams.,DET,NO,PASS,6,5,7,34,24,24,2,2,1,10,64,4,0,0,0,0,0,0,,0,,,,00-0033106,0,0,DL,00-0037240,,16,,,,,,,,,,,,,,,,0,,,,,,,0,,,,0,,,0,,,,0,,,0,,-0.43,00-0033106,0,4
7023,1154202,(7:28) 0-J.Gibbs left end to NO 26 for 10 yards (23-J.Blackmon).,DET,NO,RUSH,39,5,7,28,24,24,2,2,2,10,64,4,10,1,1,0,0,0,00-0039139,0,LE,00-0036253,,,0,0,,,,,,,,,,,,,,,,,,,,0,,,,,,,0,,,,0,,,0,,,,0,,,0,,1.042,,0,5
7023,1154203,(6:49) 0-J.Gibbs right end pushed ob at NO 27 for -1 yards (7-J.Sanker).,DET,NO,RUSH,30,5,6,49,24,24,2,2,1,10,74,4,-1,0,0,0,0,0,00-0039139,0,RE,00-0040643,,,0,0,,,,,,,,,,,,,,,,,,,,0,,,,,,,0,,,,0,,,0,,,,0,,,0,,-0.839,,0,5
7023,1154204,(6:19) (Shotgun) 16-J.Goff pass deep left to 1-J.Williams ran ob at NO 5 for 22 yards.,DET,NO,PASS,34,5,6,19,24,24,2,2,2,11,73,4,22,1,1,1,0,0,,0,,,,00-0033106,1,0,DL,00-0037240,,21,,,,,,,,,,,,,,,,0,,,,,,,0,,,,0,,,0,,,,0,,,0,,2.348,00-0033106,0,5
7023,1154205,(5:45) 0-J.Gibbs right tackle to NO 4 for 1 yard (55-K.Elliss).,DET,NO,RUSH,38,5,5,45,24,24,2,2,1,5,95,5,1,0,0,0,0,0,00-0039139,0,RT,00-0035316,,,0,0,,,,,,,,,,,,,,,,,,,,0,,,,,,,0,,,,0,,,0,,,,0,,,0,,-0.236,,0,4
7023,1154206,"(5:07) (Shotgun) 16-J.Goff pass short left to 14-A.St. Brown for 4 yards, TOUCHDOWN.",DET,NO,PASS,3,5,5,7,24,24,2,2,2,4,96,5,4,1,1,1,0,6,,0,,,,00-0033106,1,0,SL,00-0036963,,2,,,,,,,,,,,,,,,,0,,,,,,,0,,,,0,,,0,,,,0,,,1,REC,1.527,00-0033106,0,5
7023,1154207,"39-J.Bates extra point is GOOD, Center-49-H.Hatten, Holder-3-J.Fox.",DET,NO,FGXP,0,5,5,4,30,24,2,2,0,0,85,5,0,1,0,0,0,1,,0,,,,,0,0,,,,,,,,,,,,,,,,,,,,0,,,,XP,00-0039172,33,1,,,,0,,,0,,,,0,,,0,,0.051,,0,
7023,1154208,39-J.Bates kicks 66 yards from DET 35 to NO -1. 19-B.Brown to NO 20 for 21 yards (66-E.O'Neill).,NO,DET,KOFF,7,5,5,4,24,31,2,2,0,0,65,4,0,0,0,0,0,0,,0,,,,,0,0,,,,,,,,,,,,,,,,,,,,0,,,,,,,0,,,,0,,,0,00-0039172,66,45,0,00-0041099,21,0,,-0.272,,0,
7023,1154209,(4:57) (Shotgun) 6-T.Shough sacked at NO 18 for -2 yards (54-A.McNeill).,NO,DET,PASS,40,5,4,57,24,31,2,2,1,10,20,2,-2,0,0,1,0,0,,0,,,,,0,0,,,,,,,00-0036624,,,,,,,,,,,,,0,,,,,,,0,,,,0,,,0,,,,0,,,0,,-0.962,00-0040743,0,5
7023,1154210,(4:17) (Shotgun) 6-T.Shough pass short left to 18-B.Lance to NO 26 for 8 yards (23-R.Ya-Sin). DET-23-R.Ya-Sin was injured during the play.,NO,DET,PASS,28,5,4,17,24,31,2,2,2,12,18,1,8,1,0,1,0,0,,0,,,,00-0040743,1,0,SL,00-0041067,,3,00-0035637,,,,,,,,,,,,,,,0,,,,,,,0,,,,0,,,0,,,,0,,,0,,0.458,00-0040743,0,5
7023,1154211,"(3:49) (Shotgun) 6-T.Shough FUMBLES (Aborted) at NO 21, recovered by NO-3-T.Etienne at NO 23. 3-T.Etienne to NO 27 for 4 yards (98-D.Wonnum; 55-D.Barnes).",NO,DET,RUSH,36,5,3,49,24,31,2,2,3,4,26,2,0,0,0,1,0,0,00-0040743,0,,00-0036335,00-0036964,,0,0,,,,,,,,,,,,,,,,00-0040743,00-0036973,1,,0,,,,,,,0,,,,0,,,0,,,,0,,,0,,-1.179,,0,5
7023,1154212,"(3:13) (No Huddle, Shotgun) 6-T.Shough pass deep right to 12-C.Olave to NO 47 for 20 yards (29-A.Maddox). ** Injury Update: DET-23-R.Ya-Sin has returned to the game.",NO,DET,PASS,35,5,3,13,24,31,2,2,4,3,27,2,20,1,1,1,1,0,,0,,,,00-0040743,1,0,DR,00-0037239,,19,00-0034377,,,,,,,,,,,,,,,0,,,,,,,0,,,,0,,,0,,,,0,,,0,,3.289,00-0040743,0,5
7023,1154213,(2:38) 3-T.Etienne right tackle to NO 48 for 1 yard (21-R.McCreary).,NO,DET,RUSH,21,5,2,38,24,31,2,2,1,10,47,3,1,0,0,0,0,0,00-0036973,0,RT,00-0038125,,,0,0,,,,,,,,,,,,,,,,,,,,0,,,,,,,0,,,,0,,,0,,,,0,,,0,,-0.462,,0,5
7023,1154214,"(2:17) (No Huddle, Shotgun) 6-T.Shough pass short right to 87-N.Fant ran ob at DET 42 for 10 yards (23-R.Ya-Sin).",NO,DET,PASS,5,5,2,17,24,31,2,2,2,9,48,3,10,1,1,1,1,0,,0,,,,00-0040743,1,0,SR,00-0035644,,4,00-0035637,,,,,,,,,,,,,,,0,,,,,,,0,,,,0,,,0,,,,0,,,0,,1.078,00-0040743,0,5
7023,1154215,(2:12) 5-K.Miller up the middle to DET 40 for 2 yards (66-E.O'Neill; 29-A.Maddox).,NO,DET,RUSH,12,5,2,12,24,31,2,2,1,10,58,3,2,0,0,0,0,0,00-0038551,0,RM,00-0041459,00-0034377,,0,0,,,,,,,,,,,,,,,,,,,,0,,,,,,,0,,,,0,,,0,,,,0,,,0,,-0.371,,0,5
7023,1154216,"(2:00) (Shotgun) 6-T.Shough pass incomplete short left to 3-T.Etienne. PENALTY on DET-6-K.Abney, Illegal Use of Hands, 5 yards, enforced at DET 40 - No Play.",NO,DET,NOPL,7,5,2,0,24,31,2,2,2,8,60,4,0,1,1,1,0,0,,0,,,,00-0040743,0,0,,,,0,,,,,DET,00-0041445,Illegal Use of Hands,5,NA,,,,,,,0,,,,,,,0,,,,0,,,0,,,,0,,,0,,0.682,00-0040743,0,5
7023,1154217,(1:53) (Shotgun) 6-T.Shough pass deep right to 83-J.Johnson pushed ob at DET 8 for 27 yards (12-T.Harper).,NO,DET,PASS,8,5,1,53,24,31,2,2,1,10,65,4,27,1,1,1,0,0,,0,,,,00-0040743,1,0,DR,00-0036040,,24,00-0039660,,,,,,,,,,,,,,,0,,,,,,,0,,,,0,,,0,,,,0,,,0,,1.904,00-0040743,0,5
7023,1154218,(1:45) 6-T.Shough pass incomplete short right to 83-J.Johnson (55-D.Barnes).,NO,DET,PASS,7,5,1,45,24,31,2,2,1,8,92,5,0,0,0,0,0,0,,0,,,,00-0040743,0,0,SR,00-0036040,00-0036964,8,,,,,,,,,,,,,,,,0,,,,,,,0,,,,0,,,0,,,,0,,,0,,-0.535,00-0040743,0,3
7023,1154219,"(1:38) (Shotgun) 6-T.Shough pass short right to 87-N.Fant for 8 yards, TOUCHDOWN.",NO,DET,PASS,4,5,1,38,24,31,2,2,2,8,92,5,8,1,1,1,0,6,,0,,,,00-0040743,1,0,SR,00-0035644,,8,,,,,,,,,,,,,,,,0,,,,,,,0,,,,0,,,0,,,,0,,,1,REC,2.28,00-0040743,0,4
7023,1154220,Timeout #1 by DET at 01:34.,NA,NA,NOPL,0,5,1,34,0,0,0,0,0,0,NA,1,0,0,0,0,0,0,,0,,,,,0,0,,,,,,,,,,,,,,,,,,,,0,,,,,,,0,,,,0,,,0,,,,0,,,0,,0,,0,
7023,1154221,TWO-POINT CONVERSION ATTEMPT. 6-T.Shough pass to 18-B.Lance is incomplete. ATTEMPT FAILS.,NO,DET,PASS,0,5,1,34,30,31,2,1,0,0,98,5,0,0,0,0,0,0,,0,,,,00-0040743,0,0,,00-0041067,,0,,,,,,,,,,,,,,,,0,,,,,,,0,,,,0,,,0,,,,0,,,0,,-0.947,00-0040743,0,4
7024,1154222,15-K.Fairbairn kicks 57 yards from HOU 35 to BUF 8. 19-G.Dortch to BUF 34 for 26 yards (35-J.Hansen; 36-G.Odum).,BUF,HST,KOFF,5,1,15,0,0,0,3,3,0,0,65,4,0,1,0,0,0,0,,0,,,,,0,0,,,,,,,,,,,,,,,,,,,,0,,,,,,,0,,,,0,,,0,00-0032726,57,31,0,00-0035500,26,0,,0.477,,0,
7024,1154223,(14:55) 4-J.Cook left guard to BUF 43 for 9 yards (2-C.Bullock).,BUF,HST,RUSH,34,1,14,55,0,0,3,3,1,10,34,2,9,1,0,0,0,0,00-0037248,0,LG,00-0039838,,,0,0,,,,,,,,,,,,,,,,,,,,0,,,,,,,0,,,,0,,,0,,,,0,,,0,,0.975,,0,5
7024,1154224,(14:21) 68-T.Grable reported in as eligible. 17-J.Allen pass short right to 4-J.Cook pushed ob at BUF 46 for 3 yards (6-R.Blankenship).,BUF,HST,PASS,26,1,14,21,0,0,3,3,2,1,43,3,3,0,1,0,0,0,,0,,,,00-0034857,1,0,SR,00-0037248,,0,00-0037130,,,,,,,,,,,,,,,0,,,,,,,0,,,,0,,,0,,,,0,,,0,,-0.022,00-0034857,1,5
7024,1154225,(13:55) 4-J.Cook up the middle to HOU 43 for 11 yards (2-C.Bullock).,BUF,HST,RUSH,37,1,13,55,0,0,3,3,1,10,46,3,11,1,1,0,0,0,00-0037248,0,RM,00-0039838,,,0,0,,,,,,,,,,,,,,,,,,,,0,,,,,,,0,,,,0,,,0,,,,0,,,0,,0.605,,0,4
7024,1154226,(13:18) 7-R.Davis right guard to HOU 40 for 3 yards (5-J.Pitre).,BUF,HST,RUSH,39,1,13,18,0,0,3,3,1,10,57,3,3,0,0,0,0,0,00-0039875,0,RG,00-0037246,,,0,0,,,,,,,,,,,,,,,,,,,,0,,,,,,,0,,,,0,,,0,,,,0,,,0,,-0.151,,0,5
7024,1154227,(12:39) (Shotgun) 17-J.Allen up the middle to HOU 36 for 4 yards (0-A.Al-Shaair).,BUF,HST,RUSH,37,1,12,39,0,0,3,3,2,7,60,4,4,0,0,1,0,0,00-0034857,0,RM,00-0035166,,,0,0,,,,,,,,,,,,,,,,,,,,0,,,,,,,0,,,,0,,,0,,,,0,,,0,,-0.051,,0,5
7024,1154228,(12:02) (Shotgun) 4-J.Cook left guard to HOU 34 for 2 yards (0-A.Al-Shaair; 72-T.Togiai).,BUF,HST,RUSH,44,1,12,2,0,0,3,3,3,3,64,4,2,0,0,1,0,0,00-0037248,0,LG,00-0035166,00-0036883,,0,0,,,,,,,,,,,,,,,,,,,,0,,,,,,,0,,,,0,,,0,,,,0,,,0,,-0.805,,0,5
7024,1154229,(11:18) (Shotgun) 17-J.Allen left end to HOU 36 for -2 yards (3-K.Lassiter).,BUF,HST,RUSH,3,1,11,18,0,0,3,3,4,1,66,4,-2,0,0,1,0,0,00-0034857,0,LE,00-0039343,,,0,0,,,,,,,,,,,,,,,,,,,,0,,,,,,,0,,,,0,,,0,,,,0,,,0,,-4.245,,0,5
7024,1154230,(11:15) 32-D.Montgomery left tackle to HOU 37 for 1 yard (8-T.Bernard).,HST,BUF,RUSH,39,1,11,15,0,0,3,3,1,10,36,2,1,0,0,0,0,0,00-0035685,0,LT,00-0037254,,,0,0,,,,,,,,,,,,,,,,,,,,0,,,,,,,0,,,,0,,,0,,,,0,,,0,,-0.555,,0,4
7024,1154231,"(10:36) (Shotgun) PENALTY on HOU-79-A.Ersery, False Start, 5 yards, enforced at HOU 37 - No Play.",HST,BUF,NOPL,19,1,10,36,0,0,3,3,2,9,37,2,0,0,0,1,0,0,,0,,,,,0,0,,,,,,,,,HST,00-0040745,False Start,-5,NA,,,,,,,0,,,,,,,0,,,,0,,,0,,,,0,,,0,,-0.646,,0,
7024,1154232,(10:17) (Shotgun) 32-D.Montgomery left tackle to HOU 34 for 2 yards (8-T.Bernard; 96-D.Walker).,HST,BUF,RUSH,37,1,10,17,0,0,3,3,2,14,32,2,2,0,0,1,0,0,00-0035685,0,LT,00-0037254,00-0040710,,0,0,,,,,,,,,,,,,,,,,,,,0,,,,,,,0,,,,0,,,0,,,,0,,,0,,-0.767,,0,5
7024,1154233,"(9:40) (Shotgun) 7-C.Stroud sacked at HOU 29 for -5 yards (15-G.Rousseau). FUMBLES (15-G.Rousseau) [15-G.Rousseau], RECOVERED by BUF-91-E.Oliver at HOU 32.",HST,BUF,PASS,8,1,9,40,0,0,3,3,3,12,34,2,-2,0,0,1,0,0,,0,,,,,0,0,,,,,,,00-0036914,,,,,,,,,00-0039163,00-0035230,0,00-0036914,1,,,,,,,0,,,,0,,,0,,,,0,,,0,,-4.251,00-0039163,0,6
7024,1154234,(9:32) 4-J.Cook left guard to HOU 28 for 4 yards (5-J.Pitre; 6-R.Blankenship).,BUF,HST,RUSH,36,1,9,32,0,0,3,3,1,10,68,4,4,0,0,0,0,0,00-0037248,0,LG,00-0037246,00-0037130,,0,0,,,,,,,,,,,,,,,,,,,,0,,,,,,,0,,,,0,,,0,,,,0,,,0,,-0.033,,0,5
7024,1154235,(8:56) 17-J.Allen sacked at HOU 34 for -6 yards (90-J.Clowney).,BUF,HST,PASS,42,1,8,56,0,0,3,3,2,6,72,4,-6,0,0,0,0,0,,0,,,,,0,0,,,,,,,00-0031364,,,,,,,,,,,,,0,,,,,,,0,,,,0,,,0,,,,0,,,0,,-1.841,00-0034857,0,5
7024,1154236,(8:14) (Shotgun) 17-J.Allen pass short left to 0-K.Coleman to HOU 33 for 1 yard. Lateral to 10-K.Shakir pushed ob at HOU 23 for 10 yards (6-R.Blankenship).,BUF,HST,PASS,32,1,8,14,0,0,3,3,3,12,66,4,11,1,0,1,0,0,,0,,,,00-0034857,1,0,SL,00-0039901,,4,00-0037130,,,,,,,,,,,,,,,0,,,,,,,0,,,,0,,,0,,,,0,,,0,,0.996,00-0034857,0,5
7024,1154237,"(7:42) (Run formation) PENALTY on BUF, Offensive Too Many Men on Field, 5 yards, enforced at HOU 23 - No Play.",BUF,HST,NOPL,10,1,7,42,0,0,3,3,4,1,77,4,0,0,0,0,0,0,,0,,,,,0,0,,,,,,,,,BUF,,Offensive Too Many Men on Field,-5,NA,,,,,,,0,,,,,,,0,,,,0,,,0,,,,0,,,0,,-1.062,,0,
7024,1154238,"(7:32) 16-T.Bass 46 yard field goal is GOOD, Center-69-R.Ferguson, Holder-39-T.Doman.",BUF,HST,FGXP,4,1,7,32,0,0,3,3,4,6,72,4,0,1,0,0,0,3,,0,,,,,0,0,,,,,,,,,,,,,,,,,,,,0,,,,FG,00-0036162,46,1,,,,0,,,0,,,,0,,,0,,1.01,,0,
7024,1154239,16-T.Bass kicks 64 yards from BUF 35 to HOU 1. 13-J.Noel to HOU 24 for 23 yards (83-K.Latu; 55-M.Hoecht).,HST,BUF,KOFF,7,1,7,28,0,3,3,3,0,0,65,4,0,0,0,0,0,0,,0,,,,,0,0,,,,,,,,,,,,,,,,,,,,0,,,,,,,0,,,,0,,,0,00-0036162,64,41,0,00-0040138,23,0,,-0.307,,0,
7024,1154240,(7:21) (Shotgun) 32-D.Montgomery right guard to HOU 28 for 4 yards (15-G.Rousseau).,HST,BUF,RUSH,38,1,7,21,0,3,3,3,1,10,24,2,4,1,0,1,0,0,00-0035685,0,RG,00-0036914,,,0,0,,,,,,,,,,,,,,,,,,,,0,,,,,,,0,,,,0,,,0,,,,0,,,0,,0.005,,0,5
7024,1154241,(6:43) (Shotgun) 7-C.Stroud pass short right to 12-N.Collins to HOU 37 for 9 yards (8-T.Bernard; 24-C.Bishop).,HST,BUF,PASS,39,1,6,43,0,3,3,3,2,6,28,2,9,1,1,1,0,0,,0,,,,00-0039163,1,0,SR,00-0036554,,2,00-0037254,00-0039872,,,,,,,,,,,,,,0,,,,,,,0,,,,0,,,0,,,,0,,,0,,1.048,00-0039163,0,5
7024,1154242,(6:04) (Shotgun) 32-D.Montgomery left tackle to HOU 44 for 7 yards (8-T.Bernard; 42-D.Williams).,HST,BUF,RUSH,40,1,6,4,0,3,3,3,1,10,37,2,7,1,0,1,0,0,00-0035685,0,LT,00-0037254,00-0038557,,0,0,,,,,,,,,,,,,,,,,,,,0,,,,,,,0,,,,0,,,0,,,,0,,,0,,0.328,,0,4
7024,1154243,(5:24) 7-C.Stroud pass short left to 83-M.Klein to BUF 40 for 16 yards (1-M.Hairston).,HST,BUF,PASS,41,1,5,24,0,3,3,3,2,3,44,3,16,1,1,0,0,0,,0,,,,00-0039163,1,0,SL,00-0041472,,14,00-0040709,,,,,,,,,,,,,,,0,,,,,,,0,,,,0,,,0,,,,0,,,0,,1.046,00-0039163,0,4
7024,1154244,(4:43) 4-W.Marks left guard to BUF 36 for 4 yards (55-M.Hoecht; 42-D.Williams).,HST,BUF,RUSH,40,1,4,43,0,3,3,3,1,10,60,4,4,0,0,0,0,0,00-0040583,0,LG,00-0035933,00-0038557,,0,0,,,,,,,,,,,,,,,,,,,,0,,,,,,,0,,,,0,,,0,,,,0,,,0,,-0.19,,0,4
7024,1154245,(4:03) 12-N.Collins right end pushed ob at BUF 29 for 7 yards (22-C.Gardner-Johnson).,HST,BUF,RUSH,43,1,4,3,0,3,3,3,2,6,64,4,7,1,1,0,0,0,00-0036554,0,RE,00-0035253,,,0,0,,,,,,,,,,,,,,,,,,,,0,,,,,,,0,,,,0,,,0,,,,0,,,0,,0.907,,0,4
7024,1154246,(3:20) 57-B.Fisher reported in as eligible. 32-D.Montgomery left end to BUF 27 for 2 yards (97-G.Gaines; 8-T.Bernard).,HST,BUF,RUSH,43,1,3,20,0,3,3,3,1,10,71,4,2,0,0,0,0,0,00-0035685,0,LE,00-0035667,00-0037254,,0,0,,,,,,,,,,,,,,,,,,,,0,,,,,,,0,,,,0,,,0,,,,0,,,0,,-0.343,,0,4
7024,1154247,(2:37) 7-C.Stroud pass incomplete deep right to 14-K.Boutte.,HST,BUF,PASS,7,1,2,37,0,3,3,3,2,8,73,4,0,0,0,0,0,0,,0,,,,00-0039163,0,0,DR,00-0038608,,18,,,,,,,,,,,,,,,,0,,,,,,,0,,,,0,,,0,,,,0,,,0,,-0.634,00-0039163,0,5
7024,1154248,(2:30) (Shotgun) 7-C.Stroud pass deep right to 12-N.Collins pushed ob at BUF 2 for 25 yards (22-C.Gardner-Johnson).,HST,BUF,PASS,37,1,2,30,0,3,3,3,3,8,73,4,25,1,1,1,0,0,,0,,,,00-0039163,1,0,DR,00-0036554,,24,00-0035253,,,,,,,,,,,,,,,0,,,,,,,0,,,,0,,,0,,,,0,,,0,,3.033,00-0039163,0,6
7024,1154249,"(1:53) 32-D.Montgomery right guard to BUF 1 for 1 yard (8-T.Bernard, 9-B.Chubb).",HST,BUF,RUSH,38,1,1,53,0,3,3,3,1,2,98,5,1,0,0,0,0,0,00-0035685,0,RG,00-0037254,00-0034832,,0,0,,,,,,,,,,,,,,,,,,,,0,,,,,,,0,,,,0,,,0,,,,0,,,0,,-0.077,,0,4
7024,1154250,(1:15) 57-B.Fisher reported in as eligible. 32-D.Montgomery right tackle to BUF 1 for no gain (96-D.Walker; 42-D.Williams).,HST,BUF,RUSH,38,1,1,15,0,3,3,3,2,1,99,5,0,0,0,0,0,0,00-0035685,0,RT,00-0040710,00-0038557,,0,0,,,,,,,,,,,,,,,,,,,,0,,,,,,,0,,,,0,,,0,,,,0,,,0,,-0.385,,0,3
7024,1154251,"(:37) 32-D.Montgomery right guard for 1 yard, TOUCHDOWN.",HST,BUF,RUSH,5,1,0,37,0,3,3,3,3,1,99,5,1,1,1,0,0,6,00-0035685,0,RG,,,,0,0,,,,,,,,,,,,,,,,,,,,0,,,,,,,0,,,,0,,,0,,,,0,,,1,RUSH,1.048,,0,3
7024,1154252,"15-K.Fairbairn extra point is GOOD, Center-40-A.Brinkman, Holder-38-K.Kroeger.",HST,BUF,FGXP,0,1,0,32,6,3,3,3,0,0,85,5,0,1,0,0,0,1,,0,,,,,0,0,,,,,,,,,,,,,,,,,,,,0,,,,XP,00-0032726,33,1,,,,0,,,0,,,,0,,,0,,0.069,,0,
7024,1154253,15-K.Fairbairn kicks 64 yards from HOU 35 to BUF 1. 19-G.Dortch to BUF 38 for 37 yards (22-J.Smith).,BUF,HST,KOFF,7,1,0,32,3,7,3,3,0,0,65,4,0,1,0,0,0,0,,0,,,,,0,0,,,,,,,,,,,,,,,,,,,,0,,,,,,,0,,,,0,,,0,00-0032726,64,27,0,00-0035500,37,0,,0.713,,0,
7024,1154254,(:25) (Shotgun) 17-J.Allen pass deep middle to 10-K.Shakir to HOU 43 for 19 yards (2-C.Bullock).,BUF,HST,PASS,25,1,0,25,3,7,3,3,1,10,38,2,19,1,1,1,0,0,,0,,,,00-0034857,1,0,DM,00-0037261,,19,00-0039838,,,,,,,,,,,,,,,0,,,,,,,0,,,,0,,,0,,,,0,,,0,,1.16,00-0034857,0,5
7024,1154255,"(15:00) (Shotgun) 17-J.Allen pass incomplete deep right [39-H.To'oTo'o]. PENALTY on BUF-64-O.Torrence, Ineligible Downfield Pass, 5 yards, enforced at HOU 43 - No Play.",BUF,HST,NOPL,8,2,15,0,3,7,3,3,1,10,57,3,0,0,0,1,0,0,,0,,,,00-0034857,0,0,,,,0,,,,,BUF,00-0038548,Ineligible Downfield Pass,-5,NA,,,,,,,0,,,,,,,0,,,,0,,,0,,,,0,,,0,,-0.637,00-0034857,0,5
7024,1154256,"(14:52) (Shotgun) 17-J.Allen pass incomplete short right to 86-D.Kincaid. Penalty on BUF-66-C.McGovern, Ineligible Downfield Pass, declined.",BUF,HST,PASS,4,2,14,52,3,7,3,3,1,15,52,3,0,0,0,1,0,0,,0,,,,00-0034857,0,0,SR,00-0038933,,6,,,,,,,,,,,,,,,,0,,,,,,,0,,,,0,,,0,,,,0,,,0,,-0.563,00-0034857,0,5
7024,1154257,(14:48) (Shotgun) 17-J.Allen pass short right to 10-K.Shakir to HOU 32 for 16 yards (0-A.Al-Shaair; 5-J.Pitre).,BUF,HST,PASS,41,2,14,48,3,7,3,3,2,15,52,3,16,1,1,1,0,0,,0,,,,00-0034857,1,0,SR,00-0037261,,13,00-0035166,00-0037246,,,,,,,,,,,,,,0,,,,,,,0,,,,0,,,0,,,,0,,,0,,2.124,00-0034857,0,5
7024,1154258,(14:07) 4-J.Cook right end pushed ob at HOU 25 for 7 yards (24-D.Stingley).,BUF,HST,RUSH,35,2,14,7,3,7,3,3,1,10,68,4,7,1,0,0,0,0,00-0037248,0,RE,00-0037237,,,0,0,,,,,,,,,,,,,,,,,,,,0,,,,,,,0,,,,0,,,0,,,,0,,,0,,0.372,,0,5
7024,1154259,(13:32) 4-J.Cook left guard to HOU 21 for 4 yards (0-A.Al-Shaair).,BUF,HST,RUSH,35,2,13,32,3,7,3,3,2,3,75,4,4,1,1,0,0,0,00-0037248,0,LG,00-0035166,,,0,0,,,,,,,,,,,,,,,,,,,,0,,,,,,,0,,,,0,,,0,,,,0,,,0,,0.365,,0,5
7024,1154260,"(12:57) (Shotgun) 17-J.Allen scrambles right end for 21 yards, TOUCHDOWN.",BUF,HST,RUSH,11,2,12,57,3,7,3,3,1,10,79,4,21,1,1,1,0,6,00-0034857,0,RE,,,,0,0,,,,,,,,,,,,,,,,,,,,0,,,,,,,0,,,,0,,,0,,,,0,,,1,RUSH,2.38,00-0034857,0,5
7024,1154261,"16-T.Bass extra point is GOOD, Center-69-R.Ferguson, Holder-39-T.Doman.",BUF,HST,FGXP,0,2,12,46,9,7,3,3,0,0,85,5,0,1,0,0,0,1,,0,,,,,0,0,,,,,,,,,,,,,,,,,,,,0,,,,XP,00-0036162,33,1,,,,0,,,0,,,,0,,,0,,0.069,,0,
7024,1154262,16-T.Bass kicks 62 yards from BUF 35 to HOU 3. 4-W.Marks to HOU 25 for 22 yards (44-J.Andreessen).,HST,BUF,KOFF,7,2,12,46,7,10,3,3,0,0,65,4,0,0,0,0,0,0,,0,,,,,0,0,,,,,,,,,,,,,,,,,,,,0,,,,,,,0,,,,0,,,0,00-0036162,62,40,0,00-0040583,22,0,,-0.007,,0,
7024,1154263,(12:39) 7-C.Stroud pass short right to 87-F.Moreau to HOU 31 for 6 yards (24-C.Bishop).,HST,BUF,PASS,43,2,12,39,7,10,3,3,1,10,25,2,6,1,0,0,0,0,,0,,,,00-0039163,1,0,SR,00-0034981,,1,00-0039872,,,,,,,,,,,,,,,0,,,,,,,0,,,,0,,,0,,,,0,,,0,,0.138,00-0039163,0,5
7024,1154264,(11:56) (Shotgun) 4-W.Marks left tackle to HOU 35 for 4 yards (8-T.Bernard).,HST,BUF,RUSH,41,2,11,56,7,10,3,3,2,4,31,2,4,1,1,1,0,0,00-0040583,0,LT,00-0037254,,,0,0,,,,,,,,,,,,,,,,,,,,0,,,,,,,0,,,,0,,,0,,,,0,,,0,,0.376,,0,4
7024,1154265,"(11:15) (Shotgun) 7-C.Stroud pass short left to 12-N.Collins to HOU 38 for 3 yards (8-T.Bernard; 47-C.Benford). PENALTY on BUF-23-D.Alford, Defensive Holding, 5 yards, enforced at HOU 35 - No Play.",HST,BUF,NOPL,24,2,11,15,7,10,3,3,1,10,35,2,0,1,1,1,0,0,,0,,,,00-0039163,0,0,,,,0,,,,,BUF,00-0037034,Defensive Holding,5,NA,,,,,,,0,,,,,,,0,,,,0,,,0,,,,0,,,0,,0.346,00-0039163,0,5
7024,1154266,(10:51) 7-C.Stroud pass incomplete short middle to 86-D.Schultz [15-G.Rousseau].,HST,BUF,PASS,4,2,10,51,7,10,3,3,1,10,40,3,0,0,0,0,0,0,,0,,,,00-0039163,0,0,SM,00-0034383,,-8,,,,,,,,,,,,,,,,0,,,,,,,0,,,,0,,,0,,,,0,,,0,,-0.502,00-0039163,0,5
7024,1154267,(10:47) (Shotgun) 7-C.Stroud pass short left to 4-W.Marks to HOU 38 for -2 yards (96-D.Walker).,HST,BUF,PASS,41,2,10,47,7,10,3,3,2,10,40,3,-2,0,0,1,0,0,,0,,,,00-0039163,1,0,SL,00-0040583,,-2,00-0040710,,,,,,,,,,,,,,,0,,,,,,,0,,,,0,,,0,,,,0,,,0,,-1.374,00-0039163,0,5
7024,1154268,(10:06) (Shotgun) 7-C.Stroud scrambles up the middle to BUF 47 for 15 yards (8-T.Bernard).,HST,BUF,RUSH,48,2,10,6,7,10,3,3,3,12,38,2,15,1,1,1,0,0,00-0039163,0,RM,00-0037254,,,0,0,,,,,,,,,,,,,,,,,,,,0,,,,,,,0,,,,0,,,0,,,,0,,,0,,2.595,00-0039163,1,6
7024,1154269,(9:18) (Shotgun) 57-B.Fisher reported in as eligible. 32-D.Montgomery left guard to BUF 41 for 6 yards (55-M.Hoecht).,HST,BUF,RUSH,37,2,9,18,7,10,3,3,1,10,53,3,6,1,0,1,0,0,00-0035685,0,LG,00-0035933,,,0,0,,,,,,,,,,,,,,,,,,,,0,,,,,,,0,,,,0,,,0,,,,0,,,0,,0.277,,0,4
7024,1154270,(8:41) 32-D.Montgomery right end to BUF 38 for 3 yards (8-T.Bernard; 1-M.Hairston).,HST,BUF,RUSH,40,2,8,41,7,10,3,3,2,4,59,3,3,0,0,0,0,0,00-0035685,0,RE,00-0037254,00-0040709,,0,0,,,,,,,,,,,,,,,,,,,,0,,,,,,,0,,,,0,,,0,,,,0,,,0,,-0.107,,0,5
7024,1154271,(8:01) 32-D.Montgomery right tackle to BUF 36 for 2 yards (97-G.Gaines).,HST,BUF,RUSH,40,2,8,1,7,10,3,3,3,1,62,4,2,1,1,0,0,0,00-0035685,0,RT,00-0035667,,,0,0,,,,,,,,,,,,,,,,,,,,0,,,,,,,0,,,,0,,,0,,,,0,,,0,,0.435,,0,4
7024,1154272,Timeout #1 by HOU at 07:21.,NA,NA,NOPL,0,2,7,21,0,0,0,0,0,0,NA,1,0,0,0,0,0,0,,0,,,,,0,0,,,,,,,,,,,,,,,,,,,,0,,,,,,,0,,,,0,,,0,,,,0,,,0,,0,,0,
7024,1154273,(7:21) (Shotgun) 57-B.Fisher reported in as eligible. 7-C.Stroud pass incomplete short left to 86-D.Schultz [15-G.Rousseau].,HST,BUF,PASS,5,2,7,21,7,10,2,3,1,10,64,4,0,0,0,1,0,0,,0,,,,00-0039163,0,0,SL,00-0034383,,15,,,,,,,,,,,,,,,,0,,,,,,,0,,,,0,,,0,,,,0,,,0,,-0.429,00-0039163,1,4
7024,1154274,(7:16) (Shotgun) 4-W.Marks up the middle to BUF 24 for 12 yards (24-C.Bishop; 23-D.Alford).,HST,BUF,RUSH,43,2,7,16,7,10,2,3,2,10,64,4,12,1,1,1,0,0,00-0040583,0,RM,00-0039872,00-0037034,,0,0,,,,,,,,,,,,,,,,,,,,0,,,,,,,0,,,,0,,,0,,,,0,,,0,,1.268,,0,5
7024,1154275,(6:33) (Shotgun) 7-C.Stroud pass short left to 8-C.Stover to BUF 26 for -2 yards (8-T.Bernard) [9-B.Chubb].,HST,BUF,PASS,44,2,6,33,7,10,2,3,1,10,76,4,-2,0,0,1,0,0,,0,,,,00-0039163,1,0,SL,00-0039359,,-2,00-0037254,,,,,,,,,,,,,,,0,,,,,,,0,,,,0,,,0,,,,0,,,0,,-0.937,00-0039163,0,4
7024,1154276,(5:49) (Shotgun) 7-C.Stroud pass short right to 19-X.Hutchinson to BUF 23 for 3 yards (22-C.Gardner-Johnson; 96-D.Walker).,HST,BUF,PASS,46,2,5,49,7,10,2,3,2,12,74,4,3,0,0,1,0,0,,0,,,,00-0039163,1,0,SR,00-0038618,,-4,00-0035253,00-0040710,,,,,,,,,,,,,,0,,,,,,,0,,,,0,,,0,,,,0,,,0,,-0.053,00-0039163,0,5
7024,1154277,"(5:03) (Shotgun) 7-C.Stroud pass incomplete deep right. PENALTY on BUF-3-D.Hamlin, Defensive Holding, 5 yards, enforced at BUF 23 - No Play.",HST,BUF,NOPL,10,2,5,3,7,10,2,3,3,9,77,4,0,1,1,1,0,0,,0,,,,00-0039163,0,0,,,,0,,,,,BUF,00-0036888,Defensive Holding,5,NA,,,,,,,0,,,,,,,0,,,,0,,,0,,,,0,,,0,,1.346,00-0039163,1,6
7024,1154278,"(4:53) (Shotgun) 32-D.Montgomery up the middle for 18 yards, TOUCHDOWN.",HST,BUF,RUSH,5,2,4,53,7,10,2,3,1,10,82,5,18,1,1,1,0,6,00-0035685,0,RM,,,,0,0,,,,,,,,,,,,,,,,,,,,0,,,,,,,0,,,,0,,,0,,,,0,,,1,RUSH,2.185,,0,4
7024,1154279,"15-K.Fairbairn extra point is GOOD, Center-40-A.Brinkman, Holder-38-K.Kroeger.",HST,BUF,FGXP,0,2,4,48,13,10,2,3,0,0,85,5,0,1,0,0,0,1,,0,,,,,0,0,,,,,,,,,,,,,,,,,,,,0,,,,XP,00-0032726,33,1,,,,0,,,0,,,,0,,,0,,0.069,,0,
7024,1154280,"15-K.Fairbairn kicks 65 yards from HOU 35 to end zone, Touchback to the BUF 35.",BUF,HST,KOFF,0,2,4,48,10,14,3,2,0,0,65,4,0,1,0,0,0,0,,0,,,,,0,0,,,,,,,,,,,,,,,,,,,,0,,,,,,,0,,,,0,,,0,00-0032726,65,65,1,,0,0,,0.613,,0,
7024,1154281,(4:48) 17-J.Allen pass deep left to 2-D.Moore to HOU 47 for 18 yards (2-C.Bullock; 3-K.Lassiter).,BUF,HST,PASS,35,2,4,48,10,14,3,2,1,10,35,2,18,1,1,0,0,0,,0,,,,00-0034857,1,0,DL,00-0034827,,17,00-0039838,00-0039343,,,,,,,,,,,,,,0,,,,,,,0,,,,0,,,0,,,,0,,,0,,1.264,00-0034857,0,5
7024,1154282,"(4:13) 17-J.Allen pass incomplete deep left to 2-D.Moore (3-K.Lassiter). PENALTY on HOU-3-K.Lassiter, Defensive Pass Interference, 46 yards, enforced at HOU 47 - No Play.",BUF,HST,NOPL,8,2,4,13,10,14,3,2,1,10,53,3,0,1,1,0,0,0,,0,,,,00-0034857,0,0,,,,0,,,,,HST,00-0039343,Defensive Pass Interference,46,NA,,,,,,,0,,,,,,,0,,,,0,,,0,,,,0,,,0,,3.554,00-0034857,0,5
7024,1154283,(4:05) 17-J.Allen pass incomplete short right to 10-K.Shakir (5-J.Pitre).,BUF,HST,PASS,3,2,4,5,10,14,3,2,1,1,99,5,0,0,0,0,0,0,,0,,,,00-0034857,0,0,SR,00-0037261,00-0037246,0,,,,,,,,,,,,,,,,0,,,,,,,0,,,,0,,,0,,,,0,,,0,,-0.221,00-0034857,0,3
7024,1154284,"(4:02) 17-J.Allen up the middle for 1 yard, TOUCHDOWN.",BUF,HST,RUSH,3,2,4,2,10,14,3,2,2,1,99,5,1,1,1,0,0,6,00-0034857,0,RM,,,,0,0,,,,,,,,,,,,,,,,,,,,0,,,,,,,0,,,,0,,,0,,,,0,,,1,RUSH,0.733,,0,3
7024,1154285,"16-T.Bass extra point is GOOD, Center-69-R.Ferguson, Holder-39-T.Doman.",BUF,HST,FGXP,0,2,3,59,16,14,3,2,0,0,85,5,0,1,0,0,0,1,,0,,,,,0,0,,,,,,,,,,,,,,,,,,,,0,,,,XP,00-0036162,33,1,,,,0,,,0,,,,0,,,0,,0.069,,0,
7024,1154286,16-T.Bass kicks 65 yards from BUF 35 to HOU 0. 11-T.Smith to HOU 26 for 26 yards (99-T.Parker; 56-J.Solomon).,HST,BUF,KOFF,8,2,3,59,14,17,2,3,0,0,65,4,0,1,0,0,0,0,,0,,,,,0,0,,,,,,,,,,,,,,,,,,,,0,,,,,,,0,,,,0,,,0,00-0036162,65,39,0,00-0034278,26,0,,0.08,,0,
7024,1154287,"(3:51) (Shotgun) 7-C.Stroud pass short right to 17-J.Wayne pushed ob at HOU 33 for 7 yards (22-C.Gardner-Johnson). PENALTY on BUF-21-D.Igbinosun, Defensive Holding, 5 yards, enforced at HOU 26 - No Play.",HST,BUF,NOPL,18,2,3,51,14,17,2,3,1,10,26,2,0,1,1,1,0,0,,0,,,,00-0039163,0,0,,,,0,,,,,BUF,00-0041391,Defensive Holding,5,NA,,,,,,,0,,,,,,,0,,,,0,,,0,,,,0,,,0,,0.388,00-0039163,0,4
7024,1154288,(3:33) 32-D.Montgomery up the middle to HOU 36 for 5 yards (99-T.Parker; 24-C.Bishop). BUF-24-C.Bishop was injured during the play.,HST,BUF,RUSH,28,2,3,33,14,17,2,3,1,10,31,2,5,0,0,0,0,0,00-0035685,0,RM,00-0041036,00-0039872,,0,0,,,,,,,,,,,,,,,,,,,,0,,,,,,,0,,,,0,,,0,,,,0,,,0,,-0.054,,0,4
7024,1154289,(3:05) 7-C.Stroud pass short middle to 32-D.Montgomery to HOU 39 for 3 yards (42-D.Williams).,HST,BUF,PASS,39,2,3,5,14,17,2,3,2,5,36,2,3,0,0,0,0,0,,0,,,,00-0039163,1,0,SM,00-0035685,,3,00-0038557,,,,,,,,,,,,,,,0,,,,,,,0,,,,0,,,0,,,,0,,,0,,-0.105,00-0039163,1,4
7024,1154290,(2:26) (Shotgun) 7-C.Stroud pass incomplete short left to 19-X.Hutchinson (21-D.Igbinosun).,HST,BUF,PASS,4,2,2,26,14,17,2,3,3,2,39,2,0,0,0,1,0,0,,0,,,,00-0039163,0,0,SL,00-0038618,00-0041391,3,,,,,,,,,,,,,,,,0,,,,,,,0,,,,0,,,0,,,,0,,,0,,-1.453,00-0039163,0,5
7024,1154291,"(2:22) 38-K.Kroeger punts 57 yards to BUF 4, Center-40-A.Brinkman, downed by HOU-11-T.Smith.",HST,BUF,PUNT,12,2,2,22,14,17,2,3,4,2,39,2,0,1,0,0,0,0,,0,,,,,0,0,,,,,,,,,,,,,,,,,,,,0,,,,,,,0,00-0040654,57,57,0,,0,0,,,,0,,,0,,0.111,,0,
7024,1154292,(2:10) 17-J.Allen pass deep right to 86-D.Kincaid to BUF 42 for 38 yards (24-D.Stingley).,BUF,HST,PASS,10,2,2,10,17,14,3,2,1,10,4,1,38,1,1,0,0,0,,0,,,,00-0034857,1,0,DR,00-0038933,,38,00-0037237,,,,,,,,,,,,,,,0,,,,,,,0,,,,0,,,0,,,,0,,,0,,1.936,00-0034857,0,4
7024,1154293,(2:00) (Shotgun) 17-J.Allen pass short middle to 2-D.Moore to HOU 43 for 15 yards (6-R.Blankenship).,BUF,HST,PASS,21,2,2,0,17,14,3,2,1,10,42,3,15,1,1,1,0,0,,0,,,,00-0034857,1,0,SM,00-0034827,,14,00-0037130,,,,,,,,,,,,,,,0,,,,,,,0,,,,0,,,0,,,,0,,,0,,0.817,00-0034857,0,5
7024,1154294,"(1:39) (No Huddle, Shotgun) 17-J.Allen pass deep right to 2-D.Moore for 43 yards, TOUCHDOWN.",BUF,HST,PASS,10,2,1,39,17,14,3,2,1,10,57,3,43,1,1,1,1,6,,0,,,,00-0034857,1,0,DR,00-0034827,,24,,,,,,,,,,,,,,,,0,,,,,,,0,,,,0,,,0,,,,0,,,1,REC,4.162,00-0034857,0,5
7024,1154295,"16-T.Bass extra point is GOOD, Center-69-R.Ferguson, Holder-39-T.Doman.",BUF,HST,FGXP,0,2,1,29,23,14,3,2,0,0,85,5,0,1,0,0,0,1,,0,,,,,0,0,,,,,,,,,,,,,,,,,,,,0,,,,XP,00-0036162,33,1,,,,0,,,0,,,,0,,,0,,0.069,,0,
7024,1154296,"16-T.Bass kicks 62 yards from BUF 35 to HOU 3. 13-J.Noel to HOU 24 for 21 yards (83-K.Latu). PENALTY on HOU-36-G.Odum, Offensive Holding, 10 yards, enforced at HOU 24.",HST,BUF,KOFF,5,2,1,29,14,24,2,3,0,0,65,4,0,0,0,0,0,0,,0,,,,,0,0,,,,,,,,,HST,00-0034091,Offensive Holding,-10,NA,,,,,,,0,,,,,,,0,,,,0,,,0,00-0036162,62,41,0,00-0040138,21,0,,-0.704,,0,
7024,1154297,(1:24) (Shotgun) 7-C.Stroud pass short left to 86-D.Schultz to HOU 23 for 9 yards (52-K.Elarms-Orr; 22-C.Gardner-Johnson).,HST,BUF,PASS,21,2,1,24,14,24,2,3,1,10,14,1,9,1,0,1,0,0,,0,,,,00-0039163,1,0,SL,00-0034383,,6,00-0041444,00-0035253,,,,,,,,,,,,,,0,,,,,,,0,,,,0,,,0,,,,0,,,0,,0.319,00-0039163,0,5
7024,1154298,"(1:03) (No Huddle, Shotgun) 7-C.Stroud pass incomplete deep left to 12-N.Collins. PENALTY on BUF-47-C.Benford, Defensive Pass Interference, 21 yards, enforced at HOU 23 - No Play.",HST,BUF,NOPL,5,2,1,3,14,24,2,3,2,1,23,2,0,1,1,1,1,0,,0,,,,00-0039163,0,0,,,,0,,,,,BUF,00-0037288,Defensive Pass Interference,21,NA,,,,,,,0,,,,,,,0,,,,0,,,0,,,,0,,,0,,1.054,00-0039163,0,5
7024,1154299,(:58) (Shotgun) 7-C.Stroud pass short left to 19-X.Hutchinson to BUF 47 for 9 yards (47-C.Benford; 52-K.Elarms-Orr).,HST,BUF,PASS,18,2,0,58,14,24,2,3,1,10,44,3,9,1,0,1,0,0,,0,,,,00-0039163,1,0,SL,00-0038618,,5,00-0037288,00-0041444,,,,,,,,,,,,,,0,,,,,,,0,,,,0,,,0,,,,0,,,0,,0.464,00-0039163,0,5
7024,1154300,"(:40) (No Huddle, Shotgun) 7-C.Stroud pass short middle to 13-J.Noel pushed ob at BUF 12 for 35 yards (22-C.Gardner-Johnson).",HST,BUF,PASS,9,2,0,40,14,24,2,3,2,1,53,3,35,1,1,1,1,0,,0,,,,00-0039163,1,0,SM,00-0040138,,12,00-0035253,,,,,,,,,,,,,,,0,,,,,,,0,,,,0,,,0,,,,0,,,0,,2.437,00-0039163,0,5
7024,1154301,"(:31) (Shotgun) 7-C.Stroud pass short middle to 12-N.Collins for 12 yards, TOUCHDOWN.",HST,BUF,PASS,5,2,0,31,14,24,2,3,1,10,88,5,12,1,1,1,0,6,,0,,,,00-0039163,1,0,SM,00-0036554,,12,,,,,,,,,,,,,,,,0,,,,,,,0,,,,0,,,0,,,,0,,,1,REC,2.211,00-0039163,0,5
7024,1154302,"15-K.Fairbairn extra point is GOOD, Center-40-A.Brinkman, Holder-38-K.Kroeger.",HST,BUF,FGXP,0,2,0,26,20,24,2,3,0,0,85,5,0,1,0,0,0,1,,0,,,,,0,0,,,,,,,,,,,,,,,,,,,,0,,,,XP,00-0032726,33,1,,,,0,,,0,,,,0,,,0,,0.069,,0,
7024,1154303,"15-K.Fairbairn kicks 60 yards from HOU 35 to BUF 5. 7-R.Davis to BUF 46 for 41 yards (8-C.Stover; 15-K.Fairbairn). PENALTY on BUF-44-J.Andreessen, Offensive Holding, 10 yards, enforced at BUF 27.",BUF,HST,KOFF,8,2,0,26,24,21,3,2,0,0,65,4,0,0,0,0,0,0,,0,,,,,0,0,,,,,,,,,BUF,00-0039763,Offensive Holding,-10,NA,,,,,,,0,,,,,,,0,,,,0,,,0,00-0032726,60,38,0,00-0039875,22,0,,-0.299,,0,
7024,1154304,(:18) (Shotgun) 17-J.Allen pass incomplete deep middle to 2-D.Moore (2-C.Bullock).,BUF,HST,PASS,8,2,0,18,24,21,3,2,1,10,17,1,0,0,0,1,0,0,,0,,,,00-0034857,0,0,DM,00-0034827,00-0039838,50,,,,,,,,,,,,,,,,0,,,,,,,0,,,,0,,,0,,,,0,,,0,,-0.057,00-0034857,1,5
7024,1154305,(:10) 20-F.Gore up the middle to BUF 20 for 3 yards (51-W.Anderson; 98-S.Rankins).,BUF,HST,RUSH,10,2,0,10,24,21,3,2,2,10,17,1,3,0,0,0,0,0,00-0039471,0,RM,00-0039108,00-0032759,,0,0,,,,,,,,,,,,,,,,,,,,0,,,,,,,0,,,,0,,,0,,,,0,,,0,,-0.059,,0,5
7024,1154306,16-T.Bass kicks 62 yards from BUF 35 to HOU 3. 4-W.Marks to HOU 34 for 31 yards (21-D.Igbinosun; 55-M.Hoecht).,HST,BUF,KOFF,5,3,15,0,21,24,3,3,0,0,65,4,0,1,0,0,0,0,,0,,,,,0,0,,,,,,,,,,,,,,,,,,,,0,,,,,,,0,,,,0,,,0,00-0036162,62,31,0,00-0040583,31,0,,0.494,,0,
7024,1154307,(14:55) (Shotgun) 32-D.Montgomery left guard to HOU 39 for 5 yards (94-L.Jackson). ** Injury Update: BUF-24-C.Bishop has returned to the game.,HST,BUF,RUSH,36,3,14,55,21,24,3,3,1,10,34,2,5,1,0,1,0,0,00-0035685,0,LG,00-0040132,,,0,0,,,,,,,,,,,,,,,,,,,,0,,,,,,,0,,,,0,,,0,,,,0,,,0,,0.092,,0,4
7024,1154308,(14:19) 57-B.Fisher reported in as eligible. 32-D.Montgomery right tackle to HOU 39 for no gain (15-G.Rousseau).,HST,BUF,RUSH,40,3,14,19,21,24,3,3,2,5,39,2,0,0,0,0,0,0,00-0035685,0,RT,00-0036914,,,0,0,,,,,,,,,,,,,,,,,,,,0,,,,,,,0,,,,0,,,0,,,,0,,,0,,-0.921,,0,5
7024,1154309,"(13:39) (Shotgun) 7-C.Stroud pass short middle to 14-K.Boutte to HOU 45 for 6 yards (55-M.Hoecht). PENALTY on HOU-32-D.Montgomery, Chop Block, 15 yards, enforced at HOU 39 - No Play.",HST,BUF,NOPL,15,3,13,39,21,24,3,3,3,5,39,2,0,0,0,1,0,0,,0,,,,00-0039163,0,0,,,,0,,,,,HST,00-0035685,Chop Block,-15,NA,,,,,,,0,,,,,,,0,,,,0,,,0,,,,0,,,0,,-1.748,00-0039163,0,5
7024,1154310,(13:24) (Shotgun) 7-C.Stroud pass incomplete short left to 86-D.Schultz [9-B.Chubb]. HOU-63-E.Brown was injured during the play.,HST,BUF,PASS,5,3,13,24,21,24,3,3,3,20,24,2,0,0,0,1,0,0,,0,,,,00-0039163,0,0,SL,00-0034383,,5,,,,,,,,,,,,,,,,0,,,,,,,0,,,,0,,,0,,,,0,,,0,,-1.118,00-0039163,1,6
7024,1154311,"(13:19) 38-K.Kroeger punts 48 yards to BUF 28, Center-40-A.Brinkman. 19-G.Dortch pushed ob at BUF 36 for 8 yards (8-C.Stover; 30-W.Woodaz). PENALTY on BUF-28-S.Franklin, Illegal Blindside Block, 14 yards, enforced at BUF 28.",HST,BUF,PUNT,9,3,13,19,21,24,3,3,4,20,24,2,0,1,0,0,0,0,,0,,,,,0,0,,,,,,,,,BUF,00-0036037,Illegal Blindside Block,14,NA,,,,,,,0,,,,,,,0,00-0040654,48,48,0,00-0035500,0,0,,,,0,,,0,,1.363,,0,
7024,1154312,(13:10) 4-J.Cook right tackle to BUF 15 for 1 yard (0-A.Al-Shaair).,BUF,HST,RUSH,37,3,13,10,24,21,3,3,1,10,14,1,1,0,0,0,0,0,00-0037248,0,RT,00-0035166,,,0,0,,,,,,,,,,,,,,,,,,,,0,,,,,,,0,,,,0,,,0,,,,0,,,0,,-0.559,,0,5
7024,1154313,(12:33) (Shotgun) 17-J.Allen pass short right to 10-K.Shakir to BUF 18 for 3 yards (98-S.Rankins; 6-R.Blankenship).,BUF,HST,PASS,32,3,12,33,24,21,3,3,2,9,15,1,3,0,0,1,0,0,,0,,,,00-0034857,1,0,SR,00-0037261,,-2,00-0032759,00-0037130,,,,,,,,,,,,,,0,,,,,,,0,,,,0,,,0,,,,0,,,0,,-0.407,00-0034857,0,5
7024,1154314,(12:01) (Shotgun) 17-J.Allen pass deep right to 2-D.Moore ran ob at BUF 35 for 17 yards.,BUF,HST,PASS,26,3,12,1,24,21,3,3,3,6,18,1,17,1,1,1,0,0,,0,,,,00-0034857,1,0,DR,00-0034827,,17,,,,,,,,,,,,,,,,0,,,,,,,0,,,,0,,,0,,,,0,,,0,,2.252,00-0034857,0,5
7024,1154315,(11:35) 4-J.Cook right tackle to BUF 36 for 1 yard (0-A.Al-Shaair; 98-S.Rankins).,BUF,HST,RUSH,41,3,11,35,24,21,3,3,1,10,35,2,1,0,0,0,0,0,00-0037248,0,RT,00-0035166,00-0032759,,0,0,,,,,,,,,,,,,,,,,,,,0,,,,,,,0,,,,0,,,0,,,,0,,,0,,-0.389,,0,5
7024,1154316,"(10:54) (Shotgun) 17-J.Allen pass short middle to 10-K.Shakir to BUF 46 for 10 yards (0-A.Al-Shaair; 39-H.To'oTo'o). PENALTY on BUF-70-A.Anderson, Offensive Holding, 10 yards, enforced at BUF 36 - No Play.",BUF,HST,NOPL,23,3,10,54,24,21,3,3,2,9,36,2,0,0,0,1,0,0,,0,,,,00-0034857,0,0,,,,0,,,,,BUF,00-0037428,Offensive Holding,-10,NA,,,,,,,0,,,,,,,0,,,,0,,,0,,,,0,,,0,,-1.063,00-0034857,0,5
7024,1154317,"(10:31) (Shotgun) 17-J.Allen pass incomplete deep left. Penalty on BUF-73-D.Dawkins, Offensive Holding, declined.",BUF,HST,PASS,13,3,10,31,24,21,3,3,2,19,26,2,0,0,0,1,0,0,,0,,,,00-0034857,0,0,DL,,,24,,,,,,,,,,,,,,,,0,,,,,,,0,,,,0,,,0,,,,0,,,0,,-0.836,00-0034857,1,5
7024,1154318,(10:18) (Shotgun) 17-J.Allen pass short right to 2-D.Moore to BUF 33 for 7 yards (39-H.To'oTo'o).,BUF,HST,PASS,37,3,10,18,24,21,3,3,3,19,26,2,7,0,0,1,0,0,,0,,,,00-0034857,1,0,SR,00-0034827,,4,00-0038599,,,,,,,,,,,,,,,0,,,,,,,0,,,,0,,,0,,,,0,,,0,,-0.614,00-0034857,0,5
7024,1154319,"(9:41) 39-T.Doman punts 63 yards to HOU 4, Center-69-R.Ferguson, downed by BUF-28-S.Franklin.",BUF,HST,PUNT,15,3,9,41,24,21,3,3,4,12,33,2,0,1,0,0,0,0,,0,,,,,0,0,,,,,,,,,,,,,,,,,,,,0,,,,,,,0,00-0041126,63,63,0,,0,0,,,,0,,,0,,1.186,,0,
7024,1154320,(9:26) (Shotgun) 57-B.Fisher reported in as eligible. 4-W.Marks right guard to HOU 2 for -2 yards (91-E.Oliver). ** Injury Update: HOU-63-E.Brown has returned to the game.,HST,BUF,RUSH,40,3,9,26,21,24,3,3,1,10,4,1,-2,0,0,1,0,0,00-0040583,0,RG,00-0035230,,,0,0,,,,,,,,,,,,,,,,,,,,0,,,,,,,0,,,,0,,,0,,,,0,,,0,,-1.184,,0,4
7024,1154321,(8:46) (Shotgun) 7-C.Stroud pass incomplete short middle to 86-D.Schultz (15-G.Rousseau).,HST,BUF,PASS,4,3,8,46,21,24,3,3,2,12,2,1,0,0,0,1,0,0,,0,,,,00-0039163,0,0,SM,00-0034383,00-0036914,6,,,,,,,,,,,,,,,,0,,,,,,,0,,,,0,,,0,,,,0,,,0,,-0.725,00-0039163,0,5
7024,1154322,(8:42) (Shotgun) 4-W.Marks right guard to HOU 9 for 7 yards (3-D.Hamlin; 91-E.Oliver). BUF-8-T.Bernard was injured during the play.,HST,BUF,RUSH,32,3,8,42,21,24,3,3,3,12,2,1,7,0,0,1,0,0,00-0040583,0,RG,00-0036888,00-0035230,,0,0,,,,,,,,,,,,,,,,,,,,0,,,,,,,0,,,,0,,,0,,,,0,,,0,,-0.464,,0,6
7024,1154323,"(8:10) 38-K.Kroeger punts 44 yards to BUF 47, Center-40-A.Brinkman. 19-G.Dortch to HOU 43 for 10 yards (6-R.Blankenship; 35-J.Hansen). HOU-33-J.Hummel was injured during the play.",HST,BUF,PUNT,12,3,8,10,21,24,3,3,4,5,9,1,0,0,0,0,0,0,,0,,,,,0,0,,,,,,,,,,,,,,,,,,,,0,,,,,,,0,00-0040654,44,34,0,00-0035500,10,0,,,,0,,,0,,-0.792,,0,
7024,1154324,(7:58) 4-J.Cook left guard to HOU 42 for 1 yard (51-W.Anderson).,BUF,HST,RUSH,36,3,7,58,24,21,3,3,1,10,57,3,1,0,0,0,0,0,00-0037248,0,LG,00-0039108,,,0,0,,,,,,,,,,,,,,,,,,,,0,,,,,,,0,,,,0,,,0,,,,0,,,0,,-0.448,,0,5
7024,1154325,"(7:22) (Shotgun) 17-J.Allen pass incomplete deep middle to 2-D.Moore. PENALTY on HOU-97-M.Edwards, Roughing the Passer, 15 yards, enforced at HOU 42 - No Play. Penalty on HOU-3-K.Lassiter, Illegal Contact, declined.",BUF,HST,NOPL,7,3,7,22,24,21,3,3,2,9,58,3,0,1,1,1,0,0,,0,,,,00-0034857,0,0,,,,0,,,,,HST,00-0032265,Roughing the Passer,15,NA,,,,,,,0,,,,,,,0,,,,0,,,0,,,,0,,,0,,1.791,00-0034857,0,5
7024,1154326,(7:15) 17-J.Allen pass short middle to 86-D.Kincaid to HOU 16 for 11 yards (2-C.Bullock).,BUF,HST,PASS,41,3,7,15,24,21,3,3,1,10,73,4,11,1,1,0,0,0,,0,,,,00-0034857,1,0,SM,00-0038933,,11,00-0039838,,,,,,,,,,,,,,,0,,,,,,,0,,,,0,,,0,,,,0,,,0,,0.659,00-0034857,0,5
7024,1154327,(6:34) (Shotgun) 4-J.Cook right guard to HOU 13 for 3 yards (72-T.Togiai).,BUF,HST,RUSH,38,3,6,34,24,21,3,3,1,10,84,5,3,0,0,1,0,0,00-0037248,0,RG,00-0036883,,,0,0,,,,,,,,,,,,,,,,,,,,0,,,,,,,0,,,,0,,,0,,,,0,,,0,,-0.185,,0,5
7024,1154328,(5:56) (Shotgun) 17-J.Allen sacked at HOU 18 for -5 yards (sack split by 97-M.Edwards and 51-W.Anderson).,BUF,HST,PASS,45,3,5,56,24,21,3,3,2,7,87,5,-5,0,0,1,0,0,,0,,,,,0,0,,,,,,,00-0032265,00-0039108,,,,,,,,,,,,0,,,,,,,0,,,,0,,,0,,,,0,,,0,,-1.43,00-0034857,0,5
7024,1154329,(5:11) (Shotgun) 17-J.Allen pass short right to 10-K.Shakir to HOU 16 for 2 yards (0-A.Al-Shaair).,BUF,HST,PASS,44,3,5,11,24,21,3,3,3,12,82,5,2,0,0,1,0,0,,0,,,,00-0034857,1,0,SR,00-0037261,,-5,00-0035166,,,,,,,,,,,,,,,0,,,,,,,0,,,,0,,,0,,,,0,,,0,,-0.66,00-0034857,0,5
7024,1154330,"(4:27) 16-T.Bass 34 yard field goal is GOOD, Center-69-R.Ferguson, Holder-39-T.Doman.",BUF,HST,FGXP,3,3,4,27,24,21,3,3,4,10,84,5,0,1,0,0,0,3,,0,,,,,0,0,,,,,,,,,,,,,,,,,,,,0,,,,FG,00-0036162,34,1,,,,0,,,0,,,,0,,,0,,0.291,,0,
7024,1154331,16-T.Bass kicks 62 yards from BUF 35 to HOU 3. 4-W.Marks to HOU 28 for 25 yards (55-M.Hoecht; 44-J.Andreessen).,HST,BUF,KOFF,5,3,4,24,21,27,3,3,0,0,65,4,0,1,0,0,0,0,,0,,,,,0,0,,,,,,,,,,,,,,,,,,,,0,,,,,,,0,,,,0,,,0,00-0036162,62,37,0,00-0040583,25,0,,0.102,,0,
7024,1154332,(4:19) 7-C.Stroud pass incomplete deep left. ** Injury Update: BUF-8-T.Bernard has returned to the game.,HST,BUF,PASS,6,3,4,19,21,27,3,3,1,10,28,2,0,0,0,0,0,0,,0,,,,00-0039163,0,0,DL,,,27,,,,,,,,,,,,,,,,0,,,,,,,0,,,,0,,,0,,,,0,,,0,,-0.574,00-0039163,0,4
7024,1154333,(4:13) (Shotgun) 7-C.Stroud pass short middle to 32-D.Montgomery to HOU 37 for 9 yards (42-D.Williams).,HST,BUF,PASS,40,3,4,13,21,27,3,3,2,10,28,2,9,1,0,1,0,0,,0,,,,00-0039163,1,0,SM,00-0035685,,-1,00-0038557,,,,,,,,,,,,,,,0,,,,,,,0,,,,0,,,0,,,,0,,,0,,0.881,00-0039163,0,5
7024,1154334,(3:33) 32-D.Montgomery right guard to HOU 37 for no gain (91-E.Oliver).,HST,BUF,RUSH,43,3,3,33,21,27,3,3,3,1,37,2,0,0,0,0,0,0,00-0035685,0,RG,00-0035230,,,0,0,,,,,,,,,,,,,,,,,,,,0,,,,,,,0,,,,0,,,0,,,,0,,,0,,-1.821,,0,4
7024,1154335,(2:50) 57-B.Fisher reported in as eligible. 32-D.Montgomery right tackle to HOU 39 for 2 yards (47-C.Benford; 56-J.Solomon).,HST,BUF,RUSH,42,3,2,50,21,27,3,3,4,1,37,2,2,1,1,0,0,0,00-0035685,0,RT,00-0037288,00-0039879,,0,0,,,,,,,,,,,,,,,,,,,,0,,,,,,,0,,,,0,,,0,,,,0,,,0,,2.244,,0,4
7024,1154336,(2:08) (Shotgun) 7-C.Stroud pass short right to 87-F.Moreau to HOU 48 for 9 yards (21-D.Igbinosun).,HST,BUF,PASS,33,3,2,8,21,27,3,3,1,10,39,2,9,1,0,1,0,0,,0,,,,00-0039163,1,0,SR,00-0034981,,6,00-0041391,,,,,,,,,,,,,,,0,,,,,,,0,,,,0,,,0,,,,0,,,0,,0.794,00-0039163,1,5
7024,1154337,"(1:35) (No Huddle, Shotgun) 7-C.Stroud pass short middle to 14-K.Boutte to BUF 31 for 21 yards (22-C.Gardner-Johnson).",HST,BUF,PASS,23,3,1,35,21,27,3,3,2,1,48,3,21,1,1,1,1,0,,0,,,,00-0039163,1,0,SM,00-0038608,,14,00-0035253,,,,,,,,,,,,,,,0,,,,,,,0,,,,0,,,0,,,,0,,,0,,1.058,00-0039163,0,5
7024,1154338,"(1:12) (No Huddle, Shotgun) 7-C.Stroud pass incomplete deep left to 12-N.Collins.",HST,BUF,PASS,5,3,1,12,21,27,3,3,1,10,69,4,0,0,0,1,1,0,,0,,,,00-0039163,0,0,DL,00-0036554,,20,,,,,,,,,,,,,,,,0,,,,,,,0,,,,0,,,0,,,,0,,,0,,-0.469,00-0039163,0,5
7024,1154339,(1:07) (Shotgun) 7-C.Stroud pass short middle to 12-N.Collins to BUF 22 for 9 yards (24-C.Bishop).,HST,BUF,PASS,20,3,1,7,21,27,3,3,2,10,69,4,9,1,0,1,0,0,,0,,,,00-0039163,1,0,SM,00-0036554,,9,00-0039872,,,,,,,,,,,,,,,0,,,,,,,0,,,,0,,,0,,,,0,,,0,,0.733,00-0039163,0,5
7024,1154340,(:47) (No Huddle) 7-C.Stroud left guard to BUF 22 for no gain (42-D.Williams).,HST,BUF,RUSH,43,3,0,47,21,27,3,3,3,1,78,4,0,0,0,0,1,0,00-0039163,0,LG,00-0038557,,,0,0,,,,,,,,,,,,,,,,,,,,0,,,,,,,0,,,,0,,,0,,,,0,,,0,,-1.132,,0,5
7024,1154341,(:04) 57-B.Fisher reported in as eligible. 4-W.Marks right guard to BUF 19 for 3 yards (42-D.Williams; 90-D.Carter).,HST,BUF,RUSH,4,3,0,4,21,27,3,3,4,1,78,4,3,1,1,0,0,0,00-0040583,0,RG,00-0038557,00-0039873,,0,0,,,,,,,,,,,,,,,,,,,,0,,,,,,,0,,,,0,,,0,,,,0,,,0,,1.578,,0,4
7024,1154342,(15:00) (Shotgun) 7-C.Stroud pass short middle to 17-J.Wayne to BUF 7 for 12 yards (47-C.Benford).,HST,BUF,PASS,43,4,15,0,21,27,3,3,1,10,81,5,12,1,1,1,0,0,,0,,,,00-0039163,1,0,SM,00-0038728,,12,00-0037288,,,,,,,,,,,,,,,0,,,,,,,0,,,,0,,,0,,,,0,,,0,,0.734,00-0039163,0,4
7024,1154343,(14:17) (Shotgun) 57-B.Fisher reported in as eligible. 32-D.Montgomery left guard to BUF 7 for no gain (96-D.Walker).,HST,BUF,RUSH,38,4,14,17,21,27,3,3,1,7,93,5,0,0,0,1,0,0,00-0035685,0,LG,00-0040710,,,0,0,,,,,,,,,,,,,,,,,,,,0,,,,,,,0,,,,0,,,0,,,,0,,,0,,-0.508,,0,4
7024,1154344,"(13:39) (Shotgun) 7-C.Stroud pass short right to 32-D.Montgomery for 7 yards, TOUCHDOWN.",HST,BUF,PASS,5,4,13,39,21,27,3,3,2,7,93,5,7,1,1,1,0,6,,0,,,,00-0039163,1,0,SR,00-0035685,,3,,,,,,,,,,,,,,,,0,,,,,,,0,,,,0,,,0,,,,0,,,1,REC,1.862,00-0039163,0,4
7024,1154345,"15-K.Fairbairn extra point is GOOD, Center-40-A.Brinkman, Holder-38-K.Kroeger.",HST,BUF,FGXP,0,4,13,34,27,27,3,3,0,0,85,5,0,1,0,0,0,1,,0,,,,,0,0,,,,,,,,,,,,,,,,,,,,0,,,,XP,00-0032726,33,1,,,,0,,,0,,,,0,,,0,,0.069,,0,
7024,1154346,15-K.Fairbairn kicks 60 yards from HOU 35 to BUF 5. 7-R.Davis pushed ob at BUF 34 for 29 yards (11-T.Smith).,BUF,HST,KOFF,5,4,13,34,27,28,3,3,0,0,65,4,0,1,0,0,0,0,,0,,,,,0,0,,,,,,,,,,,,,,,,,,,,0,,,,,,,0,,,,0,,,0,00-0032726,60,31,0,00-0039875,29,0,,0.459,,0,
7024,1154347,(13:29) 17-J.Allen pass incomplete short right to 4-J.Cook [90-J.Clowney].,BUF,HST,PASS,6,4,13,29,27,28,3,3,1,10,34,2,0,0,0,0,0,0,,0,,,,00-0034857,0,0,SR,00-0037248,,-2,,,,,,,,,,,,,,,,0,,,,,,,0,,,,0,,,0,,,,0,,,0,,-0.556,00-0034857,0,5
7024,1154348,(13:23) (Shotgun) 17-J.Allen pass short middle to 86-D.Kincaid to BUF 40 for 6 yards (6-R.Blankenship).,BUF,HST,PASS,39,4,13,23,27,28,3,3,2,10,34,2,6,0,0,1,0,0,,0,,,,00-0034857,1,0,SM,00-0038933,,5,00-0037130,,,,,,,,,,,,,,,0,,,,,,,0,,,,0,,,0,,,,0,,,0,,-0.053,00-0034857,1,5
7024,1154349,(12:44) (Shotgun) 17-J.Allen pass deep right to 86-D.Kincaid to HOU 20 for 40 yards (2-C.Bullock).,BUF,HST,PASS,46,4,12,44,27,28,3,3,3,4,40,3,40,1,1,1,0,0,,0,,,,00-0034857,1,0,DR,00-0038933,,25,00-0039838,,,,,,,,,,,,,,,0,,,,,,,0,,,,0,,,0,,,,0,,,0,,3.668,00-0034857,0,5
7024,1154350,(11:58) 4-J.Cook right guard to HOU 17 for 3 yards (5-J.Pitre).,BUF,HST,RUSH,43,4,11,58,27,28,3,3,1,10,80,5,3,0,0,0,0,0,00-0037248,0,RG,00-0037246,,,0,0,,,,,,,,,,,,,,,,,,,,0,,,,,,,0,,,,0,,,0,,,,0,,,0,,-0.128,,0,5
7024,1154351,(11:15) (Shotgun) 17-J.Allen pass short left to 4-J.Cook pushed ob at HOU 14 for 3 yards (5-J.Pitre).,BUF,HST,PASS,34,4,11,15,27,28,3,3,2,7,83,5,3,0,0,1,0,0,,0,,,,00-0034857,1,0,SL,00-0037248,,-5,00-0037246,,,,,,,,,,,,,,,0,,,,,,,0,,,,0,,,0,,,,0,,,0,,-0.294,00-0034857,0,5
7024,1154352,(10:41) (Shotgun) 17-J.Allen pass incomplete short right to 10-K.Shakir (98-S.Rankins).,BUF,HST,PASS,5,4,10,41,27,28,3,3,3,4,86,5,0,0,0,1,0,0,,0,,,,00-0034857,0,0,SR,00-0037261,00-0032759,14,,,,,,,,,,,,,,,,0,,,,,,,0,,,,0,,,0,,,,0,,,0,,-1.447,00-0034857,0,5
7024,1154353,"(10:36) 16-T.Bass 33 yard field goal is GOOD, Center-69-R.Ferguson, Holder-39-T.Doman.",BUF,HST,FGXP,5,4,10,36,27,28,3,3,4,4,86,5,0,1,0,0,0,3,,0,,,,,0,0,,,,,,,,,,,,,,,,,,,,0,,,,FG,00-0036162,33,1,,,,0,,,0,,,,0,,,0,,0.24,,0,
7024,1154354,16-T.Bass kicks 58 yards from BUF 35 to HOU 7. 11-T.Smith to HOU 35 for 28 yards (37-J.Hancock; 44-J.Andreessen).,HST,BUF,KOFF,5,4,10,31,28,30,3,3,0,0,65,4,0,1,0,0,0,0,,0,,,,,0,0,,,,,,,,,,,,,,,,,,,,0,,,,,,,0,,,,0,,,0,00-0036162,58,30,0,00-0034278,28,0,,0.39,,0,
7024,1154355,(10:26) (Shotgun) 7-C.Stroud pass incomplete deep left to 12-N.Collins.,HST,BUF,PASS,4,4,10,26,28,30,3,3,1,10,35,2,0,0,0,1,0,0,,0,,,,00-0039163,0,0,DL,00-0036554,,16,,,,,,,,,,,,,,,,0,,,,,,,0,,,,0,,,0,,,,0,,,0,,-0.566,00-0039163,0,4
7024,1154356,"(10:22) (Shotgun) 7-C.Stroud pass incomplete short right. PENALTY on HOU-79-A.Ersery, Offensive Holding, 10 yards, enforced at HOU 35 - No Play.",HST,BUF,NOPL,8,4,10,22,28,30,3,3,2,10,35,2,0,0,0,1,0,0,,0,,,,00-0039163,0,0,,,,0,,,,,HST,00-0040745,Offensive Holding,-10,NA,,,,,,,0,,,,,,,0,,,,0,,,0,,,,0,,,0,,-0.788,00-0039163,0,5
7024,1154357,(10:14) (Shotgun) 4-W.Marks left guard to HOU 35 for 10 yards (8-T.Bernard).,HST,BUF,RUSH,46,4,10,14,28,30,3,3,2,20,25,2,10,0,0,1,0,0,00-0040583,0,LG,00-0037254,,,0,0,,,,,,,,,,,,,,,,,,,,0,,,,,,,0,,,,0,,,0,,,,0,,,0,,-0.006,,0,5
7024,1154358,(9:28) (Shotgun) 7-C.Stroud pass short middle to 19-X.Hutchinson pushed ob at BUF 45 for 20 yards (1-M.Hairston).,HST,BUF,PASS,39,4,9,28,28,30,3,3,3,10,35,2,20,1,1,1,0,0,,0,,,,00-0039163,1,0,SM,00-0038618,,10,00-0040709,,,,,,,,,,,,,,,0,,,,,,,0,,,,0,,,0,,,,0,,,0,,2.579,00-0039163,1,5
7024,1154359,(8:49) 4-W.Marks up the middle to BUF 47 for -2 yards (90-D.Carter).,HST,BUF,RUSH,37,4,8,49,28,30,3,3,1,10,55,3,-2,0,0,0,0,0,00-0040583,0,RM,00-0039873,,,0,0,,,,,,,,,,,,,,,,,,,,0,,,,,,,0,,,,0,,,0,,,,0,,,0,,-0.865,,0,4
7024,1154360,(8:12) (Shotgun) 7-C.Stroud pass short middle to 12-N.Collins to BUF 41 for 6 yards (47-C.Benford).,HST,BUF,PASS,42,4,8,12,28,30,3,3,2,12,53,3,6,1,0,1,0,0,,0,,,,00-0039163,1,0,SM,00-0036554,,6,00-0037288,,,,,,,,,,,,,,,0,,,,,,,0,,,,0,,,0,,,,0,,,0,,0.047,00-0039163,1,6
7024,1154361,(7:30) (Shotgun) 7-C.Stroud pass short middle to 12-N.Collins to BUF 39 for 2 yards (47-C.Benford).,HST,BUF,PASS,42,4,7,30,28,30,3,3,3,6,59,3,2,0,0,1,0,0,,0,,,,00-0039163,1,0,SM,00-0036554,,2,00-0037288,,,,,,,,,,,,,,,0,,,,,,,0,,,,0,,,0,,,,0,,,0,,-1.574,00-0039163,1,6
7024,1154362,"(6:48) 15-K.Fairbairn 58 yard field goal is GOOD, Center-40-A.Brinkman, Holder-38-K.Kroeger.",HST,BUF,FGXP,4,4,6,48,28,30,3,3,4,4,61,4,0,1,0,0,0,3,,0,,,,,0,0,,,,,,,,,,,,,,,,,,,,0,,,,FG,00-0032726,58,1,,,,0,,,0,,,,0,,,0,,2.29,,0,
7024,1154363,15-K.Fairbairn kicks 64 yards from HOU 35 to BUF 1. 19-G.Dortch to BUF 20 for 19 yards (54-S.Harsh; 94-D.Robinson).,BUF,HST,KOFF,6,4,6,44,30,31,3,3,0,0,65,4,0,0,0,0,0,0,,0,,,,,0,0,,,,,,,,,,,,,,,,,,,,0,,,,,,,0,,,,0,,,0,00-0032726,64,45,0,00-0035500,19,0,,-0.353,,0,
7024,1154364,"(6:38) 17-J.Allen FUMBLES (Aborted) at BUF 18, and recovers at BUF 18.",BUF,HST,RUSH,42,4,6,38,30,31,3,3,1,10,20,2,0,0,0,0,0,0,00-0034857,0,,,,,0,0,,,,,,,,,,,,,,,,00-0034857,00-0034857,0,,0,,,,,,,0,,,,0,,,0,,,,0,,,0,,-1.13,,0,5
7024,1154365,(5:56) (Shotgun) 17-J.Allen pass incomplete deep left to 2-D.Moore (3-K.Lassiter).,BUF,HST,PASS,6,4,5,56,30,31,3,3,2,12,18,1,0,0,0,1,0,0,,0,,,,00-0034857,0,0,DL,00-0034827,00-0039343,27,,,,,,,,,,,,,,,,0,,,,,,,0,,,,0,,,0,,,,0,,,0,,-0.672,00-0034857,1,5
7024,1154366,(5:50) (Shotgun) 17-J.Allen pass incomplete short right to 2-D.Moore (55-D.Hunter).,BUF,HST,PASS,5,4,5,50,30,31,3,3,3,12,18,1,0,0,0,1,0,0,,0,,,,00-0034857,0,0,SR,00-0034827,00-0031565,5,,,,,,,,,,,,,,,,0,,,,,,,0,,,,0,,,0,,,,0,,,0,,-0.777,00-0034857,1,5
7024,1154367,"(5:45) 39-T.Doman punts 46 yards to HOU 36, Center-69-R.Ferguson, fair catch by 13-J.Noel.",BUF,HST,PUNT,6,4,5,45,30,31,3,3,4,12,18,1,0,0,0,0,0,0,,0,,,,,0,0,,,,,,,,,,,,,,,,,,,,0,,,,,,,0,00-0041126,46,46,0,00-0040138,0,1,,,,0,,,0,,-0.113,,0,
7024,1154368,(5:39) (Shotgun) 32-D.Montgomery left guard to HOU 39 for 3 yards (9-B.Chubb; 42-D.Williams).,HST,BUF,RUSH,42,4,5,39,31,30,3,3,1,10,36,2,3,0,0,1,0,0,00-0035685,0,LG,00-0034832,00-0038557,,0,0,,,,,,,,,,,,,,,,,,,,0,,,,,,,0,,,,0,,,0,,,,0,,,0,,-0.454,,0,4
7024,1154369,"(4:57) 57-B.Fisher reported in as eligible. 32-D.Montgomery right end to HOU 37 for -2 yards (42-D.Williams, 91-E.Oliver).",HST,BUF,RUSH,47,4,4,57,31,30,3,3,2,7,39,2,-2,0,0,0,0,0,00-0035685,0,RE,00-0038557,00-0035230,,0,0,,,,,,,,,,,,,,,,,,,,0,,,,,,,0,,,,0,,,0,,,,0,,,0,,-0.928,,0,4
7024,1154370,(4:10) (Shotgun) 7-C.Stroud pass short left to 86-D.Schultz to HOU 37 for no gain (9-B.Chubb; 24-C.Bishop) [91-E.Oliver].,HST,BUF,PASS,46,4,4,10,31,30,3,3,3,9,37,2,0,0,0,1,0,0,,0,,,,00-0039163,1,0,SL,00-0034383,,-8,00-0034832,00-0039872,,,,,,,,,,,,,,0,,,,,,,0,,,,0,,,0,,,,0,,,0,,-1.338,00-0039163,0,6
7024,1154371,"(3:24) 38-K.Kroeger punts 59 yards to BUF 4, Center-40-A.Brinkman, downed by HOU-22-J.Smith.",HST,BUF,PUNT,11,4,3,24,31,30,3,3,4,9,37,2,0,1,0,0,0,0,,0,,,,,0,0,,,,,,,,,,,,,,,,,,,,0,,,,,,,0,00-0040654,59,59,0,,0,0,,,,0,,,0,,0.89,,0,
7024,1154372,"(3:13) 4-J.Cook left guard to BUF 16 for 12 yards (24-D.Stingley). FUMBLES (24-D.Stingley), recovered by BUF-64-O.Torrence at BUF 19.",BUF,HST,RUSH,39,4,3,13,30,31,3,3,1,10,4,1,12,1,1,0,0,0,00-0037248,0,LG,00-0037237,,,0,0,,,,,,,,,,,,,,,,00-0037248,00-0038548,0,00-0037237,0,,,,,,,0,,,,0,,,0,,,,0,,,0,,0.765,,0,5
7024,1154373,(2:34) 17-J.Allen pass short left to 88-D.Knox to BUF 26 for 7 yards (3-K.Lassiter; 39-H.To'oTo'o). HOU-39-H.To'oTo'o was injured during the play.,BUF,HST,PASS,28,4,2,34,30,31,3,3,1,10,19,1,7,1,0,0,0,0,,0,,,,00-0034857,1,0,SL,00-0035689,,2,00-0039343,00-0038599,,,,,,,,,,,,,,0,,,,,,,0,,,,0,,,0,,,,0,,,0,,0.291,00-0034857,0,5
7024,1154374,(2:06) 17-J.Allen pass short right to 4-J.Cook ran ob at BUF 32 for 6 yards (24-D.Stingley).,BUF,HST,PASS,6,4,2,6,30,31,3,3,2,3,26,2,6,1,1,0,0,0,,0,,,,00-0034857,1,0,SR,00-0037248,,3,00-0037237,,,,,,,,,,,,,,,0,,,,,,,0,,,,0,,,0,,,,0,,,0,,0.494,00-0034857,0,4
7024,1154375,(2:00) 17-J.Allen pass short right to 86-D.Kincaid pushed ob at HOU 33 for 35 yards (5-J.Pitre).,BUF,HST,PASS,7,4,2,0,30,31,3,3,1,10,32,2,35,1,1,0,0,0,,0,,,,00-0034857,1,0,SR,00-0038933,,13,00-0037246,,,,,,,,,,,,,,,0,,,,,,,0,,,,0,,,0,,,,0,,,0,,1.99,00-0034857,0,5
7024,1154376,(1:53) 4-J.Cook up the middle to HOU 34 for -1 yards (0-A.Al-Shaair).,BUF,HST,RUSH,5,4,1,53,30,31,3,3,1,10,67,4,-1,0,0,0,0,0,00-0037248,0,RM,00-0035166,,,0,0,,,,,,,,,,,,,,,,,,,,0,,,,,,,0,,,,0,,,0,,,,0,,,0,,-0.625,,0,5
7024,1154377,Timeout #1 by HOU at 01:48.,NA,NA,NOPL,0,4,1,48,0,0,0,0,0,0,NA,1,0,0,0,0,0,0,,0,,,,,0,0,,,,,,,,,,,,,,,,,,,,0,,,,,,,0,,,,0,,,0,,,,0,,,0,,0,,0,
7024,1154378,(1:48) 17-J.Allen pass incomplete deep left to 5-J.Palmer.,BUF,HST,PASS,7,4,1,48,30,31,3,2,2,11,66,4,0,0,0,0,0,0,,0,,,,00-0034857,0,0,DL,00-0036988,,34,,,,,,,,,,,,,,,,0,,,,,,,0,,,,0,,,0,,,,0,,,0,,-0.468,00-0034857,0,5
7024,1154379,"(1:41) (Shotgun) 17-J.Allen pass deep middle to 5-J.Palmer for 34 yards, TOUCHDOWN.",BUF,HST,PASS,5,4,1,41,30,31,3,2,3,11,66,4,34,1,1,1,0,6,,0,,,,00-0034857,1,0,DM,00-0036988,,28,,,,,,,,,,,,,,,,0,,,,,,,0,,,,0,,,0,,,,0,,,1,REC,4.587,00-0034857,0,5
7024,1154380,TWO-POINT CONVERSION ATTEMPT. 17-J.Allen pass to 0-K.Coleman is incomplete. ATTEMPT FAILS.,BUF,HST,PASS,0,4,1,36,36,31,3,2,0,0,98,5,0,0,0,0,0,0,,0,,,,00-0034857,0,0,,00-0039901,,0,,,,,,,,,,,,,,,,0,,,,,,,0,,,,0,,,0,,,,0,,,0,,-0.947,00-0034857,0,5
7024,1154381,16-T.Bass kicks 62 yards from BUF 35 to HOU 3. 13-J.Noel to HOU 29 for 26 yards (56-J.Solomon).,HST,BUF,KOFF,5,4,1,36,31,36,2,3,0,0,65,4,0,1,0,0,0,0,,0,,,,,0,0,,,,,,,,,,,,,,,,,,,,0,,,,,,,0,,,,0,,,0,00-0036162,62,36,0,00-0040138,26,0,,0.108,,0,
7024,1154382,(1:31) (Shotgun) 7-C.Stroud pass short right to 86-D.Schultz to HOU 47 for 18 yards (23-D.Alford; 91-E.Oliver).,HST,BUF,PASS,20,4,1,31,31,36,2,3,1,10,29,2,18,1,1,1,0,0,,0,,,,00-0039163,1,0,SR,00-0034383,,5,00-0037034,00-0035230,,,,,,,,,,,,,,0,,,,,,,0,,,,0,,,0,,,,0,,,0,,0.857,00-0039163,1,6
7024,1154383,"(1:11) (No Huddle, Shotgun) 7-C.Stroud pass short right to 86-D.Schultz to BUF 45 for 8 yards (3-D.Hamlin; 24-C.Bishop).",HST,BUF,PASS,21,4,1,11,31,36,2,3,1,10,47,3,8,1,0,1,1,0,,0,,,,00-0039163,1,0,SR,00-0034383,,5,00-0036888,00-0039872,,,,,,,,,,,,,,0,,,,,,,0,,,,0,,,0,,,,0,,,0,,0.413,00-0039163,0,6
7024,1154384,"(:50) (No Huddle, Shotgun) 7-C.Stroud pass incomplete deep right to 19-X.Hutchinson.",HST,BUF,PASS,6,4,0,50,31,36,2,3,2,2,55,3,0,0,0,1,1,0,,0,,,,00-0039163,0,0,DR,00-0038618,,16,,,,,,,,,,,,,,,,0,,,,,,,0,,,,0,,,0,,,,0,,,0,,-0.353,00-0039163,0,6
7024,1154385,"(:44) (Shotgun) 4-W.Marks up the middle to BUF 39 for 6 yards (8-T.Bernard; 9-B.Chubb). PENALTY on BUF-96-D.Walker, Defensive Holding, 5 yards, enforced at BUF 39.",HST,BUF,RUSH,5,4,0,44,31,36,2,3,3,2,55,3,6,1,1,1,0,0,00-0040583,0,RM,00-0037254,00-0034832,,0,0,,,,,,,,,BUF,00-0040710,Defensive Holding,5,NA,,,,,,,0,,,,,,,0,,,,0,,,0,,,,0,,,0,,0.957,,0,6
7024,1154386,"(:39) (Shotgun) PENALTY on HOU-77-T.Brown, False Start, 5 yards, enforced at BUF 34 - No Play.",HST,BUF,NOPL,0,4,0,39,31,36,2,3,1,10,66,4,0,0,0,1,0,0,,0,,,,,0,0,,,,,,,,,HST,00-0032071,False Start,-5,NA,,,,,,,0,,,,,,,0,,,,0,,,0,,,,0,,,0,,-0.458,,0,
7024,1154387,(:39) (Shotgun) 7-C.Stroud pass incomplete deep middle to 19-X.Hutchinson [15-G.Rousseau].,HST,BUF,PASS,4,4,0,39,31,36,2,3,1,15,61,4,0,0,0,1,0,0,,0,,,,00-0039163,0,0,DM,00-0038618,,27,,,,,,,,,,,,,,,,0,,,,,,,0,,,,0,,,0,,,,0,,,0,,-0.276,00-0039163,0,6
7024,1154388,(:35) (Shotgun) 7-C.Stroud pass short middle to 12-N.Collins to BUF 27 for 12 yards (22-C.Gardner-Johnson).,HST,BUF,PASS,5,4,0,35,31,36,2,3,2,15,61,4,12,1,0,1,0,0,,0,,,,00-0039163,1,0,SM,00-0036554,,12,00-0035253,,,,,,,,,,,,,,,0,,,,,,,0,,,,0,,,0,,,,0,,,0,,0.836,00-0039163,0,6
7024,1154389,Timeout #2 by HOU at 00:30.,NA,NA,NOPL,0,4,0,30,0,0,0,0,0,0,NA,1,0,0,0,0,0,0,,0,,,,,0,0,,,,,,,,,,,,,,,,,,,,0,,,,,,,0,,,,0,,,0,,,,0,,,0,,0,,0,
7024,1154390,Timeout #1 by BUF at 00:30.,NA,NA,NOPL,0,4,0,30,0,0,0,0,0,0,NA,1,0,0,0,0,0,0,,0,,,,,0,0,,,,,,,,,,,,,,,,,,,,0,,,,,,,0,,,,0,,,0,,,,0,,,0,,0,,0,
7024,1154391,(:30) (Shotgun) 7-C.Stroud pass short right to 13-J.Noel pushed ob at BUF 9 for 18 yards (22-C.Gardner-Johnson).,HST,BUF,PASS,5,4,0,30,31,36,1,2,3,3,73,4,18,1,1,1,0,0,,0,,,,00-0039163,1,0,SR,00-0040138,,14,00-0035253,,,,,,,,,,,,,,,0,,,,,,,0,,,,0,,,0,,,,0,,,0,,1.542,00-0039163,1,6
7024,1154392,(:25) (Shotgun) 7-C.Stroud sacked at BUF 18 for -9 yards (96-D.Walker).,HST,BUF,PASS,5,4,0,25,31,36,1,2,1,9,91,5,-9,0,0,1,0,0,,0,,,,,0,0,,,,,,,00-0040710,,,,,,,,,,,,,0,,,,,,,0,,,,0,,,0,,,,0,,,0,,-1.667,00-0039163,0,5
7024,1154393,Timeout #3 by HOU at 00:20.,NA,NA,NOPL,0,4,0,20,0,0,0,0,0,0,NA,1,0,0,0,0,0,0,,0,,,,,0,0,,,,,,,,,,,,,,,,,,,,0,,,,,,,0,,,,0,,,0,,,,0,,,0,,0,,0,
7024,1154394,(:20) (Shotgun) 7-C.Stroud pass incomplete deep right to 12-N.Collins.,HST,BUF,PASS,4,4,0,20,31,36,0,2,2,18,82,5,0,0,0,1,0,0,,0,,,,00-0039163,0,0,DR,00-0036554,,17,,,,,,,,,,,,,,,,0,,,,,,,0,,,,0,,,0,,,,0,,,0,,-0.392,00-0039163,1,6
7024,1154395,"(:16) (Shotgun) 7-C.Stroud sacked at BUF 28 for -10 yards (15-G.Rousseau). FUMBLES (15-G.Rousseau) [15-G.Rousseau], RECOVERED by BUF-8-T.Bernard at BUF 24.",HST,BUF,PASS,7,4,0,16,31,36,0,2,3,18,82,5,-6,0,0,1,0,0,,0,,,,,0,0,,,,,,,00-0036914,,,,,,,,,00-0039163,00-0037254,0,00-0036914,1,,,,,,,0,,,,0,,,0,,,,0,,,0,,-2.745,00-0039163,0,6
7024,1154396,(:09) 17-J.Allen kneels to BUF 23 for -1 yards.,BUF,HST,RUSH,0,4,0,9,36,31,2,0,1,10,24,2,-1,0,0,0,0,0,00-0034857,1,,,,,0,0,,,,,,,,,,,,,,,,,,,,0,,,,,,,0,,,,0,,,0,,,,0,,,0,,0,,0,
7025,1154397,"33-T.Loop kicks 65 yards from BAL 35 to end zone, Touchback to the IND 35.",IND,BLT,KOFF,0,1,15,0,0,0,3,3,0,0,65,4,0,1,0,0,0,0,,0,,,,,0,0,,,,,,,,,,,,,,,,,,,,0,,,,,,,0,,,,0,,,0,00-0040074,65,65,1,,0,0,,0.48,,0,
7025,1154398,(15:00) 17-D.Jones pass incomplete short middle to 85-A.Ogletree.,IND,BLT,PASS,7,1,15,0,0,0,3,3,1,10,35,2,0,0,0,0,0,0,,0,,,,00-0035710,0,0,SM,00-0037292,,3,,,,,,,,,,,,,,,,0,,,,,,,0,,,,0,,,0,,,,0,,,0,,-0.609,00-0035710,0,5
7025,1154399,(14:53) (Shotgun) 17-D.Jones pass short left to 10-K.Allen to IND 42 for 7 yards (14-K.Hamilton).,IND,BLT,PASS,43,1,14,53,0,0,3,3,2,10,35,2,7,1,0,1,0,0,,0,,,,00-0035710,1,0,SL,00-0030279,,7,00-0038038,,,,,,,,,,,,,,,0,,,,,,,0,,,,0,,,0,,,,0,,,0,,0.182,00-0035710,0,6
7025,1154400,(14:10) (Shotgun) 17-D.Jones pass short middle to 2-J.Downs to BAL 33 for 25 yards (14-K.Hamilton).,IND,BLT,PASS,46,1,14,10,0,0,3,3,3,3,42,3,25,1,1,1,0,0,,0,,,,00-0035710,1,0,SM,00-0038997,,8,00-0038038,,,,,,,,,,,,,,,0,,,,,,,0,,,,0,,,0,,,,0,,,0,,2.546,00-0035710,1,5
7025,1154401,(13:24) (Shotgun) 17-D.Jones pass short right to 28-J.Taylor to BAL 31 for 2 yards (0-R.Smith).,IND,BLT,PASS,44,1,13,24,0,0,3,3,1,10,67,4,2,0,0,1,0,0,,0,,,,00-0035710,1,0,SR,00-0036223,,-2,00-0034874,,,,,,,,,,,,,,,0,,,,,,,0,,,,0,,,0,,,,0,,,0,,-0.346,00-0035710,0,5
7025,1154402,(12:40) (Shotgun) 17-D.Jones pass incomplete short middle to 2-J.Downs (96-B.Washington) [95-T.Robinson].,IND,BLT,PASS,3,1,12,40,0,0,3,3,2,8,69,4,0,0,0,1,0,0,,0,,,,00-0035710,0,0,SM,00-0038997,00-0036081,1,,,,,,,,,,,,,,,,0,,,,,,,0,,,,0,,,0,,,,0,,,0,,-0.692,00-0035710,0,6
7025,1154403,(12:37) (Shotgun) 17-D.Jones pass short middle to 2-J.Downs to BAL 19 for 12 yards (38-K.Martin).,IND,BLT,PASS,43,1,12,37,0,0,3,3,3,8,69,4,12,1,1,1,0,0,,0,,,,00-0035710,1,0,SM,00-0038997,,7,00-0040636,,,,,,,,,,,,,,,0,,,,,,,0,,,,0,,,0,,,,0,,,0,,1.912,00-0035710,1,6
7025,1154404,(11:54) 17-D.Jones pass short left to 14-A.Pierce to BAL 6 for 13 yards (0-R.Smith).,IND,BLT,PASS,39,1,11,54,0,0,3,3,1,10,81,5,13,1,1,0,0,0,,0,,,,00-0035710,1,0,SL,00-0037664,,12,00-0034874,,,,,,,,,,,,,,,0,,,,,,,0,,,,0,,,0,,,,0,,,0,,0.847,00-0035710,0,5
7025,1154405,(11:15) (Shotgun) 28-J.Taylor right tackle to BAL 1 for 5 yards (24-M.Starks; 0-R.Smith).,IND,BLT,RUSH,39,1,11,15,0,0,3,3,1,6,94,5,5,1,0,1,0,0,00-0036223,0,RT,00-0040688,00-0034874,,0,0,,,,,,,,,,,,,,,,,,,,0,,,,,,,0,,,,0,,,0,,,,0,,,0,,0.482,,0,5
7025,1154406,"(10:36) 28-J.Taylor right end for 1 yard, TOUCHDOWN.",IND,BLT,RUSH,3,1,10,36,0,0,3,3,2,1,99,5,1,1,1,0,0,6,00-0036223,0,RE,,,,0,0,,,,,,,,,,,,,,,,,,,,0,,,,,,,0,,,,0,,,0,,,,0,,,1,RUSH,0.606,,0,5
7025,1154407,"3-S.Shrader extra point is No Good, Wide Right, Center-46-L.Rhodes, Holder-8-R.Sanchez.",IND,BLT,FGXP,0,1,10,33,6,0,3,3,0,0,85,5,0,0,0,0,0,0,,0,,,,,0,0,,,,,,,,,,,,,,,,,,,,0,,,,XP,00-0039576,33,0,,,,0,,,0,,,,0,,,0,,-0.931,,0,
7025,1154408,3-S.Shrader kicks 58 yards from IND 35 to BAL 7. 17-C.Moore to BAL 49 for 42 yards (3-S.Shrader; 95-A.Adebawore).,BLT,IND,KOFF,6,1,10,33,0,6,3,3,0,0,65,4,0,1,0,0,0,0,,0,,,,,0,0,,,,,,,,,,,,,,,,,,,,0,,,,,,,0,,,,0,,,0,00-0039576,58,16,0,00-0032398,42,0,,1.524,,0,
7025,1154409,(10:27) 8-L.Jackson pass deep left to 4-Z.Flowers to IND 2 for 49 yards (27-J.Walley).,BLT,IND,PASS,62,1,10,27,0,6,3,3,1,10,49,3,49,1,1,0,0,0,,0,,,,00-0034796,1,0,DL,00-0039064,,21,00-0040139,,,,,,,,,,,,,,,0,,,,,,,0,,,,0,,,0,,,,0,,,0,,3.806,00-0034796,0,5
7025,1154410,"(9:25) PENALTY on BAL-89-M.Andrews, False Start, 5 yards, enforced at IND 2 - No Play.",BLT,IND,NOPL,21,1,9,25,0,6,3,3,1,2,98,5,0,0,0,0,0,0,,0,,,,,0,0,,,,,,,,,BLT,00-0034753,False Start,-5,NA,,,,,,,0,,,,,,,0,,,,0,,,0,,,,0,,,0,,-0.762,,0,
7025,1154411,(9:04) 22-D.Henry up the middle to IND 5 for 2 yards (97-L.Latu).,BLT,IND,RUSH,39,1,9,4,0,6,3,3,1,7,93,5,2,0,0,0,0,0,00-0032764,0,RM,00-0039340,,,0,0,,,,,,,,,,,,,,,,,,,,0,,,,,,,0,,,,0,,,0,,,,0,,,0,,-0.151,,0,5
7025,1154412,"(8:25) (Shotgun) 8-L.Jackson left end for 5 yards, TOUCHDOWN.",BLT,IND,RUSH,5,1,8,25,0,6,3,3,2,5,95,5,5,1,1,1,0,6,00-0034796,0,LE,,,,0,0,,,,,,,,,,,,,,,,,,,,0,,,,,,,0,,,,0,,,0,,,,0,,,1,RUSH,1.56,,0,4
7025,1154413,"33-T.Loop extra point is GOOD, Center-46-N.Moore, Holder-30-R.Eckley.",BLT,IND,FGXP,0,1,8,20,6,6,3,3,0,0,85,5,0,1,0,0,0,1,,0,,,,,0,0,,,,,,,,,,,,,,,,,,,,0,,,,XP,00-0040074,33,1,,,,0,,,0,,,,0,,,0,,0.069,,0,
7025,1154414,33-T.Loop kicks 59 yards from BAL 35 to IND 6. 20-S.McGowan to IND 30 for 24 yards (17-C.Moore).,IND,BLT,KOFF,5,1,8,20,6,7,3,3,0,0,65,4,0,1,0,0,0,0,,0,,,,,0,0,,,,,,,,,,,,,,,,,,,,0,,,,,,,0,,,,0,,,0,00-0040074,59,35,0,00-0041125,24,0,,0.255,,0,
7025,1154415,(8:15) 28-J.Taylor up the middle to IND 28 for -2 yards (98-T.Jones).,IND,BLT,RUSH,37,1,8,15,6,7,3,3,1,10,30,2,-2,0,0,0,0,0,00-0036223,0,RM,00-0037756,,,0,0,,,,,,,,,,,,,,,,,,,,0,,,,,,,0,,,,0,,,0,,,,0,,,0,,-1.026,,0,5
7025,1154416,(7:38) (Shotgun) 17-D.Jones pass short middle intended for 13-L.Treadwell INTERCEPTED by 0-R.Smith at IND 32. 0-R.Smith to IND 31 for 1 yard (2-J.Downs).,IND,BLT,PASS,6,1,7,38,6,7,3,3,2,12,28,2,0,0,0,1,0,0,,0,,,,00-0035710,0,0,SM,00-0032951,00-0034874,4,00-0038997,,,,,,,,,00-0034874,1,,,,,0,,,,,,,0,,,,0,,,0,,,,0,,,0,,-4.812,00-0035710,0,6
7025,1154417,(7:32) 22-D.Henry right end to IND 24 for 7 yards (0-C.Bynum).,BLT,IND,RUSH,36,1,7,32,7,6,3,3,1,10,69,4,7,1,0,0,0,0,00-0032764,0,RE,00-0036629,,,0,0,,,,,,,,,,,,,,,,,,,,0,,,,,,,0,,,,0,,,0,,,,0,,,0,,0.459,,0,5
7025,1154418,(6:56) 22-D.Henry right tackle to IND 22 for 2 yards (97-L.Latu).,BLT,IND,RUSH,36,1,6,56,7,6,3,3,2,3,76,4,2,0,0,0,0,0,00-0032764,0,RT,00-0039340,,,0,0,,,,,,,,,,,,,,,,,,,,0,,,,,,,0,,,,0,,,0,,,,0,,,0,,-0.199,,0,4
7025,1154419,"(6:20) 22-D.Henry right end to IND 19 for 3 yards (51-A.Davis-Gaither). PENALTY on BAL-79-R.Stanley, Chop Block, 15 yards, enforced at IND 22 - No Play.",BLT,IND,NOPL,26,1,6,20,7,6,3,3,3,1,78,4,0,0,0,0,0,0,,0,,,,,0,0,,,,,,,,,BLT,00-0032965,Chop Block,-15,NA,,,,,,,0,,,,,,,0,,,,0,,,0,,,,0,,,0,,-2.717,,0,4
7025,1154420,"(5:54) (Shotgun) 8-L.Jackson scrambles right end pushed ob at IND 21 for 16 yards (33-K.Harris). Indianapolis challenged the first down ruling, and the play was Upheld. The ruling on the field stands. (Timeout #1.)",BLT,IND,RUSH,23,1,5,54,7,6,3,2,3,16,63,4,16,1,1,1,0,0,00-0034796,0,RE,00-0041320,,,0,0,,,,,,,,,,,,,,,,,,,,0,,,,,,,0,,,,0,,,0,,,,0,,,0,,3.074,00-0034796,1,6
7025,1154421,(5:31) (Shotgun) 8-L.Jackson pass short left to 88-M.Hibner to IND 8 for 13 yards (0-C.Bynum).,BLT,IND,PASS,42,1,5,31,7,6,3,2,1,10,79,4,13,1,1,1,0,0,,0,,,,00-0034796,1,0,SL,00-0040879,,1,00-0036629,,,,,,,,,,,,,,,0,,,,,,,0,,,,0,,,0,,,,0,,,0,,0.854,00-0034796,0,4
7025,1154422,(4:49) 8-L.Jackson pass short right to 80-D.Smythe to IND 4 for 4 yards (7-C.Ward).,BLT,IND,PASS,41,1,4,49,7,6,3,2,1,8,92,5,4,1,0,0,0,0,,0,,,,00-0034796,1,0,SR,00-0034798,,4,00-0034573,,,,,,,,,,,,,,,0,,,,,,,0,,,,0,,,0,,,,0,,,0,,0.078,00-0034796,0,4
7025,1154423,"(4:08) 22-D.Henry right tackle for 4 yards, TOUCHDOWN.",BLT,IND,RUSH,3,1,4,8,7,6,3,2,2,4,96,5,4,1,1,0,0,6,00-0032764,0,RT,,,,0,0,,,,,,,,,,,,,,,,,,,,0,,,,,,,0,,,,0,,,0,,,,0,,,1,RUSH,1.428,,0,4
7025,1154424,"33-T.Loop extra point is GOOD, Center-46-N.Moore, Holder-30-R.Eckley.",BLT,IND,FGXP,0,1,4,5,13,6,3,2,0,0,85,5,0,1,0,0,0,1,,0,,,,,0,0,,,,,,,,,,,,,,,,,,,,0,,,,XP,00-0040074,33,1,,,,0,,,0,,,,0,,,0,,0.069,,0,
7025,1154425,"33-T.Loop kicks 64 yards from BAL 35 to IND 1. 20-S.McGowan to IND 26 for 25 yards (26-R.Ali; 27-T.Tampa). PENALTY on IND-95-A.Adebawore, Offensive Holding, 10 yards, enforced at IND 26.",IND,BLT,KOFF,5,1,4,5,6,14,2,3,0,0,65,4,0,0,0,0,0,0,,0,,,,,0,0,,,,,,,,,IND,00-0039031,Offensive Holding,-10,NA,,,,,,,0,,,,,,,0,,,,0,,,0,00-0040074,64,39,0,00-0041125,25,0,,-0.576,,0,
7025,1154426,(4:00) 17-D.Jones sacked at IND 8 for -8 yards (95-T.Robinson).,IND,BLT,PASS,43,1,4,0,6,14,2,3,1,10,16,1,-8,0,0,0,0,0,,0,,,,,0,0,,,,,,,00-0038505,,,,,,,,,,,,,0,,,,,,,0,,,,0,,,0,,,,0,,,0,,-1.893,00-0035710,0,5
7025,1154427,(3:17) (Shotgun) 17-D.Jones pass short right to 84-T.Warren to IND 10 for 2 yards (21-J.Hawkins).,IND,BLT,PASS,38,1,3,17,6,14,2,3,2,18,8,1,2,0,0,1,0,0,,0,,,,00-0035710,1,0,SR,00-0040128,,2,00-0036302,,,,,,,,,,,,,,,0,,,,,,,0,,,,0,,,0,,,,0,,,0,,-0.487,00-0035710,1,6
7025,1154428,"(2:39) (Shotgun) 28-J.Taylor right tackle to IND 17 for 7 yards (95-T.Robinson; 93-C.Campbell). Penalty on IND-84-T.Warren, Illegal Shift, declined.",IND,BLT,RUSH,10,1,2,39,6,14,2,3,3,16,10,1,7,0,0,1,0,0,00-0036223,0,RT,00-0038505,00-0026190,,0,0,,,,,,,,,,,,,,,,,,,,0,,,,,,,0,,,,0,,,0,,,,0,,,0,,-0.402,,0,6
7025,1154429,"(2:29) 8-R.Sanchez punts 55 yards to BAL 28, Center-46-L.Rhodes. 10-L.Wester to BAL 38 for 10 yards (95-A.Adebawore; 46-L.Rhodes).",IND,BLT,PUNT,10,1,2,29,6,14,2,3,4,9,17,1,0,0,0,0,0,0,,0,,,,,0,0,,,,,,,,,,,,,,,,,,,,0,,,,,,,0,00-0033269,55,45,0,00-0040075,10,0,,,,0,,,0,,0,,0,
7025,1154430,(2:19) (Shotgun) 8-L.Jackson pass short middle to 4-Z.Flowers to IND 45 for 17 yards (98-A.Key).,BLT,IND,PASS,39,1,2,19,14,6,3,2,1,10,38,2,17,1,1,1,0,0,,0,,,,00-0034796,1,0,SM,00-0039064,,12,00-0034825,,,,,,,,,,,,,,,0,,,,,,,0,,,,0,,,0,,,,0,,,0,,1.143,00-0034796,0,5
7025,1154431,(1:40) 22-D.Henry right tackle to IND 42 for 3 yards (94-J.Tillery; 99-D.Buckner).,BLT,IND,RUSH,42,1,1,40,14,6,3,2,1,10,55,3,3,0,0,0,0,0,00-0032764,0,RT,00-0035674,00-0032378,,0,0,,,,,,,,,,,,,,,,,,,,0,,,,,,,0,,,,0,,,0,,,,0,,,0,,-0.349,,0,4
7025,1154432,"(:58) (Shotgun) PENALTY on BAL-79-R.Stanley, False Start, 5 yards, enforced at IND 42 - No Play.",BLT,IND,NOPL,15,1,0,58,14,6,3,2,2,7,58,3,0,0,0,1,0,0,,0,,,,,0,0,,,,,,,,,BLT,00-0032965,False Start,-5,NA,,,,,,,0,,,,,,,0,,,,0,,,0,,,,0,,,0,,-0.592,,0,
7025,1154433,(:43) (Shotgun) 8-L.Jackson pass incomplete deep middle to 4-Z.Flowers.,BLT,IND,PASS,5,1,0,43,14,6,3,2,2,12,53,3,0,0,0,1,0,0,,0,,,,00-0034796,0,0,DM,00-0039064,,24,,,,,,,,,,,,,,,,0,,,,,,,0,,,,0,,,0,,,,0,,,0,,-0.994,00-0034796,0,5
7025,1154434,(:38) (Shotgun) 8-L.Jackson pass deep right to 4-Z.Flowers to IND 29 for 18 yards (27-J.Walley).,BLT,IND,PASS,38,1,0,38,14,6,3,2,3,12,53,3,18,1,1,1,0,0,,0,,,,00-0034796,1,0,DR,00-0039064,,16,00-0040139,,,,,,,,,,,,,,,0,,,,,,,0,,,,0,,,0,,,,0,,,0,,2.971,00-0034796,0,6
7025,1154435,(15:00) 76-C.Vinson reported in as eligible. 22-D.Henry right end to IND 25 for 4 yards (50-B.Boettcher).,BLT,IND,RUSH,38,2,15,0,14,6,3,2,1,10,71,4,4,0,0,0,0,0,00-0032764,0,RE,00-0041518,,,0,0,,,,,,,,,,,,,,,,,,,,0,,,,,,,0,,,,0,,,0,,,,0,,,0,,-0.133,,0,4
7025,1154436,(14:22) 8-L.Jackson pass short left to 22-D.Henry to IND 6 for 19 yards (25-A.Haulcy; 51-A.Davis-Gaither).,BLT,IND,PASS,43,2,14,22,14,6,3,2,2,6,75,4,19,1,1,0,0,0,,0,,,,00-0034796,1,0,SL,00-0032764,,-1,00-0041043,00-0036298,,,,,,,,,,,,,,0,,,,,,,0,,,,0,,,0,,,,0,,,0,,1.703,00-0034796,0,5
7025,1154437,(13:39) 22-D.Henry right tackle to IND 4 for 2 yards (97-L.Latu).,BLT,IND,RUSH,39,2,13,39,14,6,3,2,1,6,94,5,2,0,0,0,0,0,00-0032764,0,RT,00-0039340,,,0,0,,,,,,,,,,,,,,,,,,,,0,,,,,,,0,,,,0,,,0,,,,0,,,0,,-0.154,,0,5
7025,1154438,"(13:00) 8-L.Jackson pass short right to 6-J.Lane for 4 yards, TOUCHDOWN NULLIFIED by Penalty. PENALTY on BAL-54-J.Gwyn, Offensive Holding, 10 yards, enforced at IND 4 - No Play.",BLT,IND,NOPL,4,2,13,0,14,6,3,2,2,4,96,5,0,0,0,0,0,0,,0,,,,00-0034796,0,0,,,,0,,,,,BLT,00-0038629,Offensive Holding,-10,NA,,,,,,,0,,,,,,,0,,,,0,,,0,,,,0,,,0,,-1.493,00-0034796,0,4
7025,1154439,Timeout #1 by BAL at 12:56.,NA,NA,NOPL,0,2,12,56,0,0,0,0,0,0,NA,1,0,0,0,0,0,0,,0,,,,,0,0,,,,,,,,,,,,,,,,,,,,0,,,,,,,0,,,,0,,,0,,,,0,,,0,,0,,0,
7025,1154440,(12:56) (Shotgun) 8-L.Jackson pass incomplete short right to 89-M.Andrews.,BLT,IND,PASS,4,2,12,56,14,6,2,2,2,14,86,5,0,0,0,1,0,0,,0,,,,00-0034796,0,0,SR,00-0034753,,1,,,,,,,,,,,,,,,,0,,,,,,,0,,,,0,,,0,,,,0,,,0,,-0.756,00-0034796,0,5
7025,1154441,(12:52) (Shotgun) 8-L.Jackson pass short middle to 6-J.Lane to IND 3 for 11 yards (51-A.Davis-Gaither).,BLT,IND,PASS,45,2,12,52,14,6,2,2,3,14,86,5,11,0,0,1,0,0,,0,,,,00-0034796,1,0,SM,00-0040870,,7,00-0036298,,,,,,,,,,,,,,,0,,,,,,,0,,,,0,,,0,,,,0,,,0,,-0.31,00-0034796,0,5
7025,1154442,(12:07) (Shotgun) 8-L.Jackson pass incomplete short right to 6-J.Lane.,BLT,IND,PASS,5,2,12,7,14,6,2,2,4,3,97,5,0,0,0,1,0,0,,0,,,,00-0034796,0,0,SR,00-0040870,,3,,,,,,,,,,,,,,,,0,,,,,,,0,,,,0,,,0,,,,0,,,0,,-3.073,00-0034796,0,4
7025,1154443,(12:02) 28-J.Taylor right guard to IND 5 for 2 yards (96-B.Washington).,IND,BLT,RUSH,41,2,12,2,6,14,2,2,1,10,3,1,2,0,0,0,0,0,00-0036223,0,RG,00-0036081,,,0,0,,,,,,,,,,,,,,,,,,,,0,,,,,,,0,,,,0,,,0,,,,0,,,0,,-0.567,,0,5
7025,1154444,(11:21) 28-J.Taylor up the middle to IND 15 for 10 yards (95-T.Robinson; 0-R.Smith).,IND,BLT,RUSH,44,2,11,21,6,14,2,2,2,8,5,1,10,1,1,0,0,0,00-0036223,0,RM,00-0038505,00-0034874,,0,0,,,,,,,,,,,,,,,,,,,,0,,,,,,,0,,,,0,,,0,,,,0,,,0,,1.275,,0,5
7025,1154445,"(10:37) 28-J.Taylor right tackle to IND 12 for -3 yards (32-T.Simpson). Penalty on IND, Illegal Formation, declined.",IND,BLT,RUSH,21,2,10,37,6,14,2,2,1,10,15,1,-3,0,0,0,0,0,00-0036223,0,RT,00-0038504,,,0,0,,,,,,,,,,,,,,,,,,,,0,,,,,,,0,,,,0,,,0,,,,0,,,0,,-1.175,,0,5
7025,1154446,(10:16) (Shotgun) 17-D.Jones pass short left to 84-T.Warren to IND 14 for 2 yards (38-K.Martin).,IND,BLT,PASS,47,2,10,16,6,14,2,2,2,13,12,1,2,0,0,1,0,0,,0,,,,00-0035710,1,0,SL,00-0040128,,1,00-0040636,,,,,,,,,,,,,,,0,,,,,,,0,,,,0,,,0,,,,0,,,0,,-0.649,00-0035710,0,6
7025,1154447,(9:29) (Shotgun) 17-D.Jones pass incomplete short right [95-T.Robinson].,IND,BLT,PASS,7,2,9,29,6,14,2,2,3,11,14,1,0,0,0,1,0,0,,0,,,,00-0035710,0,0,SR,,,1,,,,,,,,,,,,,,,,0,,,,,,,0,,,,0,,,0,,,,0,,,0,,-0.869,00-0035710,1,6
7025,1154448,"(9:22) 8-R.Sanchez punts 59 yards to BAL 27, Center-46-L.Rhodes. 10-L.Wester to BAL 34 for 7 yards (16-A.Dulin).",IND,BLT,PUNT,11,2,9,22,6,14,2,2,4,11,14,1,0,1,0,0,0,0,,0,,,,,0,0,,,,,,,,,,,,,,,,,,,,0,,,,,,,0,00-0033269,59,52,0,00-0040075,7,0,,,,0,,,0,,0.301,,0,
7025,1154449,(9:11) 22-D.Henry up the middle to BAL 36 for 2 yards (95-A.Adebawore).,BLT,IND,RUSH,41,2,9,11,14,6,2,2,1,10,34,2,2,0,0,0,0,0,00-0032764,0,RM,00-0039031,,,0,0,,,,,,,,,,,,,,,,,,,,0,,,,,,,0,,,,0,,,0,,,,0,,,0,,-0.286,,0,4
7025,1154450,"(8:30) (Shotgun) 22-D.Henry left tackle to BAL 44 for 8 yards (0-C.Bynum). PENALTY on BAL-71-O.Ioane, Offensive Holding, 10 yards, enforced at BAL 38.",BLT,IND,RUSH,12,2,8,30,14,6,2,2,2,8,36,2,2,0,0,1,0,0,00-0032764,0,LT,00-0036629,,,0,0,,,,,,,,,BLT,00-0040866,Offensive Holding,-10,NA,,,,,,,0,,,,,,,0,,,,0,,,0,,,,0,,,0,,-0.914,,0,5
7025,1154451,(8:18) 8-L.Jackson pass short middle to 89-M.Andrews to BAL 45 for 17 yards (27-J.Walley; 25-A.Haulcy) [91-J.Tuimoloau].,BLT,IND,PASS,38,2,8,18,14,6,2,2,2,16,28,2,17,1,1,0,0,0,,0,,,,00-0034796,1,0,SM,00-0034753,,14,00-0040139,00-0041043,,,,,,,,,,,,,,0,,,,,,,0,,,,0,,,0,,,,0,,,0,,2.14,00-0034796,0,5
7025,1154452,(7:40) 43-J.Hill left end pushed ob at BAL 46 for 1 yard (91-J.Tuimoloau).,BLT,IND,RUSH,36,2,7,40,14,6,2,2,1,10,45,3,1,0,0,0,0,0,00-0034975,0,LE,00-0040744,,,0,0,,,,,,,,,,,,,,,,,,,,0,,,,,,,0,,,,0,,,0,,,,0,,,0,,-0.481,,0,5
7025,1154453,"(7:04) (Shotgun) 8-L.Jackson pass short middle to 4-Z.Flowers for 54 yards, TOUCHDOWN.",BLT,IND,PASS,10,2,7,4,14,6,2,2,2,9,46,3,54,1,1,1,0,6,,0,,,,00-0034796,1,0,SM,00-0039064,,7,,,,,,,,,,,,,,,,0,,,,,,,0,,,,0,,,0,,,,0,,,1,REC,4.953,00-0034796,0,5
7025,1154454,"33-T.Loop extra point is GOOD, Center-46-N.Moore, Holder-30-R.Eckley.",BLT,IND,FGXP,0,2,6,54,20,6,2,2,0,0,85,5,0,1,0,0,0,1,,0,,,,,0,0,,,,,,,,,,,,,,,,,,,,0,,,,XP,00-0040074,33,1,,,,0,,,0,,,,0,,,0,,0.069,,0,
7025,1154455,33-T.Loop kicks 64 yards from BAL 35 to IND 1. 16-A.Dulin to IND 34 for 33 yards (24-M.Starks; 49-J.Higgins).,IND,BLT,KOFF,7,2,6,54,6,21,2,2,0,0,65,4,0,1,0,0,0,0,,0,,,,,0,0,,,,,,,,,,,,,,,,,,,,0,,,,,,,0,,,,0,,,0,00-0040074,64,31,0,00-0035021,33,0,,0.486,,0,
7025,1154456,"(6:47) (Shotgun) 17-D.Jones pass short left to 28-J.Taylor to IND 48 for 14 yards (44-M.Humphrey; 21-J.Hawkins). FUMBLES (44-M.Humphrey), RECOVERED by BAL-44-M.Humphrey at IND 47.",IND,BLT,PASS,9,2,6,47,6,21,2,2,1,10,34,2,13,0,0,1,0,0,,0,,,,00-0035710,1,0,SL,00-0036223,,-5,00-0033281,00-0036302,,,,,,,,,,00-0036223,00-0033281,0,00-0033281,1,,,,,,,0,,,,0,,,0,,,,0,,,0,,-4.733,00-0035710,0,5
7025,1154457,(6:38) 22-D.Henry left tackle to IND 44 for 3 yards (98-A.Key).,BLT,IND,RUSH,41,2,6,38,21,6,2,2,1,10,53,3,3,0,0,0,0,0,00-0032764,0,LT,00-0034825,,,0,0,,,,,,,,,,,,,,,,,,,,0,,,,,,,0,,,,0,,,0,,,,0,,,0,,-0.273,,0,4
7025,1154458,(5:57) 8-L.Jackson pass short left to 4-Z.Flowers to IND 32 for 12 yards (1-A.Gardner).,BLT,IND,PASS,45,2,5,57,21,6,2,2,2,7,56,3,12,1,1,0,0,0,,0,,,,00-0034796,1,0,SL,00-0039064,,11,00-0037190,,,,,,,,,,,,,,,0,,,,,,,0,,,,0,,,0,,,,0,,,0,,1.173,00-0034796,0,4
7025,1154459,"(5:12) 22-D.Henry left tackle for 32 yards, TOUCHDOWN.",BLT,IND,RUSH,8,2,5,12,21,6,2,2,1,10,68,4,32,1,1,0,0,6,00-0032764,0,LT,,,,0,0,,,,,,,,,,,,,,,,,,,,0,,,,,,,0,,,,0,,,0,,,,0,,,1,RUSH,3.109,,0,4
7025,1154460,"33-T.Loop extra point is GOOD, Center-46-N.Moore, Holder-30-R.Eckley.",BLT,IND,FGXP,0,2,5,4,27,6,2,2,0,0,85,5,0,1,0,0,0,1,,0,,,,,0,0,,,,,,,,,,,,,,,,,,,,0,,,,XP,00-0040074,33,1,,,,0,,,0,,,,0,,,0,,0.069,,0,
7025,1154461,"33-T.Loop kicks 64 yards from BAL 35 to IND 1. 20-S.McGowan pushed ob at BAL 47 for 52 yards (33-T.Loop). PENALTY on IND-13-L.Treadwell, Offensive Holding, 10 yards, enforced at IND 30.",IND,BLT,KOFF,9,2,5,4,6,28,2,2,0,0,65,4,0,0,0,0,0,0,,0,,,,,0,0,,,,,,,,,IND,00-0032951,Offensive Holding,-10,NA,,,,,,,0,,,,,,,0,,,,0,,,0,00-0040074,64,35,0,00-0041125,29,0,,-0.272,,0,
7025,1154462,(4:55) 17-D.Jones pass incomplete short left to 28-J.Taylor [14-K.Hamilton].,IND,BLT,PASS,4,2,4,55,6,28,2,2,1,10,20,2,0,0,0,0,0,0,,0,,,,00-0035710,0,0,SL,00-0036223,,3,,,,,,,,,,,,,,,,0,,,,,,,0,,,,0,,,0,,,,0,,,0,,-0.456,00-0035710,0,5
7025,1154463,(4:51) (Shotgun) 17-D.Jones pass incomplete short right to 16-A.Dulin [0-R.Smith].,IND,BLT,PASS,5,2,4,51,6,28,2,2,2,10,20,2,0,0,0,1,0,0,,0,,,,00-0035710,0,0,SR,00-0035021,,0,,,,,,,,,,,,,,,,0,,,,,,,0,,,,0,,,0,,,,0,,,0,,-0.613,00-0035710,0,6
7025,1154464,(4:46) (Shotgun) 17-D.Jones pass incomplete deep middle to 14-A.Pierce (44-M.Humphrey).,IND,BLT,PASS,5,2,4,46,6,28,2,2,3,10,20,2,0,0,0,1,0,0,,0,,,,00-0035710,0,0,DM,00-0037664,00-0033281,33,,,,,,,,,,,,,,,,0,,,,,,,0,,,,0,,,0,,,,0,,,0,,-0.981,00-0035710,0,6
7025,1154465,"(4:41) 8-R.Sanchez punts 50 yards to BAL 30, Center-46-L.Rhodes, fair catch by 10-L.Wester.",IND,BLT,PUNT,7,2,4,41,6,28,2,2,4,10,20,2,0,0,0,0,0,0,,0,,,,,0,0,,,,,,,,,,,,,,,,,,,,0,,,,,,,0,00-0033269,50,50,0,00-0040075,0,1,,,,0,,,0,,-0.036,,0,
7025,1154466,"(4:34) 8-L.Jackson sacked at BAL 20 for -10 yards (sack split by 98-A.Key and 97-L.Latu). FUMBLES (98-A.Key) [98-A.Key], RECOVERED by IND-99-D.Buckner at BAL 15. 99-D.Buckner to BAL 15 for no gain (79-R.Stanley).",BLT,IND,PASS,7,2,4,34,28,6,2,2,1,10,30,2,-15,0,0,0,0,0,,0,,,,,0,0,,,,,,,00-0034825,00-0039340,,,,,,,,00-0034796,00-0032378,0,00-0034825,1,,,,,,,0,,,,0,,,0,,,,0,,,0,,-6.281,00-0034796,0,5
7025,1154467,(4:27) 28-J.Taylor left guard to BAL 5 for 10 yards (24-M.Starks).,IND,BLT,RUSH,44,2,4,27,6,28,2,2,1,10,85,5,10,1,1,0,0,0,00-0036223,0,LG,00-0040688,,,0,0,,,,,,,,,,,,,,,,,,,,0,,,,,,,0,,,,0,,,0,,,,0,,,0,,0.849,,0,5
7025,1154468,"(3:43) 28-J.Taylor right end to BAL 6 for -1 yards (32-T.Simpson, 24-M.Starks).",IND,BLT,RUSH,43,2,3,43,6,28,2,2,1,5,95,5,-1,0,0,0,0,0,00-0036223,0,RE,00-0038504,00-0040688,,0,0,,,,,,,,,,,,,,,,,,,,0,,,,,,,0,,,,0,,,0,,,,0,,,0,,-0.679,,0,4
7025,1154469,(3:00) (Shotgun) 17-D.Jones pass short right to 10-K.Allen to BAL 3 for 3 yards (98-T.Jones; 32-T.Simpson).,IND,BLT,PASS,42,2,3,0,6,28,2,2,2,6,94,5,3,0,0,1,0,0,,0,,,,00-0035710,1,0,SR,00-0030279,,-1,00-0037756,00-0038504,,,,,,,,,,,,,,0,,,,,,,0,,,,0,,,0,,,,0,,,0,,-0.345,00-0035710,0,5
7025,1154470,"(2:18) 28-J.Taylor right tackle for 3 yards, TOUCHDOWN.",IND,BLT,RUSH,2,2,2,18,6,28,2,2,3,3,97,5,3,1,1,0,0,6,00-0036223,0,RT,,,,0,0,,,,,,,,,,,,,,,,,,,,0,,,,,,,0,,,,0,,,0,,,,0,,,1,RUSH,2.274,,0,5
7025,1154471,"3-S.Shrader extra point is GOOD, Center-46-L.Rhodes, Holder-8-R.Sanchez.",IND,BLT,FGXP,0,2,2,16,12,28,2,2,0,0,85,5,0,1,0,0,0,1,,0,,,,,0,0,,,,,,,,,,,,,,,,,,,,0,,,,XP,00-0039576,33,1,,,,0,,,0,,,,0,,,0,,0.069,,0,
7025,1154472,3-S.Shrader kicks 61 yards from IND 35 to BAL 4. 10-L.Wester to BAL 34 for 30 yards (50-B.Boettcher).,BLT,IND,KOFF,6,2,2,16,28,13,2,2,0,0,65,4,0,1,0,0,0,0,,0,,,,,0,0,,,,,,,,,,,,,,,,,,,,0,,,,,,,0,,,,0,,,0,00-0039576,61,31,0,00-0040075,30,0,,0.561,,0,
7025,1154473,(2:10) 43-J.Hill left tackle to BAL 39 for 5 yards (25-A.Haulcy).,BLT,IND,RUSH,10,2,2,10,28,13,2,2,1,10,34,2,5,0,0,0,0,0,00-0034975,0,LT,00-0041043,,,0,0,,,,,,,,,,,,,,,,,,,,0,,,,,,,0,,,,0,,,0,,,,0,,,0,,-0.161,,0,5
7025,1154474,(2:00) (Shotgun) 8-L.Jackson pass incomplete short left to 89-M.Andrews.,BLT,IND,PASS,3,2,2,0,28,13,2,2,2,5,39,2,0,0,0,1,0,0,,0,,,,00-0034796,0,0,SL,00-0034753,,6,,,,,,,,,,,,,,,,0,,,,,,,0,,,,0,,,0,,,,0,,,0,,-0.531,00-0034796,0,5
7025,1154475,"(1:57) (Shotgun) 8-L.Jackson pass deep left to 7-R.Bateman to IND 42 for 19 yards (27-J.Walley). PENALTY on BAL-71-O.Ioane, Offensive Holding, 10 yards, enforced at BAL 39 - No Play.",BLT,IND,NOPL,8,2,1,57,28,13,2,2,3,5,39,2,0,0,0,1,0,0,,0,,,,00-0034796,0,0,,,,0,,,,,BLT,00-0040866,Offensive Holding,-10,NA,,,,,,,0,,,,,,,0,,,,0,,,0,,,,0,,,0,,-1.09,00-0034796,0,6
7025,1154476,(1:49) (Shotgun) 8-L.Jackson pass incomplete deep middle to 6-J.Lane.,BLT,IND,PASS,10,2,1,49,28,13,2,2,3,15,29,2,0,0,0,1,0,0,,0,,,,00-0034796,0,0,DM,00-0040870,,20,,,,,,,,,,,,,,,,0,,,,,,,0,,,,0,,,0,,,,0,,,0,,-0.636,00-0034796,0,6
7025,1154477,"(1:39) 30-R.Eckley punts 53 yards to IND 18, Center-46-N.Moore, fair catch by 2-J.Downs.",BLT,IND,PUNT,7,2,1,39,28,13,2,2,4,15,29,2,0,0,0,0,0,0,,0,,,,,0,0,,,,,,,,,,,,,,,,,,,,0,,,,,,,0,00-0040898,53,53,0,00-0038997,0,1,,,,0,,,0,,-0.127,,0,
7025,1154478,(1:32) (Shotgun) 17-D.Jones pass short right to 10-K.Allen to IND 27 for 9 yards (2-N.Wiggins).,IND,BLT,PASS,21,2,1,32,13,28,2,2,1,10,18,1,9,1,0,1,0,0,,0,,,,00-0035710,1,0,SR,00-0030279,,6,00-0039232,,,,,,,,,,,,,,,0,,,,,,,0,,,,0,,,0,,,,0,,,0,,0.071,00-0035710,0,6
7025,1154479,"(1:11) (No Huddle, Shotgun) 17-D.Jones pass incomplete short right to 84-T.Warren.",IND,BLT,PASS,5,2,1,11,13,28,2,2,2,1,27,2,0,0,0,1,1,0,,0,,,,00-0035710,0,0,SR,00-0040128,,13,,,,,,,,,,,,,,,,0,,,,,,,0,,,,0,,,0,,,,0,,,0,,-0.276,00-0035710,0,6
7025,1154480,"(1:06) (No Huddle, Shotgun) 28-J.Taylor right tackle to IND 27 for no gain (98-T.Jones).",IND,BLT,RUSH,7,2,1,6,13,28,2,2,3,1,27,2,0,0,0,1,1,0,00-0036223,0,RT,00-0037756,,,0,0,,,,,,,,,,,,,,,,,,,,0,,,,,,,0,,,,0,,,0,,,,0,,,0,,-0.857,,0,5
7025,1154481,Timeout #2 by BAL at 00:59.,NA,NA,NOPL,0,2,0,59,0,0,0,0,0,0,NA,1,0,0,0,0,0,0,,0,,,,,0,0,,,,,,,,,,,,,,,,,,,,0,,,,,,,0,,,,0,,,0,,,,0,,,0,,0,,0,
7025,1154482,"(:59) 8-R.Sanchez punts 49 yards to BAL 24, Center-46-L.Rhodes, fair catch by 10-L.Wester.",IND,BLT,PUNT,7,2,0,59,13,28,2,1,4,1,27,2,0,0,0,0,0,0,,0,,,,,0,0,,,,,,,,,,,,,,,,,,,,0,,,,,,,0,00-0033269,49,49,0,00-0040075,0,1,,,,0,,,0,,-0.466,,0,
7025,1154483,(:52) (Shotgun) 8-L.Jackson pass short middle to 10-L.Wester to BAL 30 for 6 yards (27-J.Walley).,BLT,IND,PASS,18,2,0,52,28,13,1,2,1,10,24,2,6,0,0,1,0,0,,0,,,,00-0034796,1,0,SM,00-0040075,,6,00-0040139,,,,,,,,,,,,,,,0,,,,,,,0,,,,0,,,0,,,,0,,,0,,-0.058,00-0034796,0,5
7025,1154484,"(:34) (No Huddle, Shotgun) 8-L.Jackson scrambles left end ran ob at BAL 49 for 19 yards (51-A.Davis-Gaither).",BLT,IND,RUSH,8,2,0,34,28,13,1,2,2,4,30,2,19,1,1,1,1,0,00-0034796,0,LE,00-0036298,,,0,0,,,,,,,,,,,,,,,,,,,,0,,,,,,,0,,,,0,,,0,,,,0,,,0,,0.864,00-0034796,0,5
7025,1154485,(:26) (Shotgun) 8-L.Jackson pass short right to 10-L.Wester to IND 42 for 9 yards (27-J.Walley).,BLT,IND,PASS,6,2,0,26,28,13,1,2,1,10,49,3,9,1,0,1,0,0,,0,,,,00-0034796,1,0,SR,00-0040075,,5,00-0040139,,,,,,,,,,,,,,,0,,,,,,,0,,,,0,,,0,,,,0,,,0,,0.008,00-0034796,0,5
7025,1154486,Timeout #2 by BAL at 00:20.,NA,NA,NOPL,0,2,0,20,0,0,0,0,0,0,NA,1,0,0,0,0,0,0,,0,,,,,0,0,,,,,,,,,,,,,,,,,,,,0,,,,,,,0,,,,0,,,0,,,,0,,,0,,0,,0,
7025,1154487,Timeout #2 by IND at 00:20.,NA,NA,NOPL,0,2,0,20,0,0,0,0,0,0,NA,1,0,0,0,0,0,0,,0,,,,,0,0,,,,,,,,,,,,,,,,,,,,0,,,,,,,0,,,,0,,,0,,,,0,,,0,,0,,0,
7025,1154488,(:20) (Shotgun) 43-J.Hill up the middle to IND 39 for 3 yards (51-A.Davis-Gaither).,BLT,IND,RUSH,14,2,0,20,28,13,0,1,2,1,58,3,3,0,1,1,0,0,00-0034975,0,RM,00-0036298,,,0,0,,,,,,,,,,,,,,,,,,,,0,,,,,,,0,,,,0,,,0,,,,0,,,0,,-0.258,,0,5
7025,1154489,(:06) (No Huddle) 8-L.Jackson spiked the ball to stop the clock.,BLT,IND,PASS,1,2,0,6,28,13,0,1,1,10,61,4,0,1,0,0,1,0,,0,,,,00-0034796,0,1,,,,-1,,,,,,,,,,,,,,,,0,,,,,,,0,,,,0,,,0,,,,0,,,0,,0.567,00-0034796,0,
7025,1154490,"(:05) 33-T.Loop 57 yard field goal is GOOD, Center-46-N.Moore, Holder-30-R.Eckley.",BLT,IND,FGXP,5,2,0,5,28,13,0,1,2,10,61,4,0,1,0,0,0,3,,0,,,,,0,0,,,,,,,,,,,,,,,,,,,,0,,,,FG,00-0040074,57,1,,,,0,,,0,,,,0,,,0,,1.208,,0,
7025,1154491,3-S.Shrader kicks 61 yards from IND 35 to BAL 4. 17-C.Moore to BAL 34 for 30 yards (38-J.Owens).,BLT,IND,KOFF,6,3,15,0,31,13,3,3,0,0,65,4,0,1,0,0,0,0,,0,,,,,0,0,,,,,,,,,,,,,,,,,,,,0,,,,,,,0,,,,0,,,0,00-0039576,61,31,0,00-0032398,30,0,,0.483,,0,
7025,1154492,(14:54) 22-D.Henry right end to BAL 34 for no gain (51-A.Davis-Gaither; 97-L.Latu).,BLT,IND,RUSH,40,3,14,54,31,13,3,3,1,10,34,2,0,0,0,0,0,0,00-0032764,0,RE,00-0036298,00-0039340,,0,0,,,,,,,,,,,,,,,,,,,,0,,,,,,,0,,,,0,,,0,,,,0,,,0,,-0.504,,0,4
7025,1154493,(14:14) 8-L.Jackson pass incomplete deep left to 7-R.Bateman.,BLT,IND,PASS,6,3,14,14,31,13,3,3,2,10,34,2,0,0,0,0,0,0,,0,,,,00-0034796,0,0,DL,00-0036550,,23,,,,,,,,,,,,,,,,0,,,,,,,0,,,,0,,,0,,,,0,,,0,,-0.831,00-0034796,0,5
7025,1154494,"(14:08) (Shotgun) 8-L.Jackson pass short right to 89-M.Andrews to BAL 45 for 11 yards (7-C.Ward). PENALTY on BAL, Illegal Shift, 5 yards, enforced at BAL 34 - No Play.",BLT,IND,NOPL,31,3,14,8,31,13,3,3,3,10,34,2,0,0,0,1,0,0,,0,,,,00-0034796,0,0,,,,0,,,,,BLT,,Illegal Shift,-5,NA,,,,,,,0,,,,,,,0,,,,0,,,0,,,,0,,,0,,-0.632,00-0034796,1,6
7025,1154495,(13:37) (Shotgun) 8-L.Jackson pass short middle to 89-M.Andrews to BAL 39 for 10 yards (27-J.Walley).,BLT,IND,PASS,40,3,13,37,31,13,3,3,3,15,29,2,10,0,0,1,0,0,,0,,,,00-0034796,1,0,SM,00-0034753,,8,00-0040139,,,,,,,,,,,,,,,0,,,,,,,0,,,,0,,,0,,,,0,,,0,,-0.401,00-0034796,0,6
7025,1154496,"(12:57) 30-R.Eckley punts 45 yards to IND 16, Center-46-N.Moore, out of bounds.",BLT,IND,PUNT,7,3,12,57,31,13,3,3,4,5,39,2,0,0,0,0,0,0,,0,,,,,0,0,,,,,,,,,,,,,,,,,,,,0,,,,,,,0,00-0040898,45,45,0,,0,0,,,,0,,,0,,-0.053,,0,
7025,1154497,(12:50) 28-J.Taylor left tackle to IND 34 for 18 yards (32-T.Simpson).,IND,BLT,RUSH,39,3,12,50,13,31,3,3,1,10,16,1,18,1,1,0,0,0,00-0036223,0,LT,00-0038504,,,0,0,,,,,,,,,,,,,,,,,,,,0,,,,,,,0,,,,0,,,0,,,,0,,,0,,1.086,,0,5
7025,1154498,(12:11) 28-J.Taylor right guard to IND 35 for 1 yard (0-R.Smith).,IND,BLT,RUSH,43,3,12,11,13,31,3,3,1,10,34,2,1,0,0,0,0,0,00-0036223,0,RG,00-0034874,,,0,0,,,,,,,,,,,,,,,,,,,,0,,,,,,,0,,,,0,,,0,,,,0,,,0,,-0.59,,0,5
7025,1154499,(11:28) (Shotgun) 17-D.Jones pass short middle to 14-A.Pierce to IND 46 for 11 yards (44-M.Humphrey).,IND,BLT,PASS,38,3,11,28,13,31,3,3,2,9,35,2,11,1,1,1,0,0,,0,,,,00-0035710,1,0,SM,00-0037664,,11,00-0033281,,,,,,,,,,,,,,,0,,,,,,,0,,,,0,,,0,,,,0,,,0,,1.379,00-0035710,0,6
7025,1154500,(10:50) (Shotgun) 28-J.Taylor left tackle pushed ob at BAL 47 for 7 yards (14-K.Hamilton).,IND,BLT,RUSH,39,3,10,50,13,31,3,3,1,10,46,3,7,1,0,1,0,0,00-0036223,0,LT,00-0038038,,,0,0,,,,,,,,,,,,,,,,,,,,0,,,,,,,0,,,,0,,,0,,,,0,,,0,,0.233,,0,5
7025,1154501,(10:11) 67-L.Tenuta reported in as eligible. 17-D.Jones scrambles right end to BAL 43 for 4 yards (2-N.Wiggins).,IND,BLT,RUSH,45,3,10,11,13,31,3,3,2,3,53,3,4,1,1,0,0,0,00-0035710,0,RE,00-0039232,,,0,0,,,,,,,,,,,,,,,,,,,,0,,,,,,,0,,,,0,,,0,,,,0,,,0,,0.244,00-0035710,0,4
7025,1154502,(9:26) 28-J.Taylor left tackle to BAL 39 for 4 yards (0-R.Smith; 93-C.Campbell).,IND,BLT,RUSH,40,3,9,26,13,31,3,3,1,10,57,3,4,0,0,0,0,0,00-0036223,0,LT,00-0034874,00-0026190,,0,0,,,,,,,,,,,,,,,,,,,,0,,,,,,,0,,,,0,,,0,,,,0,,,0,,-0.141,,0,5
7025,1154503,(8:46) (Shotgun) 17-D.Jones pass incomplete short middle to 84-T.Warren [24-M.Starks].,IND,BLT,PASS,6,3,8,46,13,31,3,3,2,6,61,4,0,0,0,1,0,0,,0,,,,00-0035710,0,0,SM,00-0040128,,4,,,,,,,,,,,,,,,,0,,,,,,,0,,,,0,,,0,,,,0,,,0,,-0.847,00-0035710,0,5
7025,1154504,(8:40) (Shotgun) 17-D.Jones pass short right to 20-S.McGowan to BAL 39 for no gain (0-R.Smith) [90-A.Peebles].,IND,BLT,PASS,40,3,8,40,13,31,3,3,3,6,61,4,0,0,0,1,0,0,,0,,,,00-0035710,1,0,SR,00-0041125,,-2,00-0034874,,,,,,,,,,,,,,,0,,,,,,,0,,,,0,,,0,,,,0,,,0,,-1.752,00-0035710,0,6
7025,1154505,"(8:00) 3-S.Shrader 58 yard field goal is GOOD, Center-46-L.Rhodes, Holder-8-R.Sanchez.",IND,BLT,FGXP,5,3,8,0,13,31,3,3,4,6,61,4,0,1,0,0,0,3,,0,,,,,0,0,,,,,,,,,,,,,,,,,,,,0,,,,FG,00-0039576,58,1,,,,0,,,0,,,,0,,,0,,2.38,,0,
7025,1154506,"3-S.Shrader kicks 61 yards from IND 35 to BAL 4. 17-C.Moore pushed ob at IND 47 for 49 yards (16-A.Dulin). PENALTY on BAL-97-E.Burke, Illegal Block Above the Waist, 10 yards, enforced at BAL 28.",BLT,IND,KOFF,8,3,7,55,31,16,3,3,0,0,65,4,0,0,0,0,0,0,,0,,,,,0,0,,,,,,,,,BLT,00-0040978,Illegal Block Above the Waist,-10,NA,,,,,,,0,,,,,,,0,,,,0,,,0,00-0039576,61,37,0,00-0032398,24,0,,-0.53,,0,
7025,1154507,(7:47) 22-D.Henry right guard to BAL 29 for 11 yards (25-A.Haulcy).,BLT,IND,RUSH,40,3,7,47,31,16,3,3,1,10,18,1,11,1,1,0,0,0,00-0032764,0,RG,00-0041043,,,0,0,,,,,,,,,,,,,,,,,,,,0,,,,,,,0,,,,0,,,0,,,,0,,,0,,0.809,,0,5
7025,1154508,(7:07) 22-D.Henry left tackle to IND 49 for 22 yards (25-A.Haulcy).,BLT,IND,RUSH,44,3,7,7,31,16,3,3,1,10,29,2,22,1,1,0,0,0,00-0032764,0,LT,00-0041043,,,0,0,,,,,,,,,,,,,,,,,,,,0,,,,,,,0,,,,0,,,0,,,,0,,,0,,1.361,,0,5
7025,1154509,(6:23) 8-L.Jackson sacked at BAL 46 for -5 yards (sack split by 99-D.Buckner and 90-G.Stewart).,BLT,IND,PASS,47,3,6,23,31,16,3,3,1,10,51,3,-5,0,0,0,0,0,,0,,,,,0,0,,,,,,,00-0032378,00-0033952,,,,,,,,,,,,0,,,,,,,0,,,,0,,,0,,,,0,,,0,,-1.157,00-0034796,0,4
7025,1154510,(5:36) (Shotgun) 8-L.Jackson pass short left to 89-M.Andrews to IND 45 for 9 yards (0-C.Bynum).,BLT,IND,PASS,41,3,5,36,31,16,3,3,2,15,46,3,9,1,0,1,0,0,,0,,,,00-0034796,1,0,SL,00-0034753,,6,00-0036629,,,,,,,,,,,,,,,0,,,,,,,0,,,,0,,,0,,,,0,,,0,,0.18,00-0034796,0,5
7025,1154511,"(4:55) (Shotgun) PENALTY on BAL-43-J.Hill, False Start, 5 yards, enforced at IND 45 - No Play.",BLT,IND,NOPL,19,3,4,55,31,16,3,3,3,6,55,3,0,0,0,1,0,0,,0,,,,,0,0,,,,,,,,,BLT,00-0034975,False Start,-5,NA,,,,,,,0,,,,,,,0,,,,0,,,0,,,,0,,,0,,-0.761,,0,
7025,1154512,"(4:36) (Shotgun) 8-L.Jackson pass incomplete deep left to 17-C.Moore. Penalty on BAL-43-J.Hill, Offensive Holding, declined.",BLT,IND,PASS,5,3,4,36,31,16,3,3,3,11,50,3,0,0,0,1,0,0,,0,,,,00-0034796,0,0,DL,00-0032398,,38,,,,,,,,,,,,,,,,0,,,,,,,0,,,,0,,,0,,,,0,,,0,,-1.469,00-0034796,0,5
7025,1154513,"(4:31) 30-R.Eckley punts 42 yards to IND 8, Center-46-N.Moore, fair catch by 2-J.Downs. PENALTY on IND-33-K.Harris, Offensive Holding, 4 yards, enforced at IND 8.",BLT,IND,PUNT,7,3,4,31,31,16,3,3,4,11,50,3,0,1,0,0,0,0,,0,,,,,0,0,,,,,,,,,IND,00-0041320,Offensive Holding,4,NA,,,,,,,0,,,,,,,0,00-0040898,42,42,0,00-0038997,0,1,,,,0,,,0,,0.304,,0,
7025,1154514,(4:24) 28-J.Taylor right tackle to IND 25 for 21 yards (2-N.Wiggins).,IND,BLT,RUSH,44,3,4,24,16,31,3,3,1,10,4,1,21,1,1,0,0,0,00-0036223,0,RT,00-0039232,,,0,0,,,,,,,,,,,,,,,,,,,,0,,,,,,,0,,,,0,,,0,,,,0,,,0,,1.267,,0,5
7025,1154515,(3:40) (Shotgun) 28-J.Taylor right guard to IND 37 for 12 yards (14-K.Hamilton; 24-M.Starks).,IND,BLT,RUSH,40,3,3,40,16,31,3,3,1,10,25,2,12,1,1,1,0,0,00-0036223,0,RG,00-0038038,00-0040688,,0,0,,,,,,,,,,,,,,,,,,,,0,,,,,,,0,,,,0,,,0,,,,0,,,0,,0.748,,0,5
7025,1154516,(3:00) 28-J.Taylor right end to IND 41 for 4 yards (2-N.Wiggins; 0-R.Smith).,IND,BLT,RUSH,45,3,3,0,16,31,3,3,1,10,37,2,4,0,0,0,0,0,00-0036223,0,RE,00-0039232,00-0034874,,0,0,,,,,,,,,,,,,,,,,,,,0,,,,,,,0,,,,0,,,0,,,,0,,,0,,-0.175,,0,5
7025,1154517,(2:15) 28-J.Taylor right tackle to IND 40 for -1 yards (98-T.Jones).,IND,BLT,RUSH,44,3,2,15,16,31,3,3,2,6,41,3,-1,0,0,0,0,0,00-0036223,0,RT,00-0037756,,,0,0,,,,,,,,,,,,,,,,,,,,0,,,,,,,0,,,,0,,,0,,,,0,,,0,,-1.004,,0,5
7025,1154518,(1:31) (Shotgun) 17-D.Jones pass incomplete deep middle to 14-A.Pierce (2-N.Wiggins) [95-T.Robinson].,IND,BLT,PASS,5,3,1,31,16,31,3,3,3,7,40,3,0,0,0,1,0,0,,0,,,,00-0035710,0,0,DM,00-0037664,00-0039232,18,,,,,,,,,,,,,,,,0,,,,,,,0,,,,0,,,0,,,,0,,,0,,-1.555,00-0035710,1,6
7025,1154519,"(1:26) 8-R.Sanchez punts 50 yards to BAL 10, Center-46-L.Rhodes. 10-L.Wester pushed ob at BAL 23 for 13 yards (44-T.Chambers).",IND,BLT,PUNT,11,3,1,26,16,31,3,3,4,7,40,3,0,0,0,0,0,0,,0,,,,,0,0,,,,,,,,,,,,,,,,,,,,0,,,,,,,0,00-0033269,50,37,0,00-0040075,13,0,,,,0,,,0,,-0.326,,0,
7025,1154520,(1:15) (Shotgun) 22-D.Henry left guard to BAL 25 for 2 yards (98-A.Key).,BLT,IND,RUSH,37,3,1,15,31,16,3,3,1,10,23,2,2,0,0,1,0,0,00-0032764,0,LG,00-0034825,,,0,0,,,,,,,,,,,,,,,,,,,,0,,,,,,,0,,,,0,,,0,,,,0,,,0,,-0.384,,0,4
7025,1154521,(:38) 8-L.Jackson scrambles up the middle to BAL 28 for 3 yards (50-B.Boettcher; 98-A.Key).,BLT,IND,RUSH,38,3,0,38,31,16,3,3,2,8,25,2,3,0,0,0,0,0,00-0034796,0,RM,00-0041518,00-0034825,,0,0,,,,,,,,,,,,,,,,,,,,0,,,,,,,0,,,,0,,,0,,,,0,,,0,,-0.39,00-0034796,0,4
7025,1154522,(15:00) (Shotgun) 8-L.Jackson pass deep left to 17-C.Moore to IND 19 for 53 yards (0-C.Bynum).,BLT,IND,PASS,46,4,15,0,31,16,3,3,3,5,28,2,53,1,1,1,0,0,,0,,,,00-0034796,1,0,DL,00-0032398,,30,00-0036629,,,,,,,,,,,,,,,0,,,,,,,0,,,,0,,,0,,,,0,,,0,,4.679,00-0034796,0,5
7025,1154523,(14:14) 76-C.Vinson reported in as eligible. 22-D.Henry right tackle to IND 7 for 12 yards (0-C.Bynum).,BLT,IND,RUSH,41,4,14,14,31,16,3,3,1,10,81,5,12,1,1,0,0,0,00-0032764,0,RT,00-0036629,,,0,0,,,,,,,,,,,,,,,,,,,,0,,,,,,,0,,,,0,,,0,,,,0,,,0,,0.81,,0,4
7025,1154524,(13:33) 22-D.Henry right guard to IND 3 for 4 yards (25-A.Haulcy; 50-B.Boettcher).,BLT,IND,RUSH,43,4,13,33,31,16,3,3,1,7,93,5,4,1,0,0,0,0,00-0032764,0,RG,00-0041043,00-0041518,,0,0,,,,,,,,,,,,,,,,,,,,0,,,,,,,0,,,,0,,,0,,,,0,,,0,,0.193,,0,4
7025,1154525,"(12:50) (Shotgun) 22-D.Henry left end for 3 yards, TOUCHDOWN.",BLT,IND,RUSH,4,4,12,50,31,16,3,3,2,3,97,5,3,1,1,1,0,6,00-0032764,0,LE,,,,0,0,,,,,,,,,,,,,,,,,,,,0,,,,,,,0,,,,0,,,0,,,,0,,,1,RUSH,1.283,,0,4
7025,1154526,"33-T.Loop extra point is GOOD, Center-46-N.Moore, Holder-30-R.Eckley.",BLT,IND,FGXP,0,4,12,46,37,16,3,3,0,0,85,5,0,1,0,0,0,1,,0,,,,,0,0,,,,,,,,,,,,,,,,,,,,0,,,,XP,00-0040074,33,1,,,,0,,,0,,,,0,,,0,,0.069,,0,
7025,1154527,33-T.Loop kicks 59 yards from BAL 35 to IND 6. 20-S.McGowan to IND 26 for 20 yards (48-C.Jones).,IND,BLT,KOFF,4,4,12,46,16,38,3,3,0,0,65,4,0,1,0,0,0,0,,0,,,,,0,0,,,,,,,,,,,,,,,,,,,,0,,,,,,,0,,,,0,,,0,00-0040074,59,39,0,00-0041125,20,0,,0.02,,0,
7025,1154528,"(12:42) (Shotgun) 17-D.Jones pass incomplete short left to 84-T.Warren. PENALTY on BAL-24-M.Starks, Defensive Pass Interference, 11 yards, enforced at IND 26 - No Play.",IND,BLT,NOPL,6,4,12,42,16,38,3,3,1,10,26,2,0,1,1,1,0,0,,0,,,,00-0035710,0,0,,,,0,,,,,BLT,00-0040688,Defensive Pass Interference,11,NA,,,,,,,0,,,,,,,0,,,,0,,,0,,,,0,,,0,,0.657,00-0035710,1,5
7025,1154529,(12:36) (Shotgun) 17-D.Jones pass short right to 28-J.Taylor to IND 45 for 8 yards (0-R.Smith; 14-K.Hamilton).,IND,BLT,PASS,25,4,12,36,16,38,3,3,1,10,37,2,8,1,0,1,0,0,,0,,,,00-0035710,1,0,SR,00-0036223,,4,00-0034874,00-0038038,,,,,,,,,,,,,,0,,,,,,,0,,,,0,,,0,,,,0,,,0,,0.552,00-0035710,1,5
7025,1154530,"(12:11) (No Huddle, Shotgun) 17-D.Jones pass short middle to 10-K.Allen to IND 48 for 3 yards (0-R.Smith).",IND,BLT,PASS,24,4,12,11,16,38,3,3,2,2,45,3,3,1,1,1,1,0,,0,,,,00-0035710,1,0,SM,00-0030279,,3,00-0034874,,,,,,,,,,,,,,,0,,,,,,,0,,,,0,,,0,,,,0,,,0,,0.116,00-0035710,0,5
7025,1154531,"(11:47) (No Huddle, Shotgun) 17-D.Jones pass short left to 14-A.Pierce pushed ob at BAL 38 for 14 yards (44-M.Humphrey).",IND,BLT,PASS,21,4,11,47,16,38,3,3,1,10,48,3,14,1,1,1,1,0,,0,,,,00-0035710,1,0,SL,00-0037664,,13,00-0033281,,,,,,,,,,,,,,,0,,,,,,,0,,,,0,,,0,,,,0,,,0,,0.824,00-0035710,0,6
7025,1154532,"(11:26) (No Huddle, Shotgun) 17-D.Jones pass short left to 10-K.Allen to BAL 32 for 6 yards (91-T.Hendrickson).",IND,BLT,PASS,24,4,11,26,16,38,3,3,1,10,62,4,6,1,0,1,1,0,,0,,,,00-0035710,1,0,SL,00-0030279,,3,00-0033935,,,,,,,,,,,,,,,0,,,,,,,0,,,,0,,,0,,,,0,,,0,,0.301,00-0035710,0,6
7025,1154533,"(11:02) (No Huddle, Shotgun) 17-D.Jones pass deep middle to 14-A.Pierce to BAL 9 for 23 yards (0-R.Smith; 24-M.Starks). BAL-44-M.Humphrey was injured during the play.",IND,BLT,PASS,30,4,11,2,16,38,3,3,2,4,68,4,23,1,1,1,1,0,,0,,,,00-0035710,1,0,DM,00-0037664,,16,00-0034874,00-0040688,,,,,,,,,,,,,,0,,,,,,,0,,,,0,,,0,,,,0,,,0,,1.382,00-0035710,1,6
7025,1154534,"(10:32) (Shotgun) 17-D.Jones pass short middle to 84-T.Warren for 9 yards, TOUCHDOWN.",IND,BLT,PASS,6,4,10,32,16,38,3,3,1,9,91,5,9,1,1,1,0,6,,0,,,,00-0035710,1,0,SM,00-0040128,,3,,,,,,,,,,,,,,,,0,,,,,,,0,,,,0,,,0,,,,0,,,1,REC,1.706,00-0035710,0,6
7025,1154535,"3-S.Shrader extra point is GOOD, Center-46-L.Rhodes, Holder-8-R.Sanchez.",IND,BLT,FGXP,0,4,10,26,22,38,3,3,0,0,85,5,0,1,0,0,0,1,,0,,,,,0,0,,,,,,,,,,,,,,,,,,,,0,,,,XP,00-0039576,33,1,,,,0,,,0,,,,0,,,0,,0.069,,0,
7025,1154536,3-S.Shrader kicks 60 yards from IND 35 to BAL 5. 17-C.Moore to BAL 30 for 25 yards (95-A.Adebawore; 55-C.Curry).,BLT,IND,KOFF,4,4,10,26,38,23,3,3,0,0,65,4,0,1,0,0,0,0,,0,,,,,0,0,,,,,,,,,,,,,,,,,,,,0,,,,,,,0,,,,0,,,0,00-0039576,60,35,0,00-0032398,25,0,,0.209,,0,
7025,1154537,(10:22) 22-D.Henry left tackle to BAL 36 for 6 yards (51-A.Davis-Gaither).,BLT,IND,RUSH,37,4,10,22,38,23,3,3,1,10,30,2,6,1,0,0,0,0,00-0032764,0,LT,00-0036298,,,0,0,,,,,,,,,,,,,,,,,,,,0,,,,,,,0,,,,0,,,0,,,,0,,,0,,0.292,,0,5
7025,1154538,(9:45) 22-D.Henry left tackle to BAL 40 for 4 yards (50-B.Boettcher; 94-J.Tillery).,BLT,IND,RUSH,41,4,9,45,38,23,3,3,2,4,36,2,4,1,1,0,0,0,00-0032764,0,LT,00-0041518,00-0035674,,0,0,,,,,,,,,,,,,,,,,,,,0,,,,,,,0,,,,0,,,0,,,,0,,,0,,0.311,,0,4
7025,1154539,(9:04) (Shotgun) 76-C.Vinson reported in as eligible. 22-D.Henry left tackle to BAL 42 for 2 yards (25-A.Haulcy).,BLT,IND,RUSH,42,4,9,4,38,23,3,3,1,10,40,3,2,0,0,1,0,0,00-0032764,0,LT,00-0041043,,,0,0,,,,,,,,,,,,,,,,,,,,0,,,,,,,0,,,,0,,,0,,,,0,,,0,,-0.409,,0,4
7025,1154540,(8:22) 76-C.Vinson reported in as eligible. 8-L.Jackson pass short right to 89-M.Andrews to IND 45 for 13 yards (0-C.Bynum).,BLT,IND,PASS,40,4,8,22,38,23,3,3,2,8,42,3,13,1,1,0,0,0,,0,,,,00-0034796,1,0,SR,00-0034753,,9,00-0036629,,,,,,,,,,,,,,,0,,,,,,,0,,,,0,,,0,,,,0,,,0,,1.451,00-0034796,0,4
7025,1154541,(7:42) 22-D.Henry right tackle to IND 44 for 1 yard (94-J.Tillery).,BLT,IND,RUSH,41,4,7,42,38,23,3,3,1,10,55,3,1,0,0,0,0,0,00-0032764,0,RT,00-0035674,,,0,0,,,,,,,,,,,,,,,,,,,,0,,,,,,,0,,,,0,,,0,,,,0,,,0,,-0.466,,0,4
7025,1154542,(7:01) (Shotgun) 8-L.Jackson pass short right to 43-J.Hill pushed ob at IND 34 for 10 yards (97-L.Latu).,BLT,IND,PASS,37,4,7,1,38,23,3,3,2,9,56,3,10,1,1,1,0,0,,0,,,,00-0034796,1,0,SR,00-0034975,,-1,00-0039340,,,,,,,,,,,,,,,0,,,,,,,0,,,,0,,,0,,,,0,,,0,,1.136,00-0034796,0,4
7025,1154543,(6:24) (Shotgun) 22-D.Henry left guard to IND 29 for 5 yards (93-T.Smith).,BLT,IND,RUSH,40,4,6,24,38,23,3,3,1,10,66,4,5,1,0,1,0,0,00-0032764,0,LG,00-0040207,,,0,0,,,,,,,,,,,,,,,,,,,,0,,,,,,,0,,,,0,,,0,,,,0,,,0,,0.154,,0,4
7025,1154544,(5:44) 76-C.Vinson reported in as eligible. 43-J.Hill right end to IND 29 for no gain (50-B.Boettcher; 51-A.Davis-Gaither).,BLT,IND,RUSH,46,4,5,44,38,23,3,3,2,5,71,4,0,0,0,0,0,0,00-0034975,0,RE,00-0041518,00-0036298,,0,0,,,,,,,,,,,,,,,,,,,,0,,,,,,,0,,,,0,,,0,,,,0,,,0,,-0.663,,0,4
7025,1154545,(4:58) (Shotgun) 43-J.Hill right guard to IND 27 for 2 yards (50-B.Boettcher; 93-T.Smith).,BLT,IND,RUSH,45,4,4,58,38,23,3,3,3,5,71,4,2,0,0,1,0,0,00-0034975,0,RG,00-0041518,00-0040207,,0,0,,,,,,,,,,,,,,,,,,,,0,,,,,,,0,,,,0,,,0,,,,0,,,0,,-1.152,,0,5
7025,1154546,Timeout #1 by BAL at 04:13.,NA,NA,NOPL,0,4,4,13,0,0,0,0,0,0,NA,1,0,0,0,0,0,0,,0,,,,,0,0,,,,,,,,,,,,,,,,,,,,0,,,,,,,0,,,,0,,,0,,,,0,,,0,,0,,0,
7025,1154547,"(4:13) 33-T.Loop 45 yard field goal is GOOD, Center-46-N.Moore, Holder-30-R.Eckley.",BLT,IND,FGXP,4,4,4,13,38,23,2,3,4,3,73,4,0,1,0,0,0,3,,0,,,,,0,0,,,,,,,,,,,,,,,,,,,,0,,,,FG,00-0040074,45,1,,,,0,,,0,,,,0,,,0,,0.898,,0,
7025,1154548,33-T.Loop kicks 61 yards from BAL 35 to IND 4. 20-S.McGowan ran ob at BAL 30 for 66 yards (48-C.Jones).,IND,BLT,KOFF,9,4,4,9,23,41,3,2,0,0,65,4,0,1,0,0,0,0,,0,,,,,0,0,,,,,,,,,,,,,,,,,,,,0,,,,,,,0,,,,0,,,0,00-0040074,61,-5,0,00-0041125,66,0,,2.926,,0,
7025,1154549,(4:00) (Shotgun) 17-D.Jones pass incomplete deep right to 2-J.Downs. ** Injury Update: BAL-44-M.Humphrey has returned to the game.,IND,BLT,PASS,5,4,4,0,23,41,3,2,1,10,70,4,0,0,0,1,0,0,,0,,,,00-0035710,0,0,DR,00-0038997,,20,,,,,,,,,,,,,,,,0,,,,,,,0,,,,0,,,0,,,,0,,,0,,-0.377,00-0035710,1,6
7025,1154550,(3:55) (Shotgun) 17-D.Jones pass short right to 10-K.Allen to BAL 26 for 4 yards (44-M.Humphrey).,IND,BLT,PASS,22,4,3,55,23,41,3,2,2,10,70,4,4,0,0,1,0,0,,0,,,,00-0035710,1,0,SR,00-0030279,,4,00-0033281,,,,,,,,,,,,,,,0,,,,,,,0,,,,0,,,0,,,,0,,,0,,-0.334,00-0035710,1,6
7025,1154551,"(3:33) (No Huddle, Shotgun) 17-D.Jones pass incomplete short right.",IND,BLT,PASS,6,4,3,33,23,41,3,2,3,6,74,4,0,0,0,1,1,0,,0,,,,00-0035710,0,0,SR,,,11,,,,,,,,,,,,,,,,0,,,,,,,0,,,,0,,,0,,,,0,,,0,,-1.049,00-0035710,0,6
7025,1154552,"(3:27) (Shotgun) PENALTY on IND, Delay of Game, 5 yards, enforced at BAL 26 - No Play.",IND,BLT,NOPL,0,4,3,27,23,41,3,2,4,6,74,4,0,0,0,1,0,0,,0,,,,,0,0,,,,,,,,,IND,,Delay of Game,-5,NA,,,,,,,0,,,,,,,0,,,,0,,,0,,,,0,,,0,,-0.51,,0,
7025,1154553,(3:27) (Shotgun) 17-D.Jones sacked at BAL 40 for -9 yards (24-M.Starks).,IND,BLT,PASS,5,4,3,27,23,41,3,2,4,11,69,4,-9,0,0,1,0,0,,0,,,,,0,0,,,,,,,00-0040688,,,,,,,,,,,,,0,,,,,,,0,,,,0,,,0,,,,0,,,0,,-3.375,00-0035710,0,6
7025,1154554,(3:22) 76-C.Vinson reported in as eligible. 22-D.Henry right end to BAL 49 for 9 yards (51-A.Davis-Gaither).,BLT,IND,RUSH,44,4,3,22,41,23,2,3,1,10,40,3,9,1,0,0,0,0,00-0032764,0,RE,00-0036298,,,0,0,,,,,,,,,,,,,,,,,,,,0,,,,,,,0,,,,0,,,0,,,,0,,,0,,0.772,,0,4
7025,1154555,(2:38) 43-J.Hill right end to IND 44 for 7 yards (7-C.Ward).,BLT,IND,RUSH,38,4,2,38,41,23,2,3,2,1,49,3,7,1,1,0,0,0,00-0034975,0,RE,00-0034573,,,0,0,,,,,,,,,,,,,,,,,,,,0,,,,,,,0,,,,0,,,0,,,,0,,,0,,0.362,,0,4
7025,1154556,(2:00) 8-L.Jackson kneels to IND 45 for -1 yards.,BLT,IND,RUSH,42,4,2,0,41,23,2,3,1,10,56,3,-1,0,0,0,0,0,00-0034796,1,,,,,0,0,,,,,,,,,,,,,,,,,,,,0,,,,,,,0,,,,0,,,0,,,,0,,,0,,-0.589,,0,
7025,1154557,(1:18) 8-L.Jackson kneels to IND 46 for -1 yards.,BLT,IND,RUSH,42,4,1,18,41,23,2,3,2,11,55,3,-1,0,0,0,0,0,00-0034796,1,,,,,0,0,,,,,,,,,,,,,,,,,,,,0,,,,,,,0,,,,0,,,0,,,,0,,,0,,-0.551,,0,
7025,1154558,(:36) 8-L.Jackson kneels to IND 47 for -1 yards.,BLT,IND,RUSH,0,4,0,36,41,23,2,3,3,12,54,3,-1,0,0,0,0,0,00-0034796,1,,,,,0,0,,,,,,,,,,,,,,,,,,,,0,,,,,,,0,,,,0,,,0,,,,0,,,0,,-1.713,,0,
7026,1154559,39-C.Little kicks 62 yards from JAX 35 to CLE 3. 22-D.Sampson to CLE 40 for 37 yards (19-J.Cameron; 1-M.Brown).,CLV,JAX,KOFF,8,1,15,0,0,0,3,3,0,0,65,4,0,1,0,0,0,0,,0,,,,,0,0,,,,,,,,,,,,,,,,,,,,0,,,,,,,0,,,,0,,,0,00-0039409,62,25,0,00-0040162,37,0,,0.96,,0,
7026,1154560,(14:52) 4-D.Watson pass short middle to 86-B.Whiteheart to JAX 46 for 14 yards (51-V.Miller; 47-D.Gardeck).,CLV,JAX,PASS,36,1,14,52,0,0,3,3,1,10,40,3,14,1,1,0,0,0,,0,,,,00-0033537,1,0,SM,00-0038710,,6,00-0038570,00-0034473,,,,,,,,,,,,,,0,,,,,,,0,,,,0,,,0,,,,0,,,0,,1.046,00-0033537,0,3
7026,1154561,(14:16) (Shotgun) 10-Q.Judkins up the middle to JAX 42 for 4 yards (91-A.Armstead).,CLV,JAX,RUSH,39,1,14,16,0,0,3,3,1,10,54,3,4,0,0,1,0,0,00-0040784,0,RM,00-0032164,,,0,0,,,,,,,,,,,,,,,,,,,,0,,,,,,,0,,,,0,,,0,,,,0,,,0,,-0.188,,0,3
7026,1154562,(13:37) (Shotgun) 4-D.Watson pass short middle to 1-K.Concepcion to JAX 33 for 9 yards (6-A.Johnson).,CLV,JAX,PASS,40,1,13,37,0,0,3,3,2,6,58,3,9,1,1,1,0,0,,0,,,,00-0033537,1,0,SM,00-0041547,,4,00-0038596,,,,,,,,,,,,,,,0,,,,,,,0,,,,0,,,0,,,,0,,,0,,1.127,00-0033537,0,4
7026,1154563,(12:57) (Shotgun) 10-Q.Judkins left end to JAX 28 for 5 yards (29-E.Murray).,CLV,JAX,RUSH,40,1,12,57,0,0,3,3,1,10,67,4,5,1,0,1,0,0,00-0040784,0,LE,00-0033038,,,0,0,,,,,,,,,,,,,,,,,,,,0,,,,,,,0,,,,0,,,0,,,,0,,,0,,0.179,,0,4
7026,1154564,(12:17) 4-D.Watson pass short left intended for 3-J.Jeudy INTERCEPTED by 23-F.Oluokun [52-D.Hamilton] at JAX 19. 23-F.Oluokun to JAX 41 for 22 yards (74-E.Jenkins).,CLV,JAX,PASS,11,1,12,17,0,0,3,3,2,5,72,4,0,0,0,0,0,0,,0,,,,00-0033537,0,0,SL,00-0036407,00-0034413,9,00-0035526,,,,,,,,,00-0034413,22,,,,,0,,,,,,,0,,,,0,,,0,,,,0,,,0,,-6.362,00-0033537,0,3
7026,1154565,(12:06) 33-B.Tuten right tackle to JAX 44 for 3 yards (5-Q.Williams).,JAX,CLV,RUSH,34,1,12,6,0,0,3,3,1,10,41,3,3,0,0,0,0,0,00-0040719,0,RT,00-0035680,,,0,0,,,,,,,,,,,,,,,,,,,,0,,,,,,,0,,,,0,,,0,,,,0,,,0,,-0.228,,0,5
7026,1154566,(11:32) (Shotgun) 33-B.Tuten up the middle to 50 for 6 yards (21-D.Ward; 33-R.Hickman).,JAX,CLV,RUSH,26,1,11,32,0,0,3,3,2,7,44,3,6,1,0,1,0,0,00-0040719,0,RM,00-0034856,00-0038715,,0,0,,,,,,,,,,,,,,,,,,,,0,,,,,,,0,,,,0,,,0,,,,0,,,0,,0.448,,0,5
7026,1154567,(11:06) (No Huddle) 3-J.Meyers left end to CLE 48 for 2 yards (9-G.Delpit; 5-Q.Williams).,JAX,CLV,RUSH,39,1,11,6,0,0,3,3,3,1,50,3,2,1,1,0,1,0,00-0034960,0,LE,00-0036282,00-0035680,,0,0,,,,,,,,,,,,,,,,,,,,0,,,,,,,0,,,,0,,,0,,,,0,,,0,,0.404,,0,5
7026,1154568,(10:27) 24-C.Rodriguez left tackle to CLE 44 for 4 yards (94-M.Graham; 57-I.McGuire).,JAX,CLV,RUSH,41,1,10,27,0,0,3,3,1,10,52,3,4,0,0,0,0,0,00-0038611,0,LT,00-0040685,00-0038574,,0,0,,,,,,,,,,,,,,,,,,,,0,,,,,,,0,,,,0,,,0,,,,0,,,0,,-0.207,,0,5
7026,1154569,(9:46) 16-T.Lawrence pass short middle to 11-P.Washington to CLE 33 for 11 yards (7-T.Campbell).,JAX,CLV,PASS,41,1,9,46,0,0,3,3,2,6,56,3,11,1,1,0,0,0,,0,,,,00-0036971,1,0,SM,00-0038606,,11,00-0036974,,,,,,,,,,,,,,,0,,,,,,,0,,,,0,,,0,,,,0,,,0,,1.098,00-0036971,0,5
7026,1154570,(9:05) 24-C.Rodriguez left end to CLE 30 for 3 yards (42-E.Mascarenas-Arnold; 49-C.Schwesinger).,JAX,CLV,RUSH,42,1,9,5,0,0,3,3,1,10,67,4,3,0,0,0,0,0,00-0038611,0,LE,00-0040261,00-0040579,,0,0,,,,,,,,,,,,,,,,,,,,0,,,,,,,0,,,,0,,,0,,,,0,,,0,,-0.203,,0,4
7026,1154571,(8:23) (Shotgun) 16-T.Lawrence pass incomplete deep left [49-C.Schwesinger].,JAX,CLV,PASS,5,1,8,23,0,0,3,3,2,7,70,4,0,0,0,1,0,0,,0,,,,00-0036971,0,0,DL,,,20,,,,,,,,,,,,,,,,0,,,,,,,0,,,,0,,,0,,,,0,,,0,,-0.723,00-0036971,0,5
7026,1154572,"(8:18) (Shotgun) 16-T.Lawrence pass deep right to 11-P.Washington for 30 yards, TOUCHDOWN [96-M.Collins].",JAX,CLV,PASS,7,1,8,18,0,0,3,3,3,7,70,4,30,1,1,1,0,6,,0,,,,00-0036971,1,0,DR,00-0038606,,29,,,,,,,,,,,,,,,,0,,,,,,,0,,,,0,,,0,,,,0,,,1,REC,3.943,00-0036971,0,5
7026,1154573,"39-C.Little extra point is GOOD, Center-46-R.Matiscik, Holder-9-L.Cooke.",JAX,CLV,FGXP,0,1,8,11,6,0,3,3,0,0,85,5,0,1,0,0,0,1,,0,,,,,0,0,,,,,,,,,,,,,,,,,,,,0,,,,XP,00-0039409,33,1,,,,0,,,0,,,,0,,,0,,0.068,,0,
7026,1154574,"39-C.Little kicks 65 yards from JAX 35 to CLE 0. 22-D.Sampson to CLE 27 for 27 yards (31-J.Tavai). PENALTY on CLE-28-E.McNeil-Warren, Offensive Holding, 10 yards, enforced at CLE 27.",CLV,JAX,KOFF,6,1,8,11,0,7,3,3,0,0,65,4,0,0,0,0,0,0,,0,,,,,0,0,,,,,,,,,CLV,00-0041471,Offensive Holding,-10,NA,,,,,,,0,,,,,,,0,,,,0,,,0,00-0039409,65,38,0,00-0040162,27,0,,-0.598,,0,
7026,1154575,(8:05) 10-Q.Judkins left end to CLE 21 for 4 yards (6-A.Johnson).,CLV,JAX,RUSH,37,1,8,5,0,7,3,3,1,10,17,1,4,0,0,0,0,0,00-0040784,0,LE,00-0038596,,,0,0,,,,,,,,,,,,,,,,,,,,0,,,,,,,0,,,,0,,,0,,,,0,,,0,,-0.195,,0,4
7026,1154576,(7:28) (Shotgun) 10-Q.Judkins right end to CLE 21 for no gain (2-J.Lewis; 92-D.Striggow).,CLV,JAX,RUSH,41,1,7,28,0,7,3,3,2,6,21,2,0,0,0,1,0,0,00-0040784,0,RE,00-0033928,00-0040342,,0,0,,,,,,,,,,,,,,,,,,,,0,,,,,,,0,,,,0,,,0,,,,0,,,0,,-0.793,,0,5
7026,1154577,(6:47) (Shotgun) 4-D.Watson pass incomplete short right to 44-H.Fannin [47-D.Gardeck].,CLV,JAX,PASS,7,1,6,47,0,7,3,3,3,6,21,2,0,0,0,1,0,0,,0,,,,00-0033537,0,0,SR,00-0040663,,3,,,,,,,,,,,,,,,,0,,,,,,,0,,,,0,,,0,,,,0,,,0,,-1.314,00-0033537,0,5
7026,1154578,"(6:40) 13-C.Bojorquez punts 48 yards to JAX 31, Center-50-R.Sunahara. 11-P.Washington to JAX 26 for -5 yards (50-R.Sunahara).",CLV,JAX,PUNT,16,1,6,40,0,7,3,3,4,6,21,2,0,1,0,0,0,0,,0,,,,,0,0,,,,,,,,,,,,,,,,,,,,0,,,,,,,0,00-0034721,48,53,0,00-0038606,-5,0,,,,0,,,0,,0.595,,0,
7026,1154579,(6:24) 16-T.Lawrence pass incomplete short right.,JAX,CLV,PASS,7,1,6,24,7,0,3,3,1,10,26,2,0,0,0,0,0,0,,0,,,,00-0036971,0,0,SR,,,2,,,,,,,,,,,,,,,,0,,,,,,,0,,,,0,,,0,,,,0,,,0,,-0.568,00-0036971,0,5
7026,1154580,(6:17) (Shotgun) 16-T.Lawrence pass short right to 7-Bri.Thomas ran ob at JAX 36 for 10 yards.,JAX,CLV,PASS,33,1,6,17,7,0,3,3,2,10,26,2,10,1,1,1,0,0,,0,,,,00-0036971,1,0,SR,00-0039893,,10,,,,,,,,,,,,,,,,0,,,,,,,0,,,,0,,,0,,,,0,,,0,,1.314,00-0036971,1,5
7026,1154581,"(5:44) (No Huddle, Shotgun) 16-T.Lawrence pass short left to 11-P.Washington pushed ob at JAX 42 for 6 yards (26-M.Harden).",JAX,CLV,PASS,33,1,5,44,7,0,3,3,1,10,36,2,6,1,0,1,1,0,,0,,,,00-0036971,1,0,SL,00-0038606,,6,00-0039417,,,,,,,,,,,,,,,0,,,,,,,0,,,,0,,,0,,,,0,,,0,,0.149,00-0036971,0,5
7026,1154582,"(5:11) PENALTY on CLE-54-S.Williams, Neutral Zone Infraction, 5 yards, enforced at JAX 42 - No Play.",JAX,CLV,NOPL,16,1,5,11,7,0,3,3,2,4,42,3,0,1,1,0,0,0,,0,,,,,0,0,,,,,,,,,CLV,00-0037665,Neutral Zone Infraction,5,NA,,,,,,,0,,,,,,,0,,,,0,,,0,,,,0,,,0,,0.521,,0,
7026,1154583,"(4:55) (Shotgun) 16-T.Lawrence pass deep right to 7-Bri.Thomas to CLE 36 for 17 yards (21-D.Ward; 49-C.Schwesinger). FUMBLES (21-D.Ward), recovered by JAX-33-B.Tuten at CLE 41.",JAX,CLV,PASS,32,1,4,55,7,0,3,3,1,10,47,3,12,1,1,1,0,0,,0,,,,00-0036971,1,0,DR,00-0039893,,16,00-0034856,00-0040579,,,,,,,,,,00-0039893,00-0040719,0,00-0034856,0,,,,,,,0,,,,0,,,0,,,,0,,,0,,0.689,00-0036971,1,5
7026,1154584,"(4:23) PENALTY on JAX-73-R.Hainsey, False Start, 5 yards, enforced at CLE 41 - No Play.",JAX,CLV,NOPL,20,1,4,23,7,0,3,3,1,10,59,3,0,0,0,0,0,0,,0,,,,,0,0,,,,,,,,,JAX,00-0036985,False Start,-5,NA,,,,,,,0,,,,,,,0,,,,0,,,0,,,,0,,,0,,-0.739,,0,
7026,1154585,"(4:03) 16-T.Lawrence left end to CLE 44 for 2 yards. 16-T.Lawrence pass incomplete short left [49-C.Schwesinger]. PENALTY on JAX-16-T.Lawrence, Illegal Forward Pass, 5 yards, enforced at CLE 44.",JAX,CLV,RUSH,8,1,4,3,7,0,3,3,1,15,54,3,2,0,0,0,0,0,00-0036971,0,LE,,,,0,0,,,,,,,,,JAX,00-0036971,Illegal Forward Pass,-5,NA,,,,,,,0,,,,,,,0,,,,0,,,0,,,,0,,,0,,-0.754,,0,5
7026,1154586,(3:55) (Shotgun) 16-T.Lawrence pass deep left to 11-P.Washington to CLE 27 for 22 yards (33-R.Hickman).,JAX,CLV,PASS,41,1,3,55,7,0,3,3,2,18,51,3,22,1,1,1,0,0,,0,,,,00-0036971,1,0,DL,00-0038606,,19,00-0038715,,,,,,,,,,,,,,,0,,,,,,,0,,,,0,,,0,,,,0,,,0,,2.34,00-0036971,0,5
7026,1154587,(3:14) (No Huddle) 16-T.Lawrence pass deep right to 7-Bri.Thomas to CLE 9 for 18 yards (7-T.Campbell).,JAX,CLV,PASS,46,1,3,14,7,0,3,3,1,10,73,4,18,1,1,0,1,0,,0,,,,00-0036971,1,0,DR,00-0039893,,18,00-0036974,,,,,,,,,,,,,,,0,,,,,,,0,,,,0,,,0,,,,0,,,0,,0.974,00-0036971,0,5
7026,1154588,(2:28) 24-C.Rodriguez up the middle to CLE 4 for 5 yards (49-C.Schwesinger; 54-S.Williams).,JAX,CLV,RUSH,41,1,2,28,7,0,3,3,1,9,91,5,5,1,0,0,0,0,00-0038611,0,RM,00-0040579,00-0037665,,0,0,,,,,,,,,,,,,,,,,,,,0,,,,,,,0,,,,0,,,0,,,,0,,,0,,0.315,,0,4
7026,1154589,"(1:47) 16-T.Lawrence pass short middle to 19-J.Cameron for 4 yards, TOUCHDOWN.",JAX,CLV,PASS,5,1,1,47,7,0,3,3,2,4,96,5,4,1,1,0,0,6,,0,,,,00-0036971,1,0,SM,00-0041100,,4,,,,,,,,,,,,,,,,0,,,,,,,0,,,,0,,,0,,,,0,,,1,REC,1.327,00-0036971,0,4
7026,1154590,"39-C.Little extra point is GOOD, Center-46-R.Matiscik, Holder-9-L.Cooke.",JAX,CLV,FGXP,0,1,1,42,13,0,3,3,0,0,85,5,0,1,0,0,0,1,,0,,,,,0,0,,,,,,,,,,,,,,,,,,,,0,,,,XP,00-0039409,33,1,,,,0,,,0,,,,0,,,0,,0.068,,0,
7026,1154591,"39-C.Little kicks 65 yards from JAX 35 to end zone, Touchback to the CLE 35.",CLV,JAX,KOFF,0,1,1,42,0,14,3,3,0,0,65,4,0,1,0,0,0,0,,0,,,,,0,0,,,,,,,,,,,,,,,,,,,,0,,,,,,,0,,,,0,,,0,00-0039409,65,65,1,,0,0,,0.521,,0,
7026,1154592,(1:42) 4-D.Watson sacked ob at CLE 34 for -1 yards (44-T.Walker).,CLV,JAX,PASS,33,1,1,42,0,14,3,3,1,10,35,2,-1,0,0,0,0,0,,0,,,,,0,0,,,,,,,00-0037235,,,,,,,,,,,,,0,,,,,,,0,,,,0,,,0,,,,0,,,0,,-0.693,00-0033537,0,3
7026,1154593,(1:09) (Shotgun) 4-D.Watson pass short middle to 10-Q.Judkins pushed ob at CLE 35 for 1 yard (51-V.Miller).,CLV,JAX,PASS,31,1,1,9,0,14,3,3,2,11,34,2,1,0,0,1,0,0,,0,,,,00-0033537,1,0,SM,00-0040784,,0,00-0038570,,,,,,,,,,,,,,,0,,,,,,,0,,,,0,,,0,,,,0,,,0,,-0.619,00-0033537,0,4
7026,1154594,"(:38) (Shotgun) 4-D.Watson sacked at CLE 26 for -9 yards (sack split by 41-J.Hines-Allen and 44-T.Walker). FUMBLES (41-J.Hines-Allen) [41-J.Hines-Allen], and recovers at CLE 27.",CLV,JAX,PASS,38,1,0,38,0,14,3,3,3,10,35,2,-8,0,0,1,0,0,,0,,,,,0,0,,,,,,,00-0035642,00-0037235,,,,,,,,00-0033537,00-0033537,0,00-0035642,0,,,,,,,0,,,,0,,,0,,,,0,,,0,,-1.786,00-0033537,1,5
7026,1154595,"(15:00) 13-C.Bojorquez punts 45 yards to JAX 28, Center-50-R.Sunahara, fair catch by 11-P.Washington.",CLV,JAX,PUNT,8,2,15,0,0,14,3,3,4,18,27,2,0,1,0,0,0,0,,0,,,,,0,0,,,,,,,,,,,,,,,,,,,,0,,,,,,,0,00-0034721,45,45,0,00-0038606,0,1,,,,0,,,0,,0.355,,0,
7026,1154596,(14:52) 16-T.Lawrence pass short right to 87-N.Boerkircher to JAX 37 for 9 yards (5-Q.Williams).,JAX,CLV,PASS,39,2,14,52,14,0,3,3,1,10,28,2,9,1,0,0,0,0,,0,,,,00-0036971,1,0,SR,00-0041503,,2,00-0035680,,,,,,,,,,,,,,,0,,,,,,,0,,,,0,,,0,,,,0,,,0,,0.932,00-0036971,0,5
7026,1154597,(14:13) 16-T.Lawrence pass incomplete deep right to 11-P.Washington.,JAX,CLV,PASS,6,2,14,13,14,0,3,3,2,1,37,2,0,0,0,0,0,0,,0,,,,00-0036971,0,0,DR,00-0038606,,23,,,,,,,,,,,,,,,,0,,,,,,,0,,,,0,,,0,,,,0,,,0,,-0.569,00-0036971,0,5
7026,1154598,(14:07) (Shotgun) 64-W.Milum reported in as eligible. Direct snap to 24-C.Rodriguez. 24-C.Rodriguez up the middle to JAX 39 for 2 yards (49-C.Schwesinger; 33-R.Hickman).,JAX,CLV,RUSH,37,2,14,7,14,0,3,3,3,1,37,2,2,1,1,1,0,0,00-0038611,0,RM,00-0040579,00-0038715,,0,0,,,,,,,,,,,,,,,,,,,,0,,,,,,,0,,,,0,,,0,,,,0,,,0,,0.406,,0,4
7026,1154599,(13:30) 12-T.Hunter right end to JAX 42 for 3 yards (54-S.Williams; 21-D.Ward).,JAX,CLV,RUSH,39,2,13,30,14,0,3,3,1,10,39,2,3,0,0,0,0,0,00-0040718,0,RE,00-0037665,00-0034856,,0,0,,,,,,,,,,,,,,,,,,,,0,,,,,,,0,,,,0,,,0,,,,0,,,0,,-0.27,,0,5
7026,1154600,(12:51) (Shotgun) 16-T.Lawrence pass short left to 3-J.Meyers to 50 for 8 yards (7-T.Campbell; 26-M.Harden).,JAX,CLV,PASS,43,2,12,51,14,0,3,3,2,7,42,3,8,1,1,1,0,0,,0,,,,00-0036971,1,0,SL,00-0034960,,-3,00-0036974,00-0039417,,,,,,,,,,,,,,0,,,,,,,0,,,,0,,,0,,,,0,,,0,,0.945,00-0036971,0,5
7026,1154601,(12:08) 33-B.Tuten left end to CLE 45 for 5 yards (7-T.Campbell; 98-A.Huntington).,JAX,CLV,RUSH,44,2,12,8,14,0,3,3,1,10,50,3,5,0,0,0,0,0,00-0040719,0,LE,00-0036974,00-0040255,,0,0,,,,,,,,,,,,,,,,,,,,0,,,,,,,0,,,,0,,,0,,,,0,,,0,,-0.016,,0,4
7026,1154602,(11:24) 33-B.Tuten right guard to CLE 38 for 7 yards (33-R.Hickman; 28-E.McNeil-Warren).,JAX,CLV,RUSH,40,2,11,24,14,0,3,3,2,5,55,3,7,1,1,0,0,0,00-0040719,0,RG,00-0038715,00-0041471,,0,0,,,,,,,,,,,,,,,,,,,,0,,,,,,,0,,,,0,,,0,,,,0,,,0,,0.777,,0,5
7026,1154603,(10:44) 16-T.Lawrence pass incomplete short right to 80-Q.Morris.,JAX,CLV,PASS,5,2,10,44,14,0,3,3,1,10,62,4,0,0,0,0,0,0,,0,,,,00-0036971,0,0,SR,00-0036590,,2,,,,,,,,,,,,,,,,0,,,,,,,0,,,,0,,,0,,,,0,,,0,,-0.527,00-0036971,0,5
7026,1154604,(10:39) (Shotgun) 16-T.Lawrence pass short left to 12-T.Hunter to CLE 30 for 8 yards (94-M.Graham).,JAX,CLV,PASS,41,2,10,39,14,0,3,3,2,10,62,4,8,1,0,1,0,0,,0,,,,00-0036971,1,0,SL,00-0040718,,-3,00-0040685,,,,,,,,,,,,,,,0,,,,,,,0,,,,0,,,0,,,,0,,,0,,0.334,00-0036971,0,5
7026,1154605,(9:58) (Shotgun) 24-C.Rodriguez up the middle to CLE 29 for 1 yard (57-I.McGuire; 49-C.Schwesinger).,JAX,CLV,RUSH,45,2,9,58,14,0,3,3,3,2,70,4,1,0,0,1,0,0,00-0038611,0,RM,00-0038574,00-0040579,,0,0,,,,,,,,,,,,,,,,,,,,0,,,,,,,0,,,,0,,,0,,,,0,,,0,,-1.673,,0,5
7026,1154606,"(9:13) 39-C.Little 47 yard field goal is GOOD, Center-46-R.Matiscik, Holder-9-L.Cooke.",JAX,CLV,FGXP,4,2,9,13,14,0,3,3,4,1,71,4,0,1,0,0,0,3,,0,,,,,0,0,,,,,,,,,,,,,,,,,,,,0,,,,FG,00-0039409,47,1,,,,0,,,0,,,,0,,,0,,1.357,,0,
7026,1154607,39-C.Little kicks 60 yards from JAX 35 to CLE 5. 11-M.Corley to CLE 39 for 34 yards (29-E.Murray; 1-M.Brown).,CLV,JAX,KOFF,10,2,9,9,0,17,3,3,0,0,65,4,0,1,0,0,0,0,,0,,,,,0,0,,,,,,,,,,,,,,,,,,,,0,,,,,,,0,,,,0,,,0,00-0039409,60,26,0,00-0039920,34,0,,0.799,,0,
7026,1154608,(8:59) (Shotgun) 10-Q.Judkins up the middle to CLE 40 for 1 yard (91-A.Armstead; 52-D.Hamilton). CLE-77-Z.Johnson was injured during the play.,CLV,JAX,RUSH,21,2,8,59,0,17,3,3,1,10,39,2,1,0,0,1,0,0,00-0040784,0,RM,00-0032164,00-0036262,,0,0,,,,,,,,,,,,,,,,,,,,0,,,,,,,0,,,,0,,,0,,,,0,,,0,,-0.488,,0,3
7026,1154609,"(8:38) 4-D.Watson pass short left to 1-K.Concepcion to CLE 45 for 5 yards (51-V.Miller) [44-T.Walker]. FUMBLES (51-V.Miller), touched at CLE 46, RECOVERED by JAX-41-J.Hines-Allen at CLE 44.",CLV,JAX,PASS,11,2,8,38,0,17,3,3,2,9,40,3,5,0,0,0,0,0,,0,,,,00-0033537,1,0,SL,00-0041547,,-2,00-0038570,,,,,,,,,,,00-0041547,00-0035642,0,00-0038570,1,,,,,,,0,,,,0,,,0,,,,0,,,0,,-4.295,00-0033537,0,4
7026,1154610,(8:27) 33-B.Tuten left end to CLE 32 for 12 yards (28-E.McNeil-Warren).,JAX,CLV,RUSH,42,2,8,27,17,0,3,3,1,10,56,3,12,1,1,0,0,0,00-0040719,0,LE,00-0041471,,,0,0,,,,,,,,,,,,,,,,,,,,0,,,,,,,0,,,,0,,,0,,,,0,,,0,,0.788,,0,5
7026,1154611,(7:45) 33-B.Tuten right tackle to CLE 28 for 4 yards (33-R.Hickman).,JAX,CLV,RUSH,41,2,7,45,17,0,3,3,1,10,68,4,4,0,0,0,0,0,00-0040719,0,RT,00-0038715,,,0,0,,,,,,,,,,,,,,,,,,,,0,,,,,,,0,,,,0,,,0,,,,0,,,0,,-0.081,,0,4
7026,1154612,(7:04) (Shotgun) 16-T.Lawrence pass incomplete short middle to 85-B.Strange (9-G.Delpit).,JAX,CLV,PASS,6,2,7,4,17,0,3,3,2,6,72,4,0,0,0,1,0,0,,0,,,,00-0036971,0,0,SM,00-0038935,00-0036282,11,,,,,,,,,,,,,,,,0,,,,,,,0,,,,0,,,0,,,,0,,,0,,-0.589,00-0036971,0,5
7026,1154613,"(6:58) (No Huddle, Shotgun) 16-T.Lawrence pass short left to 11-P.Washington ran ob at CLE 14 for 14 yards.",JAX,CLV,PASS,34,2,6,58,17,0,3,3,3,6,72,4,14,1,1,1,1,0,,0,,,,00-0036971,1,0,SL,00-0038606,,14,,,,,,,,,,,,,,,,0,,,,,,,0,,,,0,,,0,,,,0,,,0,,1.801,00-0036971,0,5
7026,1154614,"(6:24) (Shotgun) 16-T.Lawrence pass short middle to 85-B.Strange for 14 yards, TOUCHDOWN.",JAX,CLV,PASS,6,2,6,24,17,0,3,3,1,10,86,5,14,1,1,1,0,6,,0,,,,00-0036971,1,0,SM,00-0038935,,14,,,,,,,,,,,,,,,,0,,,,,,,0,,,,0,,,0,,,,0,,,1,REC,2.129,00-0036971,0,5
7026,1154615,"39-C.Little extra point is GOOD, Center-46-R.Matiscik, Holder-9-L.Cooke.",JAX,CLV,FGXP,0,2,6,18,23,0,3,3,0,0,85,5,0,1,0,0,0,1,,0,,,,,0,0,,,,,,,,,,,,,,,,,,,,0,,,,XP,00-0039409,33,1,,,,0,,,0,,,,0,,,0,,0.068,,0,
7026,1154616,39-C.Little kicks 61 yards from JAX 35 to CLE 4. 23-R.Sanders to CLE 35 for 31 yards (50-B.Combs).,CLV,JAX,KOFF,7,2,6,18,0,24,3,3,0,0,65,4,0,1,0,0,0,0,,0,,,,,0,0,,,,,,,,,,,,,,,,,,,,0,,,,,,,0,,,,0,,,0,00-0039409,61,30,0,00-0040466,31,0,,0.561,,0,
7026,1154617,(6:11) (Shotgun) 1-K.Concepcion left end to CLE 43 for 8 yards (27-C.Ransaw). ** Injury Update: CLE-77-Z.Johnson has returned to the game.,CLV,JAX,RUSH,33,2,6,11,0,24,3,3,1,10,35,2,8,1,0,1,0,0,00-0041547,0,LE,00-0040145,,,0,0,,,,,,,,,,,,,,,,,,,,0,,,,,,,0,,,,0,,,0,,,,0,,,0,,0.584,,0,5
7026,1154618,(5:38) (Shotgun) 4-D.Watson left end to CLE 46 for 3 yards (51-V.Miller).,CLV,JAX,RUSH,39,2,5,38,0,24,3,3,2,2,43,3,3,1,1,1,0,0,00-0033537,0,LE,00-0038570,,,0,0,,,,,,,,,,,,,,,,,,,,0,,,,,,,0,,,,0,,,0,,,,0,,,0,,0.098,,0,5
7026,1154619,(4:59) 4-D.Watson pass incomplete deep middle to 1-K.Concepcion (44-T.Walker).,CLV,JAX,PASS,7,2,4,59,0,24,3,3,1,10,46,3,0,0,0,0,0,0,,0,,,,00-0033537,0,0,DM,00-0041547,00-0037235,35,,,,,,,,,,,,,,,,0,,,,,,,0,,,,0,,,0,,,,0,,,0,,-0.809,00-0033537,1,4
7026,1154620,Timeout #1 by CLE at 04:52.,NA,NA,NOPL,0,2,4,52,0,0,0,0,0,0,NA,1,0,0,0,0,0,0,,0,,,,,0,0,,,,,,,,,,,,,,,,,,,,0,,,,,,,0,,,,0,,,0,,,,0,,,0,,0,,0,
7026,1154621,(4:52) (Shotgun) 4-D.Watson pass incomplete short right to 3-J.Jeudy.,CLV,JAX,PASS,5,2,4,52,0,24,2,3,2,10,46,3,0,0,0,1,0,0,,0,,,,00-0033537,0,0,SR,00-0036407,,14,,,,,,,,,,,,,,,,0,,,,,,,0,,,,0,,,0,,,,0,,,0,,-0.697,00-0033537,0,5
7026,1154622,(4:47) (Shotgun) 4-D.Watson scrambles right end to 50 for 4 yards (23-F.Oluokun).,CLV,JAX,RUSH,45,2,4,47,0,24,2,3,3,10,46,3,4,0,0,1,0,0,00-0033537,0,RE,00-0034413,,,0,0,,,,,,,,,,,,,,,,,,,,0,,,,,,,0,,,,0,,,0,,,,0,,,0,,-1.015,00-0033537,1,5
7026,1154623,"(4:02) 13-C.Bojorquez punts 37 yards to JAX 13, Center-50-R.Sunahara, fair catch by 11-P.Washington.",CLV,JAX,PUNT,8,2,4,2,0,24,2,3,4,6,50,3,0,0,0,0,0,0,,0,,,,,0,0,,,,,,,,,,,,,,,,,,,,0,,,,,,,0,00-0034721,37,37,0,00-0038606,0,1,,,,0,,,0,,-0.124,,0,
7026,1154624,(3:54) 20-A.Abdullah right guard to JAX 24 for 11 yards (28-E.McNeil-Warren; 33-R.Hickman).,JAX,CLV,RUSH,36,2,3,54,24,0,3,2,1,10,13,1,11,1,1,0,0,0,00-0032104,0,RG,00-0041471,00-0038715,,0,0,,,,,,,,,,,,,,,,,,,,0,,,,,,,0,,,,0,,,0,,,,0,,,0,,0.512,,0,5
7026,1154625,(3:18) 20-A.Abdullah left tackle to JAX 33 for 9 yards (8-J.Verse).,JAX,CLV,RUSH,43,2,3,18,24,0,3,2,1,10,24,2,9,1,0,0,0,0,00-0032104,0,LT,00-0039852,,,0,0,,,,,,,,,,,,,,,,,,,,0,,,,,,,0,,,,0,,,0,,,,0,,,0,,0.679,,0,5
7026,1154626,(2:35) 20-A.Abdullah left tackle to JAX 33 for no gain (7-T.Campbell).,JAX,CLV,RUSH,35,2,2,35,24,0,3,2,2,1,33,2,0,0,0,0,0,0,00-0032104,0,LT,00-0036974,,,0,0,,,,,,,,,,,,,,,,,,,,0,,,,,,,0,,,,0,,,0,,,,0,,,0,,-0.452,,0,5
7026,1154627,(2:00) 16-T.Lawrence sacked at JAX 22 for -11 yards (94-M.Graham). ** Injury Update: JAX-7-Bri.Thomas has returned to the game.,JAX,CLV,PASS,15,2,2,0,24,0,3,2,3,1,33,2,-11,0,0,0,0,0,,0,,,,,0,0,,,,,,,00-0040685,,,,,,,,,,,,,0,,,,,,,0,,,,0,,,0,,,,0,,,0,,-2.002,00-0036971,0,5
7026,1154628,Timeout #2 by CLE at 01:45.,NA,NA,NOPL,0,2,1,45,0,0,0,0,0,0,NA,1,0,0,0,0,0,0,,0,,,,,0,0,,,,,,,,,,,,,,,,,,,,0,,,,,,,0,,,,0,,,0,,,,0,,,0,,0,,0,
7026,1154629,"(1:45) 9-L.Cooke punts 58 yards to CLE 20, Center-46-R.Matiscik. 1-K.Concepcion to CLE 30 for 10 yards (46-R.Matiscik; 80-Q.Morris).",JAX,CLV,PUNT,13,2,1,45,24,0,3,1,4,12,22,2,0,0,0,0,0,0,,0,,,,,0,0,,,,,,,,,,,,,,,,,,,,0,,,,,,,0,00-0034437,58,48,0,00-0041547,10,0,,,,0,,,0,,-0.326,,0,
7026,1154630,(1:32) (Shotgun) 4-D.Watson pass short left to 3-J.Jeudy to 50 for 20 yards (27-C.Ransaw; 23-F.Oluokun).,CLV,JAX,PASS,18,2,1,32,0,24,1,3,1,10,30,2,20,1,1,1,0,0,,0,,,,00-0033537,1,0,SL,00-0036407,,12,00-0040145,00-0034413,,,,,,,,,,,,,,0,,,,,,,0,,,,0,,,0,,,,0,,,0,,0.808,00-0033537,0,5
7026,1154631,"(1:14) (No Huddle, Shotgun) 4-D.Watson pass short right to 23-R.Sanders to JAX 39 for 11 yards (6-A.Johnson).",CLV,JAX,PASS,23,2,1,14,0,24,1,3,1,10,50,3,11,1,1,1,1,0,,0,,,,00-0033537,1,0,SR,00-0040466,,-1,00-0038596,,,,,,,,,,,,,,,0,,,,,,,0,,,,0,,,0,,,,0,,,0,,0.497,00-0033537,0,5
7026,1154632,"(:51) (No Huddle, Shotgun) 4-D.Watson pass incomplete short right to 0-I.Bond. PENALTY on CLE-77-Z.Johnson, Offensive Holding, 10 yards, enforced at JAX 39 - No Play.",CLV,JAX,NOPL,7,2,0,51,0,24,1,3,1,10,61,4,0,0,0,1,1,0,,0,,,,00-0033537,0,0,,,,0,,,,,CLV,00-0037818,Offensive Holding,-10,NA,,,,,,,0,,,,,,,0,,,,0,,,0,,,,0,,,0,,-0.821,00-0033537,1,5
7026,1154633,"(:44) (Shotgun) PENALTY on CLE-71-T.Howard, False Start, 5 yards, enforced at JAX 49 - No Play.",CLV,JAX,NOPL,0,2,0,44,0,24,1,3,1,20,51,3,0,0,0,1,0,0,,0,,,,,0,0,,,,,,,,,CLV,00-0035234,False Start,-5,NA,,,,,,,0,,,,,,,0,,,,0,,,0,,,,0,,,0,,-0.441,,0,
7026,1154634,"(:44) (Shotgun) PENALTY on CLE, Delay of Game, 5 yards, enforced at CLE 46 - No Play.",CLV,JAX,NOPL,0,2,0,44,0,24,1,3,1,25,46,3,0,0,0,1,0,0,,0,,,,,0,0,,,,,,,,,CLV,,Delay of Game,-5,NA,,,,,,,0,,,,,,,0,,,,0,,,0,,,,0,,,0,,-0.363,,0,
7026,1154635,(:44) (Shotgun) 4-D.Watson pass short left to 3-J.Jeudy pushed ob at CLE 47 for 6 yards (23-F.Oluokun).,CLV,JAX,PASS,6,2,0,44,0,24,1,3,1,30,41,3,6,1,0,1,0,0,,0,,,,00-0033537,1,0,SL,00-0036407,,5,00-0034413,,,,,,,,,,,,,,,0,,,,,,,0,,,,0,,,0,,,,0,,,0,,0.163,00-0033537,0,5
7026,1154636,"(:38) (Shotgun) 4-D.Watson scrambles left tackle to JAX 44 for 9 yards (6-A.Johnson). PENALTY on CLE-77-Z.Johnson, Offensive Holding, 10 yards, enforced at CLE 47 - No Play.",CLV,JAX,NOPL,7,2,0,38,0,24,1,3,2,24,47,3,0,0,0,1,0,0,,0,,,,00-0033537,0,0,,,,0,,,,,CLV,00-0037818,Offensive Holding,-10,NA,,,,,,,0,,,,,,,0,,,,0,,,0,,,,0,,,0,,-0.638,00-0033537,1,5
7026,1154637,(:31) (Shotgun) 4-D.Watson pass short left to 23-R.Sanders to CLE 46 for 9 yards (27-C.Ransaw).,CLV,JAX,PASS,23,2,0,31,0,24,1,3,2,34,37,2,9,0,0,1,0,0,,0,,,,00-0033537,1,0,SL,00-0040466,,-5,00-0040145,,,,,,,,,,,,,,,0,,,,,,,0,,,,0,,,0,,,,0,,,0,,-0.149,00-0033537,0,5
7026,1154638,"(:08) (No Huddle, Shotgun) 4-D.Watson pass incomplete deep left to 12-D.Boston.",CLV,JAX,PASS,8,2,0,8,0,24,1,3,3,25,46,3,0,0,0,1,1,0,,0,,,,00-0033537,0,0,DL,00-0041037,,53,,,,,,,,,,,,,,,,0,,,,,,,0,,,,0,,,0,,,,0,,,0,,-0.26,00-0033537,0,5
7026,1154639,25-A.Szmyt kicks 60 yards from CLE 35 to JAX 5. 20-A.Abdullah to JAX 40 for 35 yards (48-C.Ryan; 31-D.McMillon).,JAX,CLV,KOFF,7,3,15,0,24,0,3,3,0,0,65,4,0,1,0,0,0,0,,0,,,,,0,0,,,,,,,,,,,,,,,,,,,,0,,,,,,,0,,,,0,,,0,00-0038428,60,25,0,00-0032104,35,0,,0.949,,0,
7026,1154640,(14:53) 33-B.Tuten left end pushed ob at 50 for 10 yards (49-C.Schwesinger).,JAX,CLV,RUSH,33,3,14,53,24,0,3,3,1,10,40,3,10,1,1,0,0,0,00-0040719,0,LE,00-0040579,,,0,0,,,,,,,,,,,,,,,,,,,,0,,,,,,,0,,,,0,,,0,,,,0,,,0,,0.65,,0,4
7026,1154641,"(14:20) (Shotgun) PENALTY on CLE-94-M.Graham, Neutral Zone Infraction, 5 yards, enforced at 50 - No Play.",JAX,CLV,NOPL,15,3,14,20,24,0,3,3,1,10,50,3,0,1,0,1,0,0,,0,,,,,0,0,,,,,,,,,CLV,00-0040685,Neutral Zone Infraction,5,NA,,,,,,,0,,,,,,,0,,,,0,,,0,,,,0,,,0,,0.507,,0,
7026,1154642,(14:05) (Shotgun) 16-T.Lawrence pass short left to 33-B.Tuten to CLE 23 for 22 yards (9-G.Delpit).,JAX,CLV,PASS,46,3,14,5,24,0,3,3,1,5,55,3,22,1,1,1,0,0,,0,,,,00-0036971,1,0,SL,00-0040719,,-5,00-0036282,,,,,,,,,,,,,,,0,,,,,,,0,,,,0,,,0,,,,0,,,0,,1.261,00-0036971,0,4
7026,1154643,"(13:19) (Shotgun) 33-B.Tuten left guard to CLE 27 for -4 yards (94-M.Graham, 7-T.Campbell).",JAX,CLV,RUSH,40,3,13,19,24,0,3,3,1,10,77,4,-4,0,0,1,0,0,00-0040719,0,LG,00-0040685,00-0036974,,0,0,,,,,,,,,,,,,,,,,,,,0,,,,,,,0,,,,0,,,0,,,,0,,,0,,-1.261,,0,5
7026,1154644,"(12:39) (Shotgun) PENALTY on JAX-85-B.Strange, False Start, 5 yards, enforced at CLE 27 - No Play.",JAX,CLV,NOPL,21,3,12,39,24,0,3,3,2,14,73,4,0,0,0,1,0,0,,0,,,,,0,0,,,,,,,,,JAX,00-0038935,False Start,-5,NA,,,,,,,0,,,,,,,0,,,,0,,,0,,,,0,,,0,,-0.379,,0,
7026,1154645,"(12:18) (Shotgun) 16-T.Lawrence pass deep left to 3-J.Meyers for 32 yards, TOUCHDOWN.",JAX,CLV,PASS,10,3,12,18,24,0,3,3,2,19,68,4,32,1,1,1,0,6,,0,,,,00-0036971,1,0,DL,00-0034960,,32,,,,,,,,,,,,,,,,0,,,,,,,0,,,,0,,,0,,,,0,,,1,REC,3.798,00-0036971,1,5
7026,1154646,"39-C.Little extra point is GOOD, Center-46-R.Matiscik, Holder-9-L.Cooke.",JAX,CLV,FGXP,0,3,12,8,30,0,3,3,0,0,85,5,0,1,0,0,0,1,,0,,,,,0,0,,,,,,,,,,,,,,,,,,,,0,,,,XP,00-0039409,33,1,,,,0,,,0,,,,0,,,0,,0.068,,0,
7026,1154647,39-C.Little kicks 62 yards from JAX 35 to CLE 3. 23-R.Sanders pushed ob at JAX 23 for 74 yards (1-M.Brown).,CLV,JAX,KOFF,9,3,12,8,0,31,3,3,0,0,65,4,0,1,0,0,0,0,,0,,,,,0,0,,,,,,,,,,,,,,,,,,,,0,,,,,,,0,,,,0,,,0,00-0039409,62,-12,0,00-0040466,74,0,,3.57,,0,
7026,1154648,(11:59) 10-Q.Judkins left end to JAX 24 for -1 yards (51-V.Miller).,CLV,JAX,RUSH,39,3,11,59,0,31,3,3,1,10,77,4,-1,0,0,0,0,0,00-0040784,0,LE,00-0038570,,,0,0,,,,,,,,,,,,,,,,,,,,0,,,,,,,0,,,,0,,,0,,,,0,,,0,,-0.774,,0,3
7026,1154649,(11:20) (Shotgun) 4-D.Watson pass short right to 1-K.Concepcion to JAX 20 for 4 yards (12-T.Hunter).,CLV,JAX,PASS,40,3,11,20,0,31,3,3,2,11,76,4,4,0,0,1,0,0,,0,,,,00-0033537,1,0,SR,00-0041547,,4,00-0040718,,,,,,,,,,,,,,,0,,,,,,,0,,,,0,,,0,,,,0,,,0,,-0.193,00-0033537,0,4
7026,1154650,(10:40) (Shotgun) 4-D.Watson scrambles left tackle ran ob at JAX 11 for 9 yards (27-C.Ransaw).,CLV,JAX,RUSH,32,3,10,40,0,31,3,3,3,7,80,5,9,1,1,1,0,0,00-0033537,0,LT,00-0040145,,,0,0,,,,,,,,,,,,,,,,,,,,0,,,,,,,0,,,,0,,,0,,,,0,,,0,,1.499,00-0033537,0,5
7026,1154651,(10:08) (Shotgun) 4-D.Watson left guard to JAX 5 for 6 yards (51-V.Miller).,CLV,JAX,RUSH,42,3,10,8,0,31,3,3,1,10,89,5,6,1,0,1,0,0,00-0033537,0,LG,00-0038570,,,0,0,,,,,,,,,,,,,,,,,,,,0,,,,,,,0,,,,0,,,0,,,,0,,,0,,0.346,,0,4
7026,1154652,(9:26) 10-Q.Judkins up the middle to JAX 3 for 2 yards (41-J.Hines-Allen; 99-R.Orhorhoro).,CLV,JAX,RUSH,48,3,9,26,0,31,3,3,2,4,95,5,2,0,0,0,0,0,00-0040784,0,RM,00-0035642,00-0039733,,0,0,,,,,,,,,,,,,,,,,,,,0,,,,,,,0,,,,0,,,0,,,,0,,,0,,-0.389,,0,4
7026,1154653,"(8:38) (Shotgun) PENALTY on CLE, Delay of Game, 5 yards, enforced at JAX 3 - No Play.",CLV,JAX,NOPL,0,3,8,38,0,31,3,3,3,2,97,5,0,0,0,1,0,0,,0,,,,,0,0,,,,,,,,,CLV,,Delay of Game,-5,NA,,,,,,,0,,,,,,,0,,,,0,,,0,,,,0,,,0,,-0.884,,0,
7026,1154654,(8:38) (Shotgun) 4-D.Watson pass incomplete short left to 12-D.Boston.,CLV,JAX,PASS,4,3,8,38,0,31,3,3,3,7,92,5,0,0,0,1,0,0,,0,,,,00-0033537,0,0,SL,00-0041037,,4,,,,,,,,,,,,,,,,0,,,,,,,0,,,,0,,,0,,,,0,,,0,,-1.15,00-0033537,0,5
7026,1154655,"(8:34) 25-A.Szmyt 26 yard field goal is GOOD, Center-50-R.Sunahara, Holder-13-C.Bojorquez.",CLV,JAX,FGXP,3,3,8,34,0,31,3,3,4,7,92,5,0,1,0,0,0,3,,0,,,,,0,0,,,,,,,,,,,,,,,,,,,,0,,,,FG,00-0038428,26,1,,,,0,,,0,,,,0,,,0,,0.084,,0,
7026,1154656,25-A.Szmyt kicks 58 yards from CLE 35 to JAX 7. 20-A.Abdullah to JAX 31 for 24 yards (11-M.Corley).,JAX,CLV,KOFF,4,3,8,31,31,3,3,3,0,0,65,4,0,1,0,0,0,0,,0,,,,,0,0,,,,,,,,,,,,,,,,,,,,0,,,,,,,0,,,,0,,,0,00-0038428,58,34,0,00-0032104,24,0,,0.366,,0,
7026,1154657,(8:27) (Shotgun) 16-T.Lawrence pass short left to 85-B.Strange to JAX 40 for 9 yards (7-T.Campbell; 98-A.Huntington).,JAX,CLV,PASS,37,3,8,27,31,3,3,3,1,10,31,2,9,1,0,1,0,0,,0,,,,00-0036971,1,0,SL,00-0038935,,9,00-0036974,00-0040255,,,,,,,,,,,,,,0,,,,,,,0,,,,0,,,0,,,,0,,,0,,0.844,00-0036971,0,4
7026,1154658,(7:50) 33-B.Tuten right tackle to JAX 40 for no gain (54-S.Williams; 42-E.Mascarenas-Arnold).,JAX,CLV,RUSH,41,3,7,50,31,3,3,3,2,1,40,3,0,0,0,0,0,0,00-0040719,0,RT,00-0037665,00-0040261,,0,0,,,,,,,,,,,,,,,,,,,,0,,,,,,,0,,,,0,,,0,,,,0,,,0,,-0.589,,0,4
7026,1154659,(7:09) 64-W.Milum reported in as eligible. 16-T.Lawrence up the middle to JAX 41 for 1 yard (49-C.Schwesinger).,JAX,CLV,RUSH,40,3,7,9,31,3,3,3,3,1,40,3,1,1,1,0,0,0,00-0036971,0,RM,00-0040579,,,0,0,,,,,,,,,,,,,,,,,,,,0,,,,,,,0,,,,0,,,0,,,,0,,,0,,0.355,,0,4
7026,1154660,(6:29) 24-C.Rodriguez up the middle to JAX 49 for 8 yards (5-Q.Williams).,JAX,CLV,RUSH,44,3,6,29,31,3,3,3,1,10,41,3,8,1,0,0,0,0,00-0038611,0,RM,00-0035680,,,0,0,,,,,,,,,,,,,,,,,,,,0,,,,,,,0,,,,0,,,0,,,,0,,,0,,0.598,,0,4
7026,1154661,(5:45) 16-T.Lawrence pass short right to 19-J.Cameron pushed ob at CLE 35 for 16 yards (21-D.Ward).,JAX,CLV,PASS,39,3,5,45,31,3,3,3,2,2,49,3,16,1,1,0,0,0,,0,,,,00-0036971,1,0,SR,00-0041100,,14,00-0034856,,,,,,,,,,,,,,,0,,,,,,,0,,,,0,,,0,,,,0,,,0,,0.868,00-0036971,0,4
7026,1154662,(5:06) 33-B.Tuten left end to CLE 23 for 12 yards (33-R.Hickman).,JAX,CLV,RUSH,47,3,5,6,31,3,3,3,1,10,65,4,12,1,1,0,0,0,00-0040719,0,LE,00-0038715,,,0,0,,,,,,,,,,,,,,,,,,,,0,,,,,,,0,,,,0,,,0,,,,0,,,0,,0.851,,0,5
7026,1154663,"(4:19) 33-B.Tuten right guard to CLE 24 for -1 yards (49-C.Schwesinger, 8-J.Verse).",JAX,CLV,RUSH,39,3,4,19,31,3,3,3,1,10,77,4,-1,0,0,0,0,0,00-0040719,0,RG,00-0040579,00-0039852,,0,0,,,,,,,,,,,,,,,,,,,,0,,,,,,,0,,,,0,,,0,,,,0,,,0,,-0.759,,0,5
7026,1154664,"(3:40) (Shotgun) 33-B.Tuten left guard to CLE 17 for 7 yards (96-M.Collins; 5-Q.Williams). PENALTY on JAX-87-N.Boerkircher, Offensive Holding, 10 yards, enforced at CLE 24 - No Play.",JAX,CLV,NOPL,25,3,3,40,31,3,3,3,2,11,76,4,0,0,0,1,0,0,,0,,,,,0,0,,,,,,,,,JAX,00-0041503,Offensive Holding,-10,NA,,,,,,,0,,,,,,,0,,,,0,,,0,,,,0,,,0,,-1.193,,0,5
7026,1154665,(3:15) (Shotgun) 16-T.Lawrence pass short right to 20-A.Abdullah to CLE 34 for no gain (94-M.Graham; 21-D.Ward).,JAX,CLV,PASS,44,3,3,15,31,3,3,3,2,21,66,4,0,0,0,1,0,0,,0,,,,00-0036971,1,0,SR,00-0032104,,-3,00-0040685,00-0034856,,,,,,,,,,,,,,0,,,,,,,0,,,,0,,,0,,,,0,,,0,,-0.748,00-0036971,0,5
7026,1154666,(2:31) (Shotgun) 20-A.Abdullah up the middle to CLE 22 for 12 yards (33-R.Hickman; 49-C.Schwesinger).,JAX,CLV,RUSH,39,3,2,31,31,3,3,3,3,21,66,4,12,1,0,1,0,0,00-0032104,0,RM,00-0038715,00-0040579,,0,0,,,,,,,,,,,,,,,,,,,,0,,,,,,,0,,,,0,,,0,,,,0,,,0,,0.281,,0,5
7026,1154667,"(1:52) 39-C.Little 40 yard field goal is GOOD, Center-46-R.Matiscik, Holder-9-L.Cooke.",JAX,CLV,FGXP,4,3,1,52,31,3,3,3,4,9,78,4,0,1,0,0,0,3,,0,,,,,0,0,,,,,,,,,,,,,,,,,,,,0,,,,FG,00-0039409,40,1,,,,0,,,0,,,,0,,,0,,0.705,,0,
7026,1154668,"39-C.Little kicks 65 yards from JAX 35 to CLE 0. 23-R.Sanders to CLE 37 for 37 yards (51-V.Miller). PENALTY on CLE-40-N.Watson, Offensive Holding, 10 yards, enforced at CLE 25.",CLV,JAX,KOFF,9,3,1,48,3,34,3,3,0,0,65,4,0,0,0,0,0,0,,0,,,,,0,0,,,,,,,,,CLV,00-0039406,Offensive Holding,-10,NA,,,,,,,0,,,,,,,0,,,,0,,,0,00-0039409,65,40,0,00-0040466,25,0,,-0.74,,0,
7026,1154669,(1:39) 4-D.Watson pass short right to 44-H.Fannin to CLE 24 for 9 yards (92-D.Striggow).,CLV,JAX,PASS,49,3,1,39,3,34,3,3,1,10,15,1,9,1,0,0,0,0,,0,,,,00-0033537,1,0,SR,00-0040663,,2,00-0040342,,,,,,,,,,,,,,,0,,,,,,,0,,,,0,,,0,,,,0,,,0,,0.482,00-0033537,0,4
7026,1154670,Timeout #1 by CLE at 00:50.,NA,NA,NOPL,0,3,0,50,0,0,0,0,0,0,NA,1,0,0,0,0,0,0,,0,,,,,0,0,,,,,,,,,,,,,,,,,,,,0,,,,,,,0,,,,0,,,0,,,,0,,,0,,0,,0,
7026,1154671,(:50) 4-D.Watson pass short left to 44-H.Fannin to CLE 36 for 12 yards (23-F.Oluokun) [93-M.Dickerson].,CLV,JAX,PASS,43,3,0,50,3,34,2,3,2,1,24,2,12,1,1,0,0,0,,0,,,,00-0033537,1,0,SL,00-0040663,,5,00-0034413,,,,,,,,,,,,,,,0,,,,,,,0,,,,0,,,0,,,,0,,,0,,0.648,00-0033537,0,5
7026,1154672,(:07) 4-D.Watson sacked at CLE 32 for -4 yards (51-V.Miller).,CLV,JAX,PASS,7,3,0,7,3,34,2,3,1,10,36,2,-4,0,0,0,0,0,,0,,,,,0,0,,,,,,,00-0038570,,,,,,,,,,,,,0,,,,,,,0,,,,0,,,0,,,,0,,,0,,-1.083,00-0033537,0,4
7026,1154673,(15:00) (Shotgun) 4-D.Watson pass deep right to 1-K.Concepcion to JAX 43 for 25 yards (2-J.Lewis).,CLV,JAX,PASS,43,4,15,0,3,34,2,3,2,14,32,2,25,1,1,1,0,0,,0,,,,00-0033537,1,0,DR,00-0041547,,22,00-0033928,,,,,,,,,,,,,,,0,,,,,,,0,,,,0,,,0,,,,0,,,0,,2.366,00-0033537,0,5
7026,1154674,(14:17) 1-K.Concepcion left end to JAX 46 for -3 yards (1-M.Brown).,CLV,JAX,RUSH,41,4,14,17,3,34,2,3,1,10,57,3,-3,0,0,0,0,0,00-0041547,0,LE,00-0037313,,,0,0,,,,,,,,,,,,,,,,,,,,0,,,,,,,0,,,,0,,,0,,,,0,,,0,,-0.984,,0,5
7026,1154675,(13:36) (Shotgun) 4-D.Watson pass short left to 12-D.Boston to JAX 33 for 13 yards (1-M.Brown).,CLV,JAX,PASS,41,4,13,36,3,34,2,3,2,13,54,3,13,1,1,1,0,0,,0,,,,00-0033537,1,0,SL,00-0041037,,11,00-0037313,,,,,,,,,,,,,,,0,,,,,,,0,,,,0,,,0,,,,0,,,0,,1.835,00-0033537,0,6
7026,1154676,(12:55) (Shotgun) 10-Q.Judkins right guard to JAX 30 for 3 yards (51-V.Miller; 52-D.Hamilton).,CLV,JAX,RUSH,40,4,12,55,3,34,2,3,1,10,67,4,3,0,0,1,0,0,00-0040784,0,RG,00-0038570,00-0036262,,0,0,,,,,,,,,,,,,,,,,,,,0,,,,,,,0,,,,0,,,0,,,,0,,,0,,-0.193,,0,5
7026,1154677,(12:15) (Shotgun) 4-D.Watson pass short left to 23-R.Sanders to JAX 25 for 5 yards (2-J.Lewis; 50-B.Combs).,CLV,JAX,PASS,46,4,12,15,3,34,2,3,2,7,70,4,5,1,0,1,0,0,,0,,,,00-0033537,1,0,SL,00-0040466,,0,00-0033928,00-0040326,,,,,,,,,,,,,,0,,,,,,,0,,,,0,,,0,,,,0,,,0,,0.164,00-0033537,0,5
7026,1154678,(11:29) (Shotgun) 23-R.Sanders up the middle to JAX 24 for 1 yard (41-J.Hines-Allen).,CLV,JAX,RUSH,39,4,11,29,3,34,2,3,3,2,75,4,1,0,0,1,0,0,00-0040466,0,RM,00-0035642,,,0,0,,,,,,,,,,,,,,,,,,,,0,,,,,,,0,,,,0,,,0,,,,0,,,0,,-0.754,,0,5
7026,1154679,"(10:50) (Run formation) PENALTY on CLE-86-B.Whiteheart, False Start, 5 yards, enforced at JAX 24 - No Play.",CLV,JAX,NOPL,0,4,10,50,3,34,2,3,4,1,76,4,0,0,0,0,0,0,,0,,,,,0,0,,,,,,,,,CLV,00-0038710,False Start,-5,NA,,,,,,,0,,,,,,,0,,,,0,,,0,,,,0,,,0,,-0.937,,0,
7026,1154680,"(10:50) (Shotgun) 4-D.Watson scrambles left end to JAX 21 for 8 yards (27-C.Ransaw, 47-D.Gardeck). FUMBLES (47-D.Gardeck), RECOVERED by JAX-91-A.Armstead at JAX 22. 91-A.Armstead to JAX 24 for 2 yards (44-H.Fannin). The Replay Official reviewed the runner was not down by contact ruling, and the play was REVERSED. (Shotgun) 4-D.Watson scrambles left end to JAX 22 for 7 yards (27-C.Ransaw).",CLV,JAX,RUSH,22,4,10,50,3,34,2,3,4,6,71,4,7,1,1,1,0,0,00-0033537,0,LE,00-0040145,,,0,0,,,,,,,,,,,,,,,,,,,,0,,,,,,,0,,,,0,,,0,,,,0,,,0,,2.589,00-0033537,0,6
7026,1154681,(10:28) 10-Q.Judkins up the middle to JAX 18 for 4 yards (41-J.Hines-Allen; 93-M.Dickerson).,CLV,JAX,RUSH,43,4,10,28,3,34,2,3,1,10,78,4,4,0,0,0,0,0,00-0040784,0,RM,00-0035642,00-0034657,,0,0,,,,,,,,,,,,,,,,,,,,0,,,,,,,0,,,,0,,,0,,,,0,,,0,,-0.103,,0,3
7026,1154682,(9:45) 10-Q.Judkins right guard to JAX 15 for 3 yards (6-A.Johnson; 51-V.Miller).,CLV,JAX,RUSH,39,4,9,45,3,34,2,3,2,6,82,5,3,0,0,0,0,0,00-0040784,0,RG,00-0038596,00-0038570,,0,0,,,,,,,,,,,,,,,,,,,,0,,,,,,,0,,,,0,,,0,,,,0,,,0,,-0.22,,0,3
7026,1154683,(9:06) (Shotgun) 4-D.Watson sacked at JAX 16 for -1 yards (41-J.Hines-Allen).,CLV,JAX,PASS,44,4,9,6,3,34,2,3,3,3,85,5,-1,0,0,1,0,0,,0,,,,,0,0,,,,,,,00-0035642,,,,,,,,,,,,,0,,,,,,,0,,,,0,,,0,,,,0,,,0,,-1.384,00-0033537,0,4
7026,1154684,(8:22) (Shotgun) 4-D.Watson sacked at JAX 22 for -6 yards (50-B.Combs).,CLV,JAX,PASS,10,4,8,22,3,34,2,3,4,4,84,5,-6,0,0,1,0,0,,0,,,,,0,0,,,,,,,00-0040326,,,,,,,,,,,,,0,,,,,,,0,,,,0,,,0,,,,0,,,0,,-3.675,00-0033537,0,4
7026,1154685,(8:12) 33-B.Tuten left tackle to JAX 29 for 7 yards (9-G.Delpit; 49-C.Schwesinger).,JAX,CLV,RUSH,43,4,8,12,34,3,3,2,1,10,22,2,7,1,0,0,0,0,00-0040719,0,LT,00-0036282,00-0040579,,0,0,,,,,,,,,,,,,,,,,,,,0,,,,,,,0,,,,0,,,0,,,,0,,,0,,0.509,,0,4
7026,1154686,"(7:29) PENALTY on CLE-8-J.Verse, Neutral Zone Infraction, 5 yards, enforced at JAX 29 - No Play.",JAX,CLV,NOPL,19,4,7,29,34,3,3,2,2,3,29,2,0,1,1,0,0,0,,0,,,,,0,0,,,,,,,,,CLV,00-0039852,Neutral Zone Infraction,5,NA,,,,,,,0,,,,,,,0,,,,0,,,0,,,,0,,,0,,0.161,,0,
7026,1154687,(7:10) 33-B.Tuten right tackle to JAX 40 for 6 yards (8-J.Verse).,JAX,CLV,RUSH,46,4,7,10,34,3,3,2,1,10,34,2,6,1,0,0,0,0,00-0040719,0,RT,00-0039852,,,0,0,,,,,,,,,,,,,,,,,,,,0,,,,,,,0,,,,0,,,0,,,,0,,,0,,0.25,,0,4
7026,1154688,(6:24) 33-B.Tuten up the middle to JAX 39 for -1 yards (8-J.Verse).,JAX,CLV,RUSH,45,4,6,24,34,3,3,2,2,4,40,3,-1,0,0,0,0,0,00-0040719,0,RM,00-0039852,,,0,0,,,,,,,,,,,,,,,,,,,,0,,,,,,,0,,,,0,,,0,,,,0,,,0,,-0.995,,0,5
7026,1154689,(5:39) (Shotgun) 33-B.Tuten right tackle to JAX 39 for no gain (54-S.Williams).,JAX,CLV,RUSH,52,4,5,39,34,3,3,2,3,5,39,2,0,0,0,1,0,0,00-0040719,0,RT,00-0037665,,,0,0,,,,,,,,,,,,,,,,,,,,0,,,,,,,0,,,,0,,,0,,,,0,,,0,,-1.433,,0,5
7026,1154690,"(4:47) 9-L.Cooke punts 50 yards to CLE 11, Center-46-R.Matiscik, fair catch by 12-D.Boston.",JAX,CLV,PUNT,8,4,4,47,34,3,3,2,4,5,39,2,0,1,0,0,0,0,,0,,,,,0,0,,,,,,,,,,,,,,,,,,,,0,,,,,,,0,00-0034437,50,50,0,00-0041037,0,1,,,,0,,,0,,0.538,,0,
7026,1154691,(4:39) 1-K.Concepcion right end to CLE 21 for 10 yards (27-C.Ransaw).,CLV,JAX,RUSH,36,4,4,39,3,34,2,3,1,10,11,1,10,1,1,0,0,0,00-0041547,0,RE,00-0040145,,,0,0,,,,,,,,,,,,,,,,,,,,0,,,,,,,0,,,,0,,,0,,,,0,,,0,,0.479,,0,5
7026,1154692,(4:03) (Shotgun) 4-D.Watson up the middle to CLE 30 for 9 yards (50-B.Combs).,CLV,JAX,RUSH,41,4,4,3,3,34,2,3,1,10,21,2,9,1,0,1,0,0,00-0033537,0,RM,00-0040326,,,0,0,,,,,,,,,,,,,,,,,,,,0,,,,,,,0,,,,0,,,0,,,,0,,,0,,0.69,,0,5
7026,1154693,(3:22) (Shotgun) 10-Q.Judkins left guard to CLE 33 for 3 yards (98-A.Regis; 31-J.Tavai).,CLV,JAX,RUSH,38,4,3,22,3,34,2,3,2,1,30,2,3,1,1,1,0,0,00-0040784,0,LG,00-0041045,00-0035240,,0,0,,,,,,,,,,,,,,,,,,,,0,,,,,,,0,,,,0,,,0,,,,0,,,0,,0.227,,0,5
7026,1154694,(2:44) 4-D.Watson pass short right to 10-Q.Judkins ran ob at CLE 49 for 16 yards (31-J.Tavai).,CLV,JAX,PASS,9,4,2,44,3,34,2,3,1,10,33,2,16,1,1,0,0,0,,0,,,,00-0033537,1,0,SR,00-0040784,,1,00-0035240,,,,,,,,,,,,,,,0,,,,,,,0,,,,0,,,0,,,,0,,,0,,0.752,00-0033537,0,4
7026,1154695,(2:35) (Shotgun) 10-Q.Judkins left guard to JAX 46 for 5 yards (47-D.Gardeck).,CLV,JAX,RUSH,35,4,2,35,3,34,2,3,1,10,49,3,5,1,0,1,0,0,00-0040784,0,LG,00-0034473,,,0,0,,,,,,,,,,,,,,,,,,,,0,,,,,,,0,,,,0,,,0,,,,0,,,0,,0.21,,0,4
7026,1154696,"(2:00) (Shotgun) 4-D.Watson pass deep middle to 12-D.Boston for 46 yards, TOUCHDOWN.",CLV,JAX,PASS,8,4,2,0,3,34,2,3,2,5,54,3,46,1,1,1,0,6,,0,,,,00-0033537,1,0,DM,00-0041037,,46,,,,,,,,,,,,,,,,0,,,,,,,0,,,,0,,,0,,,,0,,,1,REC,4.744,00-0033537,0,5
7026,1154697,"25-A.Szmyt extra point is GOOD, Center-50-R.Sunahara, Holder-13-C.Bojorquez.",CLV,JAX,FGXP,0,4,1,52,9,34,2,3,0,0,85,5,0,1,0,0,0,1,,0,,,,,0,0,,,,,,,,,,,,,,,,,,,,0,,,,XP,00-0038428,33,1,,,,0,,,0,,,,0,,,0,,0.068,,0,
7026,1154698,25-A.Szmyt kicks 58 yards from CLE 35 to JAX 7. 19-J.Cameron to JAX 30 for 23 yards (42-E.Mascarenas-Arnold; 31-D.McMillon).,JAX,CLV,KOFF,7,4,1,52,34,10,3,2,0,0,65,4,0,0,0,0,0,0,,0,,,,,0,0,,,,,,,,,,,,,,,,,,,,0,,,,,,,0,,,,0,,,0,00-0038428,58,35,0,00-0041100,23,0,,-0.855,,0,
7026,1154699,(1:45) 14-N.Mullens kneels to JAX 29 for -1 yards.,JAX,CLV,RUSH,41,4,1,45,34,10,3,2,1,10,30,2,-1,0,0,0,0,0,00-0033319,1,,,,,0,0,,,,,,,,,,,,,,,,,,,,0,,,,,,,0,,,,0,,,0,,,,0,,,0,,0,,0,
7026,1154700,(1:04) 14-N.Mullens kneels to JAX 28 for -1 yards.,JAX,CLV,RUSH,29,4,1,4,34,10,3,2,2,11,29,2,-1,0,0,0,0,0,00-0033319,1,,,,,0,0,,,,,,,,,,,,,,,,,,,,0,,,,,,,0,,,,0,,,0,,,,0,,,0,,0,,0,
7026,1154701,(:35) 14-N.Mullens kneels to JAX 27 for -1 yards.,JAX,CLV,RUSH,0,4,0,35,34,10,3,2,3,12,28,2,-1,0,0,0,0,0,00-0033319,1,,,,,0,0,,,,,,,,,,,,,,,,,,,,0,,,,,,,0,,,,0,,,0,,,,0,,,0,,0,,0,
7027,1154702,6-N.Folk kicks 54 yards from ATL 35 to PIT 11. 10-K.Wetjen pushed ob at PIT 38 for 27 yards (23-D.Hellams).,PIT,ATL,KOFF,6,1,15,0,0,0,3,3,0,0,65,4,0,1,0,0,0,0,,0,,,,,0,0,,,,,,,,,,,,,,,,,,,,0,,,,,,,0,,,,0,,,0,00-0025565,54,27,0,00-0041397,27,0,,0.827,,0,
7027,1154703,(14:54) (Shotgun) 8-A.Rodgers pass incomplete short right.,PIT,ATL,PASS,6,1,14,54,0,0,3,3,1,10,38,2,0,0,0,1,0,0,,0,,,,00-0023459,0,0,SR,,,10,,,,,,,,,,,,,,,,0,,,,,,,0,,,,0,,,0,,,,0,,,0,,-0.487,00-0023459,0,5
7027,1154704,(14:48) 30-J.Warren left tackle to PIT 42 for 4 yards (29-S.Brown).,PIT,ATL,RUSH,45,1,14,48,0,0,3,3,2,10,38,2,4,0,0,0,0,0,00-0037228,0,LT,00-0039002,,,0,0,,,,,,,,,,,,,,,,,,,,0,,,,,,,0,,,,0,,,0,,,,0,,,0,,-0.496,,0,5
7027,1154705,(14:03) (Shotgun) 8-A.Rodgers pass incomplete deep left to 4-D.Metcalf.,PIT,ATL,PASS,5,1,14,3,0,0,3,3,3,6,42,3,0,0,0,1,0,0,,0,,,,00-0023459,0,0,DL,00-0035640,,31,,,,,,,,,,,,,,,,0,,,,,,,0,,,,0,,,0,,,,0,,,0,,-1.578,00-0023459,0,5
7027,1154706,"(13:58) 19-C.Johnston punts 41 yards to ATL 17, Center-46-C.Kuntz, out of bounds.",PIT,ATL,PUNT,7,1,13,58,0,0,3,3,4,6,42,3,0,1,0,0,0,0,,0,,,,,0,0,,,,,,,,,,,,,,,,,,,,0,,,,,,,0,00-0033729,41,41,0,,0,0,,,,0,,,0,,0.026,,0,
7027,1154707,(13:51) 7-Bi.Robinson left tackle to ATL 19 for 2 yards (97-C.Heyward).,ATL,PIT,RUSH,37,1,13,51,0,0,3,3,1,10,17,1,2,0,0,0,0,0,00-0038542,0,LT,00-0027969,,,0,0,,,,,,,,,,,,,,,,,,,,0,,,,,,,0,,,,0,,,0,,,,0,,,0,,-0.481,,0,4
7027,1154708,(13:14) (Shotgun) 13-C.Rush pass short left to 7-Bi.Robinson to ATL 23 for 4 yards (3-J.Brisker).,ATL,PIT,PASS,43,1,13,14,0,0,3,3,2,8,19,1,4,0,0,1,0,0,,0,,,,00-0033662,1,0,SL,00-0038542,,-4,00-0038135,,,,,,,,,,,,,,,0,,,,,,,0,,,,0,,,0,,,,0,,,0,,-0.146,00-0033662,0,4
7027,1154709,"(12:31) (Shotgun) 13-C.Rush sacked at ATL 16 for -7 yards (56-A.Highsmith). Penalty on ATL-71-J.Taylor, Offensive Holding, declined.",ATL,PIT,PASS,15,1,12,31,0,0,3,3,3,4,23,2,-7,0,0,1,0,0,,0,,,,,0,0,,,,,,,00-0036333,,,,,,,,,,,,,0,,,,,,,0,,,,0,,,0,,,,0,,,0,,-2.054,00-0033662,0,5
7027,1154710,"(12:16) 16-J.Bailey punts 60 yards to PIT 24, Center-49-L.McCullough. 10-K.Wetjen to PIT 32 for 8 yards (42-J.Woods).",ATL,PIT,PUNT,12,1,12,16,0,0,3,3,4,11,16,1,0,1,0,0,0,0,,0,,,,,0,0,,,,,,,,,,,,,,,,,,,,0,,,,,,,0,00-0035280,60,52,0,00-0041397,8,0,,,,0,,,0,,0.47,,0,
7027,1154711,(12:04) 13-R.Dowdle up the middle to PIT 38 for 6 yards (31-X.Watts).,PIT,ATL,RUSH,35,1,12,4,0,0,3,3,1,10,32,2,6,1,0,0,0,0,00-0036139,0,RM,00-0040148,,,0,0,,,,,,,,,,,,,,,,,,,,0,,,,,,,0,,,,0,,,0,,,,0,,,0,,0.137,,0,5
7027,1154712,(11:29) 8-A.Rodgers pass short left to 88-P.Freiermuth to PIT 47 for 9 yards (29-S.Brown).,PIT,ATL,PASS,33,1,11,29,0,0,3,3,2,4,38,2,9,1,1,0,0,0,,0,,,,00-0023459,1,0,SL,00-0036894,,-2,00-0039002,,,,,,,,,,,,,,,0,,,,,,,0,,,,0,,,0,,,,0,,,0,,0.777,00-0023459,0,5
7027,1154713,"(10:56) (No Huddle, Shotgun) 8-A.Rodgers pass short left to 4-D.Metcalf to ATL 47 for 6 yards (31-X.Watts).",PIT,ATL,PASS,38,1,10,56,0,0,3,3,1,10,47,3,6,1,0,1,1,0,,0,,,,00-0023459,1,0,SL,00-0035640,,4,00-0040148,,,,,,,,,,,,,,,0,,,,,,,0,,,,0,,,0,,,,0,,,0,,0.154,00-0023459,0,5
7027,1154714,(10:18) (Shotgun) 8-A.Rodgers pass short left to 11-M.Pittman to ATL 26 for 21 yards (53-K.Daniels; 24-Aj.Terrell).,PIT,ATL,PASS,52,1,10,18,0,0,3,3,2,4,53,3,21,1,1,1,0,0,,0,,,,00-0023459,1,0,SL,00-0036252,,6,00-0041066,00-0036285,,,,,,,,,,,,,,0,,,,,,,0,,,,0,,,0,,,,0,,,0,,1.476,00-0023459,0,5
7027,1154715,(9:26) (Shotgun) 13-R.Dowdle left tackle to ATL 25 for 1 yard (94-L.London; 51-J.Ivey).,PIT,ATL,RUSH,43,1,9,26,0,0,3,3,1,10,74,4,1,0,0,1,0,0,00-0036139,0,LT,00-0036204,00-0040056,,0,0,,,,,,,,,,,,,,,,,,,,0,,,,,,,0,,,,0,,,0,,,,0,,,0,,-0.489,,0,5
7027,1154716,(8:43) (Shotgun) 8-A.Rodgers pass incomplete short left to 13-R.Dowdle.,PIT,ATL,PASS,4,1,8,43,0,0,3,3,2,9,75,4,0,0,0,1,0,0,,0,,,,00-0023459,0,0,SL,00-0036139,,9,,,,,,,,,,,,,,,,0,,,,,,,0,,,,0,,,0,,,,0,,,0,,-0.644,00-0023459,0,5
7027,1154717,(8:39) (Shotgun) 8-A.Rodgers pass incomplete short right to 13-R.Dowdle (92-M.Smith).,PIT,ATL,PASS,5,1,8,39,0,0,3,3,3,9,75,4,0,0,0,1,0,0,,0,,,,00-0023459,0,0,SR,00-0036139,00-0039889,-2,,,,,,,,,,,,,,,,0,,,,,,,0,,,,0,,,0,,,,0,,,0,,-1.378,00-0023459,0,5
7027,1154718,"(8:34) 9-C.Boswell 43 yard field goal is GOOD, Center-46-C.Kuntz, Holder-19-C.Johnston.",PIT,ATL,FGXP,4,1,8,34,0,0,3,3,4,9,75,4,0,1,0,0,0,3,,0,,,,,0,0,,,,,,,,,,,,,,,,,,,,0,,,,FG,00-0031136,43,1,,,,0,,,0,,,,0,,,0,,0.99,,0,
7027,1154719,9-C.Boswell kicks 66 yards from PIT 35 to ATL -1. 15-Br.Robinson to ATL 23 for 24 yards (28-R.Spears-Jennings; 44-C.Bruener).,ATL,PIT,KOFF,6,1,8,30,0,3,3,3,0,0,65,4,0,0,0,0,0,0,,0,,,,,0,0,,,,,,,,,,,,,,,,,,,,0,,,,,,,0,,,,0,,,0,00-0031136,66,42,0,00-0037746,24,0,,-0.28,,0,
7027,1154720,(8:24) (Shotgun) 13-C.Rush pass short right to 7-Bi.Robinson pushed ob at ATL 30 for 7 yards (20-R.Jenkins; 41-P.Wilson).,ATL,PIT,PASS,35,1,8,24,0,3,3,3,1,10,23,2,7,1,0,1,0,0,,0,,,,00-0033662,1,0,SR,00-0038542,,-5,00-0033941,00-0039741,,,,,,,,,,,,,,0,,,,,,,0,,,,0,,,0,,,,0,,,0,,0.494,00-0033662,0,5
7027,1154721,(7:49) (Shotgun) 7-Bi.Robinson left tackle to ATL 35 for 5 yards (41-P.Wilson; 6-P.Queen).,ATL,PIT,RUSH,38,1,7,49,0,3,3,3,2,3,30,2,5,1,1,1,0,0,00-0038542,0,LT,00-0039741,00-0036323,,0,0,,,,,,,,,,,,,,,,,,,,0,,,,,,,0,,,,0,,,0,,,,0,,,0,,0.313,,0,5
7027,1154722,(7:11) (Shotgun) 13-C.Rush pass short right to 7-Bi.Robinson to ATL 42 for 7 yards (51-N.Herbig). PIT-35-J.Dean was injured during the play.,ATL,PIT,PASS,29,1,7,11,0,3,3,3,1,10,35,2,7,1,0,1,0,0,,0,,,,00-0033662,1,0,SR,00-0038542,,-5,00-0038577,,,,,,,,,,,,,,,0,,,,,,,0,,,,0,,,0,,,,0,,,0,,0.473,00-0033662,0,5
7027,1154723,(6:42) (Shotgun) 15-Br.Robinson left tackle to ATL 49 for 7 yards (23-D.Everette).,ATL,PIT,RUSH,31,1,6,42,0,3,3,3,2,3,42,3,7,1,1,1,0,0,00-0037746,0,LT,00-0041393,,,0,0,,,,,,,,,,,,,,,,,,,,0,,,,,,,0,,,,0,,,0,,,,0,,,0,,0.587,,0,4
7027,1154724,(6:11) (No Huddle) 15-Br.Robinson up the middle to 50 for 1 yard (99-D.Harmon; 33-J.Sawyer). ** Injury Update: PIT-35-J.Dean has returned to the game.,ATL,PIT,RUSH,45,1,6,11,0,3,3,3,1,10,49,3,1,0,0,0,1,0,00-0037746,0,RM,00-0040678,00-0040160,,0,0,,,,,,,,,,,,,,,,,,,,0,,,,,,,0,,,,0,,,0,,,,0,,,0,,-0.484,,0,4
7027,1154725,"(5:26) (Shotgun) 7-Bi.Robinson left tackle to PIT 49 for 1 yard (41-P.Wilson; 3-J.Brisker). PENALTY on ATL-65-M.Bergeron, Offensive Holding, 10 yards, enforced at 50 - No Play.",ATL,PIT,NOPL,25,1,5,26,0,3,3,3,2,9,50,3,0,0,0,1,0,0,,0,,,,,0,0,,,,,,,,,ATL,00-0039048,Offensive Holding,-10,NA,,,,,,,0,,,,,,,0,,,,0,,,0,,,,0,,,0,,-1.07,,0,5
7027,1154726,(5:01) (Shotgun) 13-C.Rush pass incomplete deep right to 8-K.Pitts (5-J.Ramsey).,ATL,PIT,PASS,7,1,5,1,0,3,3,3,2,19,40,3,0,0,0,1,0,0,,0,,,,00-0033662,0,0,DR,00-0036970,00-0033055,26,,,,,,,,,,,,,,,,0,,,,,,,0,,,,0,,,0,,,,0,,,0,,-0.912,00-0033662,1,5
7027,1154727,(4:54) (Shotgun) 13-C.Rush pass incomplete deep right to 4-J.Dotson.,ATL,PIT,PASS,5,1,4,54,0,3,3,3,3,19,40,3,0,0,0,1,0,0,,0,,,,00-0033662,0,0,DR,00-0037741,,17,,,,,,,,,,,,,,,,0,,,,,,,0,,,,0,,,0,,,,0,,,0,,-1.113,00-0033662,0,5
7027,1154728,"(4:49) 16-J.Bailey punts 47 yards to PIT 13, Center-49-L.McCullough, fair catch by 10-K.Wetjen.",ATL,PIT,PUNT,7,1,4,49,0,3,3,3,4,19,40,3,0,1,0,0,0,0,,0,,,,,0,0,,,,,,,,,,,,,,,,,,,,0,,,,,,,0,00-0035280,47,47,0,00-0041397,0,1,,,,0,,,0,,0.615,,0,
7027,1154729,(4:42) 8-A.Rodgers pass short right to 4-D.Metcalf to PIT 22 for 9 yards (21-M.Hughes).,PIT,ATL,PASS,38,1,4,42,3,0,3,3,1,10,13,1,9,1,0,0,0,0,,0,,,,00-0023459,1,0,SR,00-0035640,,9,00-0034843,,,,,,,,,,,,,,,0,,,,,,,0,,,,0,,,0,,,,0,,,0,,0.729,00-0023459,0,5
7027,1154730,(4:04) 30-J.Warren up the middle to PIT 25 for 3 yards (29-S.Brown; 95-G.Dexter).,PIT,ATL,RUSH,37,1,4,4,3,0,3,3,2,1,22,2,3,1,1,0,0,0,00-0037228,0,RM,00-0039002,00-0039070,,0,0,,,,,,,,,,,,,,,,,,,,0,,,,,,,0,,,,0,,,0,,,,0,,,0,,0.147,,0,5
7027,1154731,(3:27) (Shotgun) 30-J.Warren left guard to PIT 27 for 2 yards (51-J.Ivey; 53-K.Daniels).,PIT,ATL,RUSH,39,1,3,27,3,0,3,3,1,10,25,2,2,0,0,1,0,0,00-0037228,0,LG,00-0040056,00-0041066,,0,0,,,,,,,,,,,,,,,,,,,,0,,,,,,,0,,,,0,,,0,,,,0,,,0,,-0.468,,0,5
7027,1154732,"(2:48) (Shotgun) 8-A.Rodgers pass short right to 30-J.Warren to PIT 27 for no gain (21-M.Hughes, 99-C.Thomas). FUMBLES (99-C.Thomas), RECOVERED by ATL-0-D.Deablo at PIT 25.",PIT,ATL,PASS,7,1,2,48,3,0,3,3,2,8,27,2,-2,0,0,1,0,0,,0,,,,00-0023459,1,0,SR,00-0037228,,-4,00-0034843,00-0037815,,,,,,,,,,00-0037228,00-0036990,0,00-0037815,1,,,,,,,0,,,,0,,,0,,,,0,,,0,,-5.13,00-0023459,0,5
7027,1154733,(2:41) (Shotgun) 15-Br.Robinson left guard to PIT 22 for 3 yards (97-C.Heyward; 41-P.Wilson).,ATL,PIT,RUSH,39,1,2,41,0,3,3,3,1,10,75,4,3,0,0,1,0,0,00-0037746,0,LG,00-0027969,00-0039741,,0,0,,,,,,,,,,,,,,,,,,,,0,,,,,,,0,,,,0,,,0,,,,0,,,0,,-0.174,,0,4
7027,1154734,(2:02) 15-Br.Robinson left end to PIT 23 for -1 yards (41-P.Wilson).,ATL,PIT,RUSH,43,1,2,2,0,3,3,3,2,7,78,4,-1,0,0,0,0,0,00-0037746,0,LE,00-0039741,,,0,0,,,,,,,,,,,,,,,,,,,,0,,,,,,,0,,,,0,,,0,,,,0,,,0,,-0.673,,0,5
7027,1154735,"(1:19) (Shotgun) 13-C.Rush pass short right to 7-Bi.Robinson for 23 yards, TOUCHDOWN.",ATL,PIT,PASS,6,1,1,19,0,3,3,3,3,8,77,4,23,1,1,1,0,6,,0,,,,00-0033662,1,0,SR,00-0038542,,-4,,,,,,,,,,,,,,,,0,,,,,,,0,,,,0,,,0,,,,0,,,1,REC,3.623,00-0033662,0,5
7027,1154736,"6-N.Folk extra point is GOOD, Center-49-L.McCullough, Holder-16-J.Bailey.",ATL,PIT,FGXP,0,1,1,13,6,3,3,3,0,0,85,5,0,1,0,0,0,1,,0,,,,,0,0,,,,,,,,,,,,,,,,,,,,0,,,,XP,00-0025565,33,1,,,,0,,,0,,,,0,,,0,,0.068,,0,
7027,1154737,6-N.Folk kicks 59 yards from ATL 35 to PIT 6. 29-E.Heidenreich to PIT 29 for 23 yards (19-C.Blair; 87-N.Muse).,PIT,ATL,KOFF,7,1,1,13,3,7,3,3,0,0,65,4,0,1,0,0,0,0,,0,,,,,0,0,,,,,,,,,,,,,,,,,,,,0,,,,,,,0,,,,0,,,0,00-0025565,59,36,0,00-0041490,23,0,,0.26,,0,
7027,1154738,"(1:06) 8-A.Rodgers sacked at PIT 22 for -7 yards (92-M.Smith). PENALTY on ATL-24-Aj.Terrell, Defensive Holding, 5 yards, enforced at PIT 29 - No Play.",PIT,ATL,NOPL,29,1,1,6,3,7,3,3,1,10,29,2,0,1,1,0,0,0,,0,,,,00-0023459,0,0,,,,0,,,,,ATL,00-0036285,Defensive Holding,5,NA,,,,,,,0,,,,,,,0,,,,0,,,0,,,,0,,,0,,0.211,00-0023459,0,5
7027,1154739,(:37) 13-R.Dowdle left end to PIT 37 for 3 yards (29-S.Brown).,PIT,ATL,RUSH,37,1,0,37,3,7,3,3,1,10,34,2,3,0,0,0,0,0,00-0036139,0,LE,00-0039002,,,0,0,,,,,,,,,,,,,,,,,,,,0,,,,,,,0,,,,0,,,0,,,,0,,,0,,-0.246,,0,5
7027,1154740,(15:00) (Shotgun) 13-R.Dowdle up the middle to PIT 37 for no gain (29-S.Brown; 0-D.Deablo).,PIT,ATL,RUSH,36,2,15,0,3,7,3,3,2,7,37,2,0,0,0,1,0,0,00-0036139,0,RM,00-0039002,00-0036990,,0,0,,,,,,,,,,,,,,,,,,,,0,,,,,,,0,,,,0,,,0,,,,0,,,0,,-1.164,,0,5
7027,1154741,Timeout #1 by PIT at 14:24.,NA,NA,NOPL,0,2,14,24,0,0,0,0,0,0,NA,1,0,0,0,0,0,0,,0,,,,,0,0,,,,,,,,,,,,,,,,,,,,0,,,,,,,0,,,,0,,,0,,,,0,,,0,,0,,0,
7027,1154742,"(14:24) (Shotgun) 8-A.Rodgers pass incomplete deep right to 14-R.Wilson. PENALTY on ATL-24-Aj.Terrell, Defensive Pass Interference, 37 yards, enforced at PIT 37 - No Play.",PIT,ATL,NOPL,6,2,14,24,3,7,2,3,3,7,37,2,0,1,1,1,0,0,,0,,,,00-0023459,0,0,,,,0,,,,,ATL,00-0036285,Defensive Pass Interference,37,NA,,,,,,,0,,,,,,,0,,,,0,,,0,,,,0,,,0,,3.819,00-0023459,1,5
7027,1154743,(14:18) (Shotgun) 8-A.Rodgers pass incomplete deep left to 4-D.Metcalf (21-M.Hughes) [99-C.Thomas].,PIT,ATL,PASS,6,2,14,18,3,7,2,3,1,10,74,4,0,0,0,1,0,0,,0,,,,00-0023459,0,0,DL,00-0035640,00-0034843,26,,,,,,,,,,,,,,,,0,,,,,,,0,,,,0,,,0,,,,0,,,0,,-0.45,00-0023459,0,5
7027,1154744,(14:12) (Shotgun) 8-A.Rodgers pass short right to 4-D.Metcalf to ATL 15 for 11 yards (24-Aj.Terrell).,PIT,ATL,PASS,8,2,14,12,3,7,2,3,2,10,74,4,11,1,1,1,0,0,,0,,,,00-0023459,1,0,SR,00-0035640,,9,00-0036285,,,,,,,,,,,,,,,0,,,,,,,0,,,,0,,,0,,,,0,,,0,,1.144,00-0023459,0,5
7027,1154745,(14:04) (No Huddle) 13-R.Dowdle left guard to ATL 12 for 3 yards (94-L.London; 3-J.Bates).,PIT,ATL,RUSH,41,2,14,4,3,7,2,3,1,10,85,5,3,0,0,0,1,0,00-0036139,0,LG,00-0036204,00-0034675,,0,0,,,,,,,,,,,,,,,,,,,,0,,,,,,,0,,,,0,,,0,,,,0,,,0,,-0.262,,0,5
7027,1154746,(13:23) (Shotgun) 8-A.Rodgers pass short left to 88-P.Freiermuth to ATL 10 for 2 yards (53-K.Daniels).,PIT,ATL,PASS,46,2,13,23,3,7,2,3,2,7,88,5,2,0,0,1,0,0,,0,,,,00-0023459,1,0,SL,00-0036894,,-4,00-0041066,,,,,,,,,,,,,,,0,,,,,,,0,,,,0,,,0,,,,0,,,0,,-0.497,00-0023459,0,5
7027,1154747,(12:37) (Shotgun) 8-A.Rodgers pass incomplete short left.,PIT,ATL,PASS,6,2,12,37,3,7,2,3,3,5,90,5,0,0,0,1,0,0,,0,,,,00-0023459,0,0,SL,,,10,,,,,,,,,,,,,,,,0,,,,,,,0,,,,0,,,0,,,,0,,,0,,-1.292,00-0023459,1,5
7027,1154748,"(12:31) 9-C.Boswell 28 yard field goal is GOOD, Center-46-C.Kuntz, Holder-19-C.Johnston.",PIT,ATL,FGXP,3,2,12,31,3,7,2,3,4,5,90,5,0,1,0,0,0,3,,0,,,,,0,0,,,,,,,,,,,,,,,,,,,,0,,,,FG,00-0031136,28,1,,,,0,,,0,,,,0,,,0,,0.12,,0,
7027,1154749,"9-C.Boswell kicks 61 yards from PIT 35 to ATL 4. 17-Z.Branch pushed ob at PIT 32 for 64 yards (37-R.Nowakowski). PENALTY on ATL-42-J.Woods, Offensive Holding, 10 yards, enforced at ATL 34.",ATL,PIT,KOFF,11,2,12,28,7,6,3,2,0,0,65,4,0,0,0,0,0,0,,0,,,,,0,0,,,,,,,,,ATL,00-0034801,Offensive Holding,-10,NA,,,,,,,0,,,,,,,0,,,,0,,,0,00-0031136,61,31,0,00-0041044,30,0,,-0.177,,0,
7027,1154750,(12:17) (Shotgun) 13-C.Rush pass deep middle intended for 4-J.Dotson INTERCEPTED by 3-J.Brisker at ATL 41. 3-J.Brisker pushed ob at ATL 31 for 10 yards (65-M.Bergeron).,ATL,PIT,PASS,11,2,12,17,7,6,3,2,1,10,24,2,0,0,0,1,0,0,,0,,,,00-0033662,0,0,DM,00-0037741,00-0038135,17,00-0039048,,,,,,,,,00-0038135,10,,,,,0,,,,,,,0,,,,0,,,0,,,,0,,,0,,-4.756,00-0033662,0,4
7027,1154751,(12:06) 8-A.Rodgers pass short right to 30-J.Warren to ATL 13 for 18 yards (31-X.Watts; 3-J.Bates).,PIT,ATL,PASS,44,2,12,6,6,7,2,3,1,10,69,4,18,1,1,0,0,0,,0,,,,00-0023459,1,0,SR,00-0037228,,4,00-0040148,00-0034675,,,,,,,,,,,,,,0,,,,,,,0,,,,0,,,0,,,,0,,,0,,1.222,00-0023459,0,5
7027,1154752,(11:22) (Shotgun) 8-A.Rodgers pass short right to 30-J.Warren pushed ob at ATL 6 for 7 yards (53-K.Daniels; 3-J.Bates).,PIT,ATL,PASS,33,2,11,22,6,7,2,3,1,10,87,5,7,1,0,1,0,0,,0,,,,00-0023459,1,0,SR,00-0037228,,-4,00-0041066,00-0034675,,,,,,,,,,,,,,0,,,,,,,0,,,,0,,,0,,,,0,,,0,,0.428,00-0023459,0,5
7027,1154753,(10:49) 8-A.Rodgers pass incomplete short left to 30-J.Warren.,PIT,ATL,PASS,5,2,10,49,6,7,2,3,2,3,94,5,0,0,0,0,0,0,,0,,,,00-0023459,0,0,SL,00-0037228,,3,,,,,,,,,,,,,,,,0,,,,,,,0,,,,0,,,0,,,,0,,,0,,-0.912,00-0023459,0,4
7027,1154754,"(10:44) (Shotgun) 8-A.Rodgers pass short middle to 88-P.Freiermuth for 6 yards, TOUCHDOWN.",PIT,ATL,PASS,5,2,10,44,6,7,2,3,3,3,94,5,6,1,1,1,0,6,,0,,,,00-0023459,1,0,SM,00-0036894,,6,,,,,,,,,,,,,,,,0,,,,,,,0,,,,0,,,0,,,,0,,,1,REC,2.522,00-0023459,0,5
7027,1154755,"9-C.Boswell extra point is GOOD, Center-46-C.Kuntz, Holder-19-C.Johnston.",PIT,ATL,FGXP,0,2,10,39,12,7,2,3,0,0,85,5,0,1,0,0,0,1,,0,,,,,0,0,,,,,,,,,,,,,,,,,,,,0,,,,XP,00-0031136,33,1,,,,0,,,0,,,,0,,,0,,0.068,,0,
7027,1154756,"9-C.Boswell kicks 65 yards from PIT 35 to end zone, Touchback to the ATL 35.",ATL,PIT,KOFF,0,2,10,39,7,13,3,2,0,0,65,4,0,1,0,0,0,0,,0,,,,,0,0,,,,,,,,,,,,,,,,,,,,0,,,,,,,0,,,,0,,,0,00-0031136,65,65,1,,0,0,,0.473,,0,
7027,1154757,(10:39) 7-Bi.Robinson left guard to ATL 40 for 5 yards (6-P.Queen; 41-P.Wilson).,ATL,PIT,RUSH,37,2,10,39,7,13,3,2,1,10,35,2,5,1,0,0,0,0,00-0038542,0,LG,00-0036323,00-0039741,,0,0,,,,,,,,,,,,,,,,,,,,0,,,,,,,0,,,,0,,,0,,,,0,,,0,,0.152,,0,4
7027,1154758,(10:02) 7-Bi.Robinson up the middle to ATL 45 for 5 yards (6-P.Queen).,ATL,PIT,RUSH,37,2,10,2,7,13,3,2,2,5,40,3,5,1,1,0,0,0,00-0038542,0,RM,00-0036323,,,0,0,,,,,,,,,,,,,,,,,,,,0,,,,,,,0,,,,0,,,0,,,,0,,,0,,0.508,,0,4
7027,1154759,"(9:25) (Shotgun) 13-C.Rush sacked at ATL 43 for -2 yards (90-T.Watt). Penalty on ATL-65-M.Bergeron, Offensive Holding, declined.",ATL,PIT,PASS,27,2,9,25,7,13,3,2,1,10,45,3,-2,0,0,1,0,0,,0,,,,,0,0,,,,,,,00-0033886,,,,,,,,,,,,,0,,,,,,,0,,,,0,,,0,,,,0,,,0,,-0.779,00-0033662,0,4
7027,1154760,(8:58) (Shotgun) 13-C.Rush pass short left to 7-Bi.Robinson to PIT 46 for 11 yards (3-J.Brisker).,ATL,PIT,PASS,29,2,8,58,7,13,3,2,2,12,43,3,11,1,0,1,0,0,,0,,,,00-0033662,1,0,SL,00-0038542,,5,00-0038135,,,,,,,,,,,,,,,0,,,,,,,0,,,,0,,,0,,,,0,,,0,,1.035,00-0033662,0,4
7027,1154761,"(8:29) (No Huddle, Shotgun) 7-Bi.Robinson up the middle to ATL 48 for -6 yards (35-J.Dean). FUMBLES (35-J.Dean), and recovers at ATL 47. 7-Bi.Robinson to ATL 47 for no gain (41-P.Wilson).",ATL,PIT,RUSH,41,2,8,29,7,13,3,2,3,1,54,3,-7,0,0,1,1,0,00-0038542,0,RM,00-0035699,,,0,0,,,,,,,,,,,,,,,,00-0038542,00-0038542,0,00-0035699,0,,,,,,,0,,,,0,,,0,,,,0,,,0,,-2.748,,0,4
7027,1154762,"(7:48) 16-J.Bailey punts 44 yards to PIT 9, Center-49-L.McCullough. 10-K.Wetjen to PIT 14 for 5 yards (28-M.Ford).",ATL,PIT,PUNT,11,2,7,48,7,13,3,2,4,8,47,3,0,0,0,0,0,0,,0,,,,,0,0,,,,,,,,,,,,,,,,,,,,0,,,,,,,0,00-0035280,44,39,0,00-0041397,5,0,,,,0,,,0,,-0.052,,0,
7027,1154763,(7:37) 30-J.Warren left tackle to PIT 16 for 2 yards (54-B.Dorlus).,PIT,ATL,RUSH,41,2,7,37,13,7,2,3,1,10,14,1,2,0,0,0,0,0,00-0037228,0,LT,00-0039859,,,0,0,,,,,,,,,,,,,,,,,,,,0,,,,,,,0,,,,0,,,0,,,,0,,,0,,-0.415,,0,4
7027,1154764,"(6:56) (Shotgun) 8-A.Rodgers scrambles right end to PIT 24 for 8 yards (99-C.Thomas). PENALTY on PIT-60-D.Cook, Face Mask, 8 yards, enforced at PIT 16 - No Play.",PIT,ATL,NOPL,32,2,6,56,13,7,2,3,2,8,16,1,0,0,0,1,0,0,,0,,,,00-0023459,0,0,,,,0,,,,,PIT,00-0037480,Face Mask,-8,NA,,,,,,,0,,,,,,,0,,,,0,,,0,,,,0,,,0,,-0.878,00-0023459,1,4
7027,1154765,(6:24) (Shotgun) 8-A.Rodgers pass incomplete short middle to 13-R.Dowdle.,PIT,ATL,PASS,5,2,6,24,13,7,2,3,2,16,8,1,0,0,0,1,0,0,,0,,,,00-0023459,0,0,SM,00-0036139,,3,,,,,,,,,,,,,,,,0,,,,,,,0,,,,0,,,0,,,,0,,,0,,-0.672,00-0023459,1,5
7027,1154766,"(6:19) (Shotgun) PENALTY on PIT, Delay of Game, 4 yards, enforced at PIT 8 - No Play.",PIT,ATL,NOPL,0,2,6,19,13,7,2,3,3,16,8,1,0,0,0,1,0,0,,0,,,,,0,0,,,,,,,,,PIT,,Delay of Game,-4,NA,,,,,,,0,,,,,,,0,,,,0,,,0,,,,0,,,0,,-0.15,,0,
7027,1154767,"(6:19) (Shotgun) 8-A.Rodgers pass incomplete deep left to 4-D.Metcalf. Penalty on PIT-4-D.Metcalf, Offensive Pass Interference, declined.",PIT,ATL,PASS,7,2,6,19,13,7,2,3,3,20,4,1,0,0,0,1,0,0,,0,,,,00-0023459,0,0,DL,00-0035640,,31,,,,,,,,,,,,,,,,0,,,,,,,0,,,,0,,,0,,,,0,,,0,,-0.543,00-0023459,1,5
7027,1154768,"(6:12) 19-C.Johnston punts 55 yards to ATL 41, Center-46-C.Kuntz. 17-Z.Branch to PIT 45 for 14 yards (28-R.Spears-Jennings).",PIT,ATL,PUNT,13,2,6,12,13,7,2,3,4,20,4,1,0,0,0,0,0,0,,0,,,,,0,0,,,,,,,,,,,,,,,,,,,,0,,,,,,,0,00-0033729,55,41,0,00-0041044,14,0,,,,0,,,0,,-0.547,,0,
7027,1154769,(5:59) (Shotgun) 13-C.Rush pass short right to 5-D.London to PIT 37 for 8 yards (6-P.Queen; 35-J.Dean).,ATL,PIT,PASS,42,2,5,59,7,13,3,2,1,10,55,3,8,1,0,1,0,0,,0,,,,00-0033662,1,0,SR,00-0037238,,4,00-0036323,00-0035699,,,,,,,,,,,,,,0,,,,,,,0,,,,0,,,0,,,,0,,,0,,0.534,00-0033662,0,4
7027,1154770,(5:17) 7-Bi.Robinson right end to PIT 34 for 3 yards (56-A.Highsmith; 69-S.Joseph).,ATL,PIT,RUSH,38,2,5,17,7,13,3,2,2,2,63,4,3,1,1,0,0,0,00-0038542,0,RE,00-0036333,00-0034810,,0,0,,,,,,,,,,,,,,,,,,,,0,,,,,,,0,,,,0,,,0,,,,0,,,0,,0.015,,0,4
7027,1154771,(4:39) 7-Bi.Robinson up the middle to PIT 33 for 1 yard (69-S.Joseph).,ATL,PIT,RUSH,43,2,4,39,7,13,3,2,1,10,66,4,1,0,0,0,0,0,00-0038542,0,RM,00-0034810,,,0,0,,,,,,,,,,,,,,,,,,,,0,,,,,,,0,,,,0,,,0,,,,0,,,0,,-0.472,,0,4
7027,1154772,"(3:56) (Shotgun) 13-C.Rush pass short middle to 5-D.London to PIT 25 for 8 yards (69-S.Joseph). PENALTY on ATL-63-C.Lindstrom, Offensive Holding, 10 yards, enforced at PIT 33 - No Play.",ATL,PIT,NOPL,26,2,3,56,7,13,3,2,2,9,67,4,0,0,0,1,0,0,,0,,,,00-0033662,0,0,,,,0,,,,,ATL,00-0035630,Offensive Holding,-10,NA,,,,,,,0,,,,,,,0,,,,0,,,0,,,,0,,,0,,-1.223,00-0033662,0,5
7027,1154773,(3:30) (Shotgun) 13-C.Rush pass incomplete short middle (97-C.Heyward).,ATL,PIT,PASS,5,2,3,30,7,13,3,2,2,19,57,3,0,0,0,1,0,0,,0,,,,00-0033662,0,0,SM,,00-0027969,-3,,,,,,,,,,,,,,,,0,,,,,,,0,,,,0,,,0,,,,0,,,0,,-0.634,00-0033662,0,5
7027,1154774,(3:25) (Shotgun) 13-C.Rush pass short left to 7-Bi.Robinson to PIT 36 for 7 yards (41-P.Wilson).,ATL,PIT,PASS,47,2,3,25,7,13,3,2,3,19,57,3,7,0,0,1,0,0,,0,,,,00-0033662,1,0,SL,00-0038542,,-5,00-0039741,,,,,,,,,,,,,,,0,,,,,,,0,,,,0,,,0,,,,0,,,0,,-0.365,00-0033662,0,5
7027,1154775,Timeout #1 by ATL at 02:38.,NA,NA,NOPL,0,2,2,38,0,0,0,0,0,0,NA,1,0,0,0,0,0,0,,0,,,,,0,0,,,,,,,,,,,,,,,,,,,,0,,,,,,,0,,,,0,,,0,,,,0,,,0,,0,,0,
7027,1154776,"(2:38) 6-N.Folk 54 yard field goal is No Good, Wide Right, Center-49-L.McCullough, Holder-16-J.Bailey.",ATL,PIT,FGXP,5,2,2,38,7,13,2,2,4,12,64,4,0,0,0,0,0,0,,0,,,,,0,0,,,,,,,,,,,,,,,,,,,,0,,,,FG,00-0025565,54,0,,,,0,,,0,,,,0,,,0,,-2.692,,0,
7027,1154777,(2:33) (Shotgun) 8-A.Rodgers pass short left to 30-J.Warren to PIT 44 for no gain (0-D.Deablo).,PIT,ATL,PASS,32,2,2,33,13,7,2,2,1,10,44,3,0,0,0,1,0,0,,0,,,,00-0023459,1,0,SL,00-0037228,,0,00-0036990,,,,,,,,,,,,,,,0,,,,,,,0,,,,0,,,0,,,,0,,,0,,-0.313,00-0023459,0,5
7027,1154778,(2:01) (Shotgun) 8-A.Rodgers pass short right to 14-R.Wilson ran ob at PIT 49 for 5 yards.,PIT,ATL,PASS,5,2,2,1,13,7,2,2,2,10,44,3,5,0,0,1,0,0,,0,,,,00-0023459,1,0,SR,00-0039739,,5,,,,,,,,,,,,,,,,0,,,,,,,0,,,,0,,,0,,,,0,,,0,,-0.061,00-0023459,0,5
7027,1154779,"(1:56) (Shotgun) 8-A.Rodgers pass short left to 4-D.Metcalf pushed ob at ATL 32 for 19 yards (21-M.Hughes; 31-X.Watts) [52-S.Ebukam]. PENALTY on PIT-4-D.Metcalf, Offensive Pass Interference, 10 yards, enforced at PIT 49 - No Play.",PIT,ATL,NOPL,7,2,1,56,13,7,2,2,3,5,49,3,0,0,0,1,0,0,,0,,,,00-0023459,0,0,,,,0,,,,,PIT,00-0035640,Offensive Pass Interference,-10,NA,,,,,,,0,,,,,,,0,,,,0,,,0,,,,0,,,0,,-1.027,00-0023459,0,5
7027,1154780,(1:49) (Shotgun) 8-A.Rodgers pass deep middle to 14-R.Wilson to ATL 41 for 20 yards (0-D.Deablo).,PIT,ATL,PASS,26,2,1,49,13,7,2,2,3,15,39,2,20,1,1,1,0,0,,0,,,,00-0023459,1,0,DM,00-0039739,,19,00-0036990,,,,,,,,,,,,,,,0,,,,,,,0,,,,0,,,0,,,,0,,,0,,2.2,00-0023459,0,5
7027,1154781,"(1:23) (No Huddle, Shotgun) 8-A.Rodgers pass incomplete short right.",PIT,ATL,PASS,4,2,1,23,13,7,2,2,1,10,59,3,0,0,0,1,1,0,,0,,,,00-0023459,0,0,SR,,,-1,,,,,,,,,,,,,,,,0,,,,,,,0,,,,0,,,0,,,,0,,,0,,-0.339,00-0023459,0,5
7027,1154782,"(1:19) (Shotgun) 30-J.Warren right tackle to ATL 44 for -3 yards (55-Z.Smith, 95-G.Dexter).",PIT,ATL,RUSH,5,2,1,19,13,7,2,2,2,10,59,3,-3,0,0,1,0,0,00-0037228,0,RT,00-0031576,00-0039070,,0,0,,,,,,,,,,,,,,,,,,,,0,,,,,,,0,,,,0,,,0,,,,0,,,0,,-1.061,,0,5
7027,1154783,Timeout #2 by ATL at 01:14.,NA,NA,NOPL,0,2,1,14,0,0,0,0,0,0,NA,1,0,0,0,0,0,0,,0,,,,,0,0,,,,,,,,,,,,,,,,,,,,0,,,,,,,0,,,,0,,,0,,,,0,,,0,,0,,0,
7027,1154784,(1:14) (Shotgun) 8-A.Rodgers pass incomplete deep left to 14-R.Wilson (21-M.Hughes).,PIT,ATL,PASS,8,2,1,14,13,7,2,1,3,13,56,3,0,0,0,1,0,0,,0,,,,00-0023459,0,0,DL,00-0039739,00-0034843,44,,,,,,,,,,,,,,,,0,,,,,,,0,,,,0,,,0,,,,0,,,0,,-0.995,00-0023459,1,5
7027,1154785,(1:06) (Field Goal formation) 19-C.Johnston pass incomplete short left [28-M.Ford].,PIT,ATL,PASS,6,2,1,6,13,7,2,1,4,13,56,3,0,0,0,0,0,0,,0,,,,00-0033729,0,0,SL,,,0,,,,,,,,,,,,,,,,0,,,,,,,0,,,,0,,,0,,,,0,,,0,,-1.845,00-0033729,0,
7027,1154786,"(1:00) (Shotgun) 13-C.Rush pass incomplete short middle to 8-K.Pitts (41-P.Wilson). PENALTY on ATL-70-J.Matthews, Offensive Holding, 10 yards, enforced at ATL 44 - No Play.",ATL,PIT,NOPL,6,2,1,0,7,13,1,2,1,10,44,3,0,0,0,1,0,0,,0,,,,00-0033662,0,0,,,,0,,,,,ATL,00-0031279,Offensive Holding,-10,NA,,,,,,,0,,,,,,,0,,,,0,,,0,,,,0,,,0,,-0.872,00-0033662,0,5
7027,1154787,(:54) (Shotgun) 13-C.Rush pass incomplete short middle (97-C.Heyward).,ATL,PIT,PASS,3,2,0,54,7,13,1,2,1,20,34,2,0,0,0,1,0,0,,0,,,,00-0033662,0,0,SM,,00-0027969,-4,,,,,,,,,,,,,,,,0,,,,,,,0,,,,0,,,0,,,,0,,,0,,-0.259,00-0033662,0,5
7027,1154788,(:51) (Shotgun) 13-C.Rush pass short middle to 14-O.Zaccheaus to ATL 39 for 5 yards (41-P.Wilson).,ATL,PIT,PASS,6,2,0,51,7,13,1,2,2,20,34,2,5,0,0,1,0,0,,0,,,,00-0033662,1,0,SM,00-0035208,,5,00-0039741,,,,,,,,,,,,,,,0,,,,,,,0,,,,0,,,0,,,,0,,,0,,-0.109,00-0033662,1,5
7027,1154789,Timeout #2 by PIT at 00:45.,NA,NA,NOPL,0,2,0,45,0,0,0,0,0,0,NA,1,0,0,0,0,0,0,,0,,,,,0,0,,,,,,,,,,,,,,,,,,,,0,,,,,,,0,,,,0,,,0,,,,0,,,0,,0,,0,
7027,1154790,(:45) (Shotgun) 13-C.Rush pass short left to 7-Bi.Robinson pushed ob at ATL 46 for 7 yards (3-J.Brisker).,ATL,PIT,PASS,7,2,0,45,7,13,1,1,3,15,39,2,7,0,0,1,0,0,,0,,,,00-0033662,1,0,SL,00-0038542,,1,00-0038135,,,,,,,,,,,,,,,0,,,,,,,0,,,,0,,,0,,,,0,,,0,,-0.25,00-0033662,0,5
7027,1154791,"(:38) (Punt formation) PENALTY on ATL, Delay of Game, 5 yards, enforced at ATL 46 - No Play.",ATL,PIT,NOPL,0,2,0,38,7,13,1,1,4,8,46,3,0,0,0,0,0,0,,0,,,,,0,0,,,,,,,,,ATL,,Delay of Game,-5,NA,,,,,,,0,,,,,,,0,,,,0,,,0,,,,0,,,0,,-0.109,,0,
7027,1154792,"(:38) 16-J.Bailey punts 59 yards to end zone, Center-49-L.McCullough, Touchback.",ATL,PIT,PUNT,10,2,0,38,7,13,1,1,4,13,41,3,0,0,0,0,0,0,,0,,,,,0,0,,,,,,,,,,,,,,,,,,,,0,,,,,,,0,00-0035280,59,59,1,,0,0,,,,0,,,0,,-0.149,,0,
7027,1154793,(:28) (Shotgun) 8-A.Rodgers pass incomplete deep right to 14-R.Wilson.,PIT,ATL,PASS,5,2,0,28,13,7,1,1,1,10,20,2,0,0,0,1,0,0,,0,,,,00-0023459,0,0,DR,00-0039739,,20,,,,,,,,,,,,,,,,0,,,,,,,0,,,,0,,,0,,,,0,,,0,,-0.031,00-0023459,1,5
7027,1154794,(:23) (Shotgun) 8-A.Rodgers pass deep right to 88-P.Freiermuth to PIT 39 for 19 yards (3-J.Bates).,PIT,ATL,PASS,6,2,0,23,13,7,1,1,2,10,20,2,19,1,1,1,0,0,,0,,,,00-0023459,1,0,DR,00-0036894,,16,00-0034675,,,,,,,,,,,,,,,0,,,,,,,0,,,,0,,,0,,,,0,,,0,,0.358,00-0023459,1,5
7027,1154795,Timeout #3 by PIT at 00:17.,NA,NA,NOPL,0,2,0,17,0,0,0,0,0,0,NA,1,0,0,0,0,0,0,,0,,,,,0,0,,,,,,,,,,,,,,,,,,,,0,,,,,,,0,,,,0,,,0,,,,0,,,0,,0,,0,
7027,1154796,(:17) (Shotgun) 8-A.Rodgers sacked at PIT 32 for -7 yards (55-Z.Smith).,PIT,ATL,PASS,17,2,0,17,13,7,0,1,1,10,39,2,-7,0,0,1,0,0,,0,,,,,0,0,,,,,,,00-0031576,,,,,,,,,,,,,0,,,,,,,0,,,,0,,,0,,,,0,,,0,,-0.437,00-0023459,0,5
7027,1154797,9-C.Boswell kicks 62 yards from PIT 35 to ATL 3. 15-Br.Robinson to ATL 43 for 40 yards (20-R.Jenkins).,ATL,PIT,KOFF,8,3,15,0,7,13,3,3,0,0,65,4,0,1,0,0,0,0,,0,,,,,0,0,,,,,,,,,,,,,,,,,,,,0,,,,,,,0,,,,0,,,0,00-0031136,62,22,0,00-0037746,40,0,,1.224,,0,
7027,1154798,(14:52) (Shotgun) 7-Bi.Robinson left tackle to ATL 48 for 5 yards (95-K.Benton).,ATL,PIT,RUSH,36,3,14,52,7,13,3,3,1,10,43,3,5,1,0,1,0,0,00-0038542,0,LT,00-0039110,,,0,0,,,,,,,,,,,,,,,,,,,,0,,,,,,,0,,,,0,,,0,,,,0,,,0,,0.156,,0,4
7027,1154799,(14:16) 72-M.Jerrell reported in as eligible. 7-Bi.Robinson right guard to 50 for 2 yards (41-P.Wilson).,ATL,PIT,RUSH,42,3,14,16,7,13,3,3,2,5,48,3,2,0,0,0,0,0,00-0038542,0,RG,00-0039741,,,0,0,,,,,,,,,,,,,,,,,,,,0,,,,,,,0,,,,0,,,0,,,,0,,,0,,-0.568,,0,4
7027,1154800,(13:34) (Shotgun) 7-Bi.Robinson right tackle to PIT 45 for 5 yards (5-J.Ramsey).,ATL,PIT,RUSH,39,3,13,34,7,13,3,3,3,3,50,3,5,1,1,1,0,0,00-0038542,0,RT,00-0033055,,,0,0,,,,,,,,,,,,,,,,,,,,0,,,,,,,0,,,,0,,,0,,,,0,,,0,,1.314,,0,5
7027,1154801,(12:55) 15-Br.Robinson right end to PIT 40 for 5 yards (41-P.Wilson; 6-P.Queen).,ATL,PIT,RUSH,47,3,12,55,7,13,3,3,1,10,55,3,5,1,0,0,0,0,00-0037746,0,RE,00-0039741,00-0036323,,0,0,,,,,,,,,,,,,,,,,,,,0,,,,,,,0,,,,0,,,0,,,,0,,,0,,0.067,,0,4
7027,1154802,"(12:08) (Shotgun) 7-Bi.Robinson up the middle to PIT 33 for 7 yards (6-P.Queen). PENALTY on PIT-94-Y.Black, Defensive Holding, 5 yards, enforced at PIT 33.",ATL,PIT,RUSH,25,3,12,8,7,13,3,3,2,5,60,4,7,1,1,1,0,0,00-0038542,0,RM,00-0036323,,,0,0,,,,,,,,,PIT,00-0040188,Defensive Holding,5,NA,,,,,,,0,,,,,,,0,,,,0,,,0,,,,0,,,0,,1.117,,0,4
7027,1154803,(11:43) 7-Bi.Robinson right end to PIT 27 for 1 yard (33-J.Sawyer).,ATL,PIT,RUSH,37,3,11,43,7,13,3,3,1,10,72,4,1,0,0,0,0,0,00-0038542,0,RE,00-0040160,,,0,0,,,,,,,,,,,,,,,,,,,,0,,,,,,,0,,,,0,,,0,,,,0,,,0,,-0.45,,0,5
7027,1154804,(11:06) 13-C.Rush pass incomplete short right to 7-Bi.Robinson [51-N.Herbig].,ATL,PIT,PASS,5,3,11,6,7,13,3,3,2,9,73,4,0,0,0,0,0,0,,0,,,,00-0033662,0,0,SR,00-0038542,,-1,,,,,,,,,,,,,,,,0,,,,,,,0,,,,0,,,0,,,,0,,,0,,-0.616,00-0033662,0,5
7027,1154805,(11:01) (Shotgun) 13-C.Rush pass incomplete short right to 5-D.London (97-C.Heyward).,ATL,PIT,PASS,3,3,11,1,7,13,3,3,3,9,73,4,0,0,0,1,0,0,,0,,,,00-0033662,0,0,SR,00-0037238,00-0027969,-5,,,,,,,,,,,,,,,,0,,,,,,,0,,,,0,,,0,,,,0,,,0,,-1.062,00-0033662,0,5
7027,1154806,"(10:58) 6-N.Folk 45 yard field goal is No Good, Wide Right, Center-49-L.McCullough, Holder-16-J.Bailey.",ATL,PIT,FGXP,4,3,10,58,7,13,3,3,4,9,73,4,0,0,0,0,0,0,,0,,,,,0,0,,,,,,,,,,,,,,,,,,,,0,,,,FG,00-0025565,45,0,,,,0,,,0,,,,0,,,0,,-3.964,,0,
7027,1154807,(10:54) 30-J.Warren left end to PIT 39 for 4 yards (54-B.Dorlus).,PIT,ATL,RUSH,39,3,10,54,13,7,3,3,1,10,35,2,4,0,0,0,0,0,00-0037228,0,LE,00-0039859,,,0,0,,,,,,,,,,,,,,,,,,,,0,,,,,,,0,,,,0,,,0,,,,0,,,0,,-0.085,,0,5
7027,1154808,(10:15) 30-J.Warren left tackle to PIT 39 for no gain (54-B.Dorlus).,PIT,ATL,RUSH,37,3,10,15,13,7,3,3,2,6,39,2,0,0,0,0,0,0,00-0037228,0,LT,00-0039859,,,0,0,,,,,,,,,,,,,,,,,,,,0,,,,,,,0,,,,0,,,0,,,,0,,,0,,-0.853,,0,5
7027,1154809,(9:38) (Shotgun) 8-A.Rodgers pass incomplete deep left to 4-D.Metcalf (24-Aj.Terrell). ATL-24-Aj.Terrell was injured during the play.,PIT,ATL,PASS,7,3,9,38,13,7,3,3,3,6,39,2,0,0,0,1,0,0,,0,,,,00-0023459,0,0,DL,00-0035640,00-0036285,37,,,,,,,,,,,,,,,,0,,,,,,,0,,,,0,,,0,,,,0,,,0,,-1.483,00-0023459,1,5
7027,1154810,"(9:31) 19-C.Johnston punts 48 yards to ATL 13, Center-46-C.Kuntz. 17-Z.Branch to ATL 20 for 7 yards (41-P.Wilson; 28-R.Spears-Jennings). PENALTY on ATL-29-S.Brown, Illegal Block Above the Waist, 9 yards, enforced at ATL 19.",PIT,ATL,PUNT,12,3,9,31,13,7,3,3,4,6,39,2,0,1,0,0,0,0,,0,,,,,0,0,,,,,,,,,ATL,00-0039002,Illegal Block Above the Waist,9,NA,,,,,,,0,,,,,,,0,00-0033729,48,42,0,00-0041044,6,0,,,,0,,,0,,0.614,,0,
7027,1154811,"(9:19) 7-Bi.Robinson up the middle to ATL 13 for 3 yards (99-D.Harmon). PENALTY on PIT-99-D.Harmon, Defensive Holding, 5 yards, enforced at ATL 13.",ATL,PIT,RUSH,26,3,9,19,7,13,3,3,1,10,10,1,3,1,1,0,0,0,00-0038542,0,RM,00-0040678,,,0,0,,,,,,,,,PIT,00-0040678,Defensive Holding,5,NA,,,,,,,0,,,,,,,0,,,,0,,,0,,,,0,,,0,,0.502,,0,4
7027,1154812,(8:53) (Shotgun) 7-Bi.Robinson right tackle to ATL 20 for 2 yards (99-D.Harmon; 33-J.Sawyer).,ATL,PIT,RUSH,39,3,8,53,7,13,3,3,1,10,18,1,2,0,0,1,0,0,00-0038542,0,RT,00-0040678,00-0040160,,0,0,,,,,,,,,,,,,,,,,,,,0,,,,,,,0,,,,0,,,0,,,,0,,,0,,-0.445,,0,4
7027,1154813,"(8:14) 13-C.Rush pass deep left to 5-D.London pushed ob at ATL 41 for 21 yards (22-A.Samuel). PENALTY on PIT-22-A.Samuel, Unnecessary Roughness, 15 yards, enforced at ATL 41.",ATL,PIT,PASS,25,3,8,14,7,13,3,3,2,8,20,2,21,1,1,0,0,0,,0,,,,00-0033662,1,0,DL,00-0037238,,18,00-0036617,,,,PIT,00-0036617,Unnecessary Roughness,15,NA,,,,,,,0,,,,,,,0,,,,0,,,0,,,,0,,,0,,3.037,00-0033662,1,5
7027,1154814,(7:49) 7-Bi.Robinson left end to PIT 44 for no gain (35-J.Dean).,ATL,PIT,RUSH,46,3,7,49,7,13,3,3,1,10,56,3,0,0,0,0,0,0,00-0038542,0,LE,00-0035699,,,0,0,,,,,,,,,,,,,,,,,,,,0,,,,,,,0,,,,0,,,0,,,,0,,,0,,-0.523,,0,4
7027,1154815,(7:03) (Shotgun) 13-C.Rush pass incomplete short right.,ATL,PIT,PASS,5,3,7,3,7,13,3,3,2,10,56,3,0,0,0,1,0,0,,0,,,,00-0033662,0,0,SR,,,9,,,,,,,,,,,,,,,,0,,,,,,,0,,,,0,,,0,,,,0,,,0,,-0.866,00-0033662,1,5
7027,1154816,(6:58) (Shotgun) 13-C.Rush pass incomplete short right to 5-D.London.,ATL,PIT,PASS,6,3,6,58,7,13,3,3,3,10,56,3,0,0,0,1,0,0,,0,,,,00-0033662,0,0,SR,00-0037238,,5,,,,,,,,,,,,,,,,0,,,,,,,0,,,,0,,,0,,,,0,,,0,,-1.79,00-0033662,0,5
7027,1154817,"(6:52) 16-J.Bailey punts 44 yards to end zone, Center-49-L.McCullough, Touchback.",ATL,PIT,PUNT,9,3,6,52,7,13,3,3,4,10,56,3,0,0,0,0,0,0,,0,,,,,0,0,,,,,,,,,,,,,,,,,,,,0,,,,,,,0,00-0035280,44,44,1,,0,0,,,,0,,,0,,-0.647,,0,
7027,1154818,(6:43) 8-A.Rodgers pass deep left to 11-M.Pittman pushed ob at PIT 48 for 28 yards (26-C.Henderson) [52-S.Ebukam].,PIT,ATL,PASS,39,3,6,43,13,7,3,3,1,10,20,2,28,1,1,0,0,0,,0,,,,00-0023459,1,0,DL,00-0036252,,19,00-0036281,,,,,,,,,,,,,,,0,,,,,,,0,,,,0,,,0,,,,0,,,0,,1.964,00-0023459,1,4
7027,1154819,"(6:04) PENALTY on PIT-11-M.Pittman, False Start, 5 yards, enforced at PIT 48 - No Play.",PIT,ATL,NOPL,21,3,6,4,13,7,3,3,1,10,48,3,0,0,0,0,0,0,,0,,,,,0,0,,,,,,,,,PIT,00-0036252,False Start,-5,NA,,,,,,,0,,,,,,,0,,,,0,,,0,,,,0,,,0,,-0.585,,0,
7027,1154820,(5:43) (Shotgun) 8-A.Rodgers pass short right to 88-P.Freiermuth to ATL 47 for 10 yards (48-B.Trice).,PIT,ATL,PASS,39,3,5,43,13,7,3,3,1,15,43,3,10,1,0,1,0,0,,0,,,,00-0023459,1,0,SR,00-0036894,,5,00-0039837,,,,,,,,,,,,,,,0,,,,,,,0,,,,0,,,0,,,,0,,,0,,0.577,00-0023459,1,4
7027,1154821,(5:04) (Shotgun) 8-A.Rodgers pass short right to 13-R.Dowdle pushed ob at ATL 45 for 2 yards (56-H.Perkins).,PIT,ATL,PASS,12,3,5,4,13,7,3,3,2,5,53,3,2,0,0,1,0,0,,0,,,,00-0023459,1,0,SR,00-0036139,,0,00-0041112,,,,,,,,,,,,,,,0,,,,,,,0,,,,0,,,0,,,,0,,,0,,-0.483,00-0023459,0,5
7027,1154822,(4:52) (No Huddle) 8-A.Rodgers pass incomplete deep right to 14-R.Wilson.,PIT,ATL,PASS,6,3,4,52,13,7,3,3,3,3,55,3,0,0,0,0,1,0,,0,,,,00-0023459,0,0,DR,00-0039739,,42,,,,,,,,,,,,,,,,0,,,,,,,0,,,,0,,,0,,,,0,,,0,,-1.754,00-0023459,0,5
7027,1154823,(4:46) (Shotgun) 8-A.Rodgers pass incomplete deep right to 4-D.Metcalf (26-C.Henderson).,PIT,ATL,PASS,5,3,4,46,13,7,3,3,4,3,55,3,0,0,0,1,0,0,,0,,,,00-0023459,0,0,DR,00-0035640,00-0036281,23,,,,,,,,,,,,,,,,0,,,,,,,0,,,,0,,,0,,,,0,,,0,,-2.805,00-0023459,0,5
7027,1154824,"(4:41) 13-C.Rush pass short left to 7-Bi.Robinson to PIT 31 for 24 yards (5-J.Ramsey). FUMBLES (5-J.Ramsey), recovered by ATL-4-J.Dotson at PIT 28.",ATL,PIT,PASS,46,3,4,41,7,13,3,3,1,10,45,3,24,1,1,0,0,0,,0,,,,00-0033662,1,0,SL,00-0038542,,-3,00-0033055,,,,,,,,,,,00-0038542,00-0037741,0,00-0033055,0,,,,,,,0,,,,0,,,0,,,,0,,,0,,1.906,00-0033662,0,4
7027,1154825,(3:55) (Shotgun) 15-Br.Robinson right guard to PIT 29 for -1 yards (90-T.Watt).,ATL,PIT,RUSH,40,3,3,55,7,13,3,3,1,10,72,4,-1,0,0,1,0,0,00-0037746,0,RG,00-0033886,,,0,0,,,,,,,,,,,,,,,,,,,,0,,,,,,,0,,,,0,,,0,,,,0,,,0,,-0.806,,0,5
7027,1154826,(3:15) (Shotgun) 13-C.Rush sacked at PIT 36 for -7 yards (90-T.Watt).,ATL,PIT,PASS,39,3,3,15,7,13,3,3,2,11,71,4,-7,0,0,1,0,0,,0,,,,,0,0,,,,,,,00-0033886,,,,,,,,,,,,,0,,,,,,,0,,,,0,,,0,,,,0,,,0,,-1.684,00-0033662,0,5
7027,1154827,(2:36) (Shotgun) 7-Bi.Robinson left tackle to PIT 32 for 4 yards (95-K.Benton).,ATL,PIT,RUSH,41,3,2,36,7,13,3,3,3,18,64,4,4,0,0,1,0,0,00-0038542,0,LT,00-0039110,,,0,0,,,,,,,,,,,,,,,,,,,,0,,,,,,,0,,,,0,,,0,,,,0,,,0,,-0.209,,0,5
7027,1154828,"(1:55) 6-N.Folk 51 yard field goal is GOOD, Center-49-L.McCullough, Holder-16-J.Bailey.",ATL,PIT,FGXP,5,3,1,55,7,13,3,3,4,14,68,4,0,1,0,0,0,3,,0,,,,,0,0,,,,,,,,,,,,,,,,,,,,0,,,,FG,00-0025565,51,1,,,,0,,,0,,,,0,,,0,,1.644,,0,
7027,1154829,6-N.Folk kicks 57 yards from ATL 35 to PIT 8. 29-E.Heidenreich to PIT 32 for 24 yards (28-M.Ford).,PIT,ATL,KOFF,8,3,1,50,13,10,3,3,0,0,65,4,0,1,0,0,0,0,,0,,,,,0,0,,,,,,,,,,,,,,,,,,,,0,,,,,,,0,,,,0,,,0,00-0025565,57,33,0,00-0041490,24,0,,0.509,,0,
7027,1154830,(1:42) 8-A.Rodgers pass short right to 80-D.Washington to PIT 35 for 3 yards (29-S.Brown). ** Injury Update: ATL-24-Aj.Terrell has returned to the game.,PIT,ATL,PASS,42,3,1,42,13,10,3,3,1,10,32,2,3,0,0,0,0,0,,0,,,,00-0023459,1,0,SR,00-0038558,,2,00-0039002,,,,,,,,,,,,,,,0,,,,,,,0,,,,0,,,0,,,,0,,,0,,-0.492,00-0023459,0,5
7027,1154831,(1:00) (Shotgun) 8-A.Rodgers pass short left to 13-R.Dowdle pushed ob at PIT 39 for 4 yards (12-Av.Terrell).,PIT,ATL,PASS,42,3,1,0,13,10,3,3,2,7,35,2,4,0,0,1,0,0,,0,,,,00-0023459,1,0,SL,00-0036139,,-6,00-0041469,,,,,,,,,,,,,,,0,,,,,,,0,,,,0,,,0,,,,0,,,0,,-0.125,00-0023459,0,5
7027,1154832,(:18) (Shotgun) 8-A.Rodgers pass incomplete deep middle to 4-D.Metcalf [52-S.Ebukam].,PIT,ATL,PASS,5,3,0,18,13,10,3,3,3,3,39,2,0,0,0,1,0,0,,0,,,,00-0023459,0,0,DM,00-0035640,,21,,,,,,,,,,,,,,,,0,,,,,,,0,,,,0,,,0,,,,0,,,0,,-1.613,00-0023459,0,5
7027,1154833,"(:13) 19-C.Johnston punts 50 yards to ATL 11, Center-46-C.Kuntz. 17-Z.Branch to ATL 24 for 13 yards (44-C.Bruener).",PIT,ATL,PUNT,11,3,0,13,13,10,3,3,4,3,39,2,0,0,0,0,0,0,,0,,,,,0,0,,,,,,,,,,,,,,,,,,,,0,,,,,,,0,00-0033729,50,37,0,00-0041044,13,0,,,,0,,,0,,-0.314,,0,
7027,1154834,(:02) 7-Bi.Robinson right end to ATL 44 for 20 yards (3-J.Brisker; 55-C.Holcomb).,ATL,PIT,RUSH,2,3,0,2,10,13,3,3,1,10,24,2,20,1,1,0,0,0,00-0038542,0,RE,00-0038135,00-0035286,,0,0,,,,,,,,,,,,,,,,,,,,0,,,,,,,0,,,,0,,,0,,,,0,,,0,,1.427,,0,4
7027,1154835,(15:00) 7-Bi.Robinson up the middle to ATL 44 for no gain (90-T.Watt).,ATL,PIT,RUSH,44,4,15,0,10,13,3,3,1,10,44,3,0,0,0,0,0,0,00-0038542,0,RM,00-0033886,,,0,0,,,,,,,,,,,,,,,,,,,,0,,,,,,,0,,,,0,,,0,,,,0,,,0,,-0.806,,0,4
7027,1154836,Timeout #1 by ATL at 14:16.,NA,NA,NOPL,0,4,14,16,0,0,0,0,0,0,NA,1,0,0,0,0,0,0,,0,,,,,0,0,,,,,,,,,,,,,,,,,,,,0,,,,,,,0,,,,0,,,0,,,,0,,,0,,0,,0,
7027,1154837,"(14:16) (Shotgun) 13-C.Rush pass short right intended for 7-Bi.Robinson INTERCEPTED by 90-T.Watt at ATL 35. 90-T.Watt for 35 yards, TOUCHDOWN.",ATL,PIT,PASS,11,4,14,16,10,13,2,3,2,10,44,3,0,0,0,1,0,-6,,0,,,,00-0033662,0,0,SR,00-0038542,00-0033886,-9,,,,,,,,,,00-0033886,35,,,,,0,,,,,,,0,,,,0,,,0,,,,0,,,1,INT,-8.29,00-0033662,1,5
7027,1154838,"9-C.Boswell extra point is GOOD, Center-46-C.Kuntz, Holder-19-C.Johnston.",PIT,ATL,FGXP,0,4,14,5,19,10,3,2,0,0,85,5,0,1,0,0,0,1,,0,,,,,0,0,,,,,,,,,,,,,,,,,,,,0,,,,XP,00-0031136,33,1,,,,0,,,0,,,,0,,,0,,0.068,,0,
7027,1154839,9-C.Boswell kicks 60 yards from PIT 35 to ATL 5. 14-O.Zaccheaus to ATL 34 for 29 yards (33-J.Sawyer; 37-R.Nowakowski).,ATL,PIT,KOFF,8,4,14,5,10,20,2,3,0,0,65,4,0,1,0,0,0,0,,0,,,,,0,0,,,,,,,,,,,,,,,,,,,,0,,,,,,,0,,,,0,,,0,00-0031136,60,31,0,00-0035208,29,0,,0.511,,0,
7027,1154840,(13:57) 15-Br.Robinson left end to ATL 48 for 14 yards (3-J.Brisker; 5-J.Ramsey).,ATL,PIT,RUSH,40,4,13,57,10,20,2,3,1,10,34,2,14,1,1,0,0,0,00-0037746,0,LE,00-0038135,00-0033055,,0,0,,,,,,,,,,,,,,,,,,,,0,,,,,,,0,,,,0,,,0,,,,0,,,0,,1.043,,0,4
7027,1154841,(13:17) 13-C.Rush pass deep left to 4-J.Dotson to PIT 33 for 19 yards (35-J.Dean).,ATL,PIT,PASS,37,4,13,17,10,20,2,3,1,10,48,3,19,1,1,0,0,0,,0,,,,00-0033662,1,0,DL,00-0037741,,18,00-0035699,,,,,,,,,,,,,,,0,,,,,,,0,,,,0,,,0,,,,0,,,0,,1.294,00-0033662,0,4
7027,1154842,(12:40) 15-Br.Robinson right guard to PIT 30 for 3 yards (6-P.Queen; 41-P.Wilson).,ATL,PIT,RUSH,35,4,12,40,10,20,2,3,1,10,67,4,3,0,0,0,0,0,00-0037746,0,RG,00-0036323,00-0039741,,0,0,,,,,,,,,,,,,,,,,,,,0,,,,,,,0,,,,0,,,0,,,,0,,,0,,-0.188,,0,4
7027,1154843,(12:05) 5-D.London left end to PIT 24 for 6 yards (35-J.Dean; 41-P.Wilson).,ATL,PIT,RUSH,42,4,12,5,10,20,2,3,2,7,70,4,6,1,0,0,0,0,00-0037238,0,LE,00-0035699,00-0039741,,0,0,,,,,,,,,,,,,,,,,,,,0,,,,,,,0,,,,0,,,0,,,,0,,,0,,0.586,,0,5
7027,1154844,(11:23) 72-M.Jerrell reported in as eligible. 7-Bi.Robinson left end to PIT 24 for no gain (97-C.Heyward).,ATL,PIT,RUSH,44,4,11,23,10,20,2,3,3,1,76,4,0,0,0,0,0,0,00-0038542,0,LE,00-0027969,,,0,0,,,,,,,,,,,,,,,,,,,,0,,,,,,,0,,,,0,,,0,,,,0,,,0,,-1.576,,0,4
7027,1154845,"(10:39) 6-N.Folk 43 yard field goal is GOOD, Center-49-L.McCullough, Holder-16-J.Bailey.",ATL,PIT,FGXP,4,4,10,39,10,20,2,3,4,1,76,4,0,1,0,0,0,3,,0,,,,,0,0,,,,,,,,,,,,,,,,,,,,0,,,,FG,00-0025565,43,1,,,,0,,,0,,,,0,,,0,,0.758,,0,
7027,1154846,"16-J.Bailey kicks 32 yards from ATL 35 to PIT 33, short of landing zone. PENALTY on ATL-16-J.Bailey, Kickoff Short of Landing Zone, placed at PIT 40.",PIT,ATL,KOFF,0,4,10,35,20,13,3,2,0,0,65,4,0,1,0,0,0,0,,0,,,,,0,0,,,,,,,,,ATL,00-0035280,Kickoff Short of Landing Zone,0,NA,,,,,,,0,,,,,,,0,,,,0,,,0,00-0035280,32,32,0,,0,0,,0.862,,0,
7027,1154847,(10:35) 30-J.Warren up the middle to PIT 48 for 8 yards (0-D.Deablo; 31-X.Watts).,PIT,ATL,RUSH,40,4,10,35,20,13,3,2,1,10,40,3,8,1,0,0,0,0,00-0037228,0,RM,00-0036990,00-0040148,,0,0,,,,,,,,,,,,,,,,,,,,0,,,,,,,0,,,,0,,,0,,,,0,,,0,,0.508,,0,5
7027,1154848,(9:55) 30-J.Warren right tackle to ATL 35 for 17 yards (0-D.Deablo; 24-Aj.Terrell). PIT-76-T.Fautanu was injured during the play.,PIT,ATL,RUSH,40,4,9,55,20,13,3,2,2,2,48,3,17,1,1,0,0,0,00-0037228,0,RT,00-0036990,00-0036285,,0,0,,,,,,,,,,,,,,,,,,,,0,,,,,,,0,,,,0,,,0,,,,0,,,0,,0.844,,0,4
7027,1154849,(9:15) 8-A.Rodgers pass short left to 30-J.Warren to ATL 31 for 4 yards (24-Aj.Terrell; 0-D.Deablo).,PIT,ATL,PASS,49,4,9,15,20,13,3,2,1,10,65,4,4,0,0,0,0,0,,0,,,,00-0023459,1,0,SL,00-0037228,,-5,00-0036285,00-0036990,,,,,,,,,,,,,,0,,,,,,,0,,,,0,,,0,,,,0,,,0,,-0.263,00-0023459,0,4
7027,1154850,Timeout #1 by PIT at 08:26.,NA,NA,NOPL,0,4,8,26,0,0,0,0,0,0,NA,1,0,0,0,0,0,0,,0,,,,,0,0,,,,,,,,,,,,,,,,,,,,0,,,,,,,0,,,,0,,,0,,,,0,,,0,,0,,0,
7027,1154851,(8:26) (Shotgun) 8-A.Rodgers pass short right to 14-R.Wilson to ATL 30 for 1 yard (3-J.Bates). ** Injury Update: PIT-76-T.Fautanu has returned to the game.,PIT,ATL,PASS,44,4,8,26,20,13,2,2,2,6,69,4,1,0,0,1,0,0,,0,,,,00-0023459,1,0,SR,00-0039739,,-4,00-0034675,,,,,,,,,,,,,,,0,,,,,,,0,,,,0,,,0,,,,0,,,0,,-0.453,00-0023459,0,5
7027,1154852,(7:42) (Shotgun) 8-A.Rodgers sacked at ATL 38 for -8 yards (55-Z.Smith).,PIT,ATL,PASS,38,4,7,42,20,13,2,2,3,5,70,4,-8,0,0,1,0,0,,0,,,,,0,0,,,,,,,00-0031576,,,,,,,,,,,,,0,,,,,,,0,,,,0,,,0,,,,0,,,0,,-2.545,00-0023459,0,5
7027,1154853,"(7:04) 9-C.Boswell 56 yard field goal is No Good, Wide Right, Center-46-C.Kuntz, Holder-19-C.Johnston.",PIT,ATL,FGXP,6,4,7,4,20,13,2,2,4,13,62,4,0,0,0,0,0,0,,0,,,,,0,0,,,,,,,,,,,,,,,,,,,,0,,,,FG,00-0031136,56,0,,,,0,,,0,,,,0,,,0,,-2.72,,0,
7027,1154854,(6:58) (Shotgun) 7-Bi.Robinson right end pushed ob at PIT 39 for 15 yards (5-J.Ramsey).,ATL,PIT,RUSH,37,4,6,58,13,20,2,2,1,10,46,3,15,1,1,1,0,0,00-0038542,0,RE,00-0033055,,,0,0,,,,,,,,,,,,,,,,,,,,0,,,,,,,0,,,,0,,,0,,,,0,,,0,,0.926,,0,4
7027,1154855,(6:21) (Shotgun) 15-Br.Robinson up the middle to PIT 39 for no gain (95-K.Benton; 51-N.Herbig).,ATL,PIT,RUSH,37,4,6,21,13,20,2,2,1,10,61,4,0,0,0,1,0,0,00-0037746,0,RM,00-0039110,00-0038577,,0,0,,,,,,,,,,,,,,,,,,,,0,,,,,,,0,,,,0,,,0,,,,0,,,0,,-0.43,,0,5
7027,1154856,(5:44) (Shotgun) 7-Bi.Robinson up the middle to PIT 34 for 5 yards (3-J.Brisker).,ATL,PIT,RUSH,43,4,5,44,13,20,2,2,2,10,61,4,5,0,0,1,0,0,00-0038542,0,RM,00-0038135,,,0,0,,,,,,,,,,,,,,,,,,,,0,,,,,,,0,,,,0,,,0,,,,0,,,0,,-0.214,,0,5
7027,1154857,(5:01) (Shotgun) 13-C.Rush sacked at PIT 43 for -9 yards (56-A.Highsmith).,ATL,PIT,PASS,41,4,5,1,13,20,2,2,3,5,66,4,-9,0,0,1,0,0,,0,,,,,0,0,,,,,,,00-0036333,,,,,,,,,,,,,0,,,,,,,0,,,,0,,,0,,,,0,,,0,,-2.474,00-0033662,0,5
7027,1154858,"(4:20) 16-J.Bailey punts 35 yards to PIT 8, Center-49-L.McCullough, fair catch by 10-K.Wetjen.",ATL,PIT,PUNT,4,4,4,20,13,20,2,2,4,14,57,3,0,0,0,0,0,0,,0,,,,,0,0,,,,,,,,,,,,,,,,,,,,0,,,,,,,0,00-0035280,35,35,0,00-0041397,0,1,,,,0,,,0,,-0.075,,0,
7027,1154859,(4:16) 13-R.Dowdle right tackle to PIT 8 for no gain (94-L.London).,PIT,ATL,RUSH,40,4,4,16,20,13,2,2,1,10,8,1,0,0,0,0,0,0,00-0036139,0,RT,00-0036204,,,0,0,,,,,,,,,,,,,,,,,,,,0,,,,,,,0,,,,0,,,0,,,,0,,,0,,-0.37,,0,4
7027,1154860,(3:36) 8-A.Rodgers pass short right to 4-D.Metcalf pushed ob at PIT 22 for 14 yards (24-Aj.Terrell).,PIT,ATL,PASS,4,4,3,36,20,13,2,2,2,10,8,1,14,1,1,0,0,0,,0,,,,00-0023459,1,0,SR,00-0035640,,13,00-0036285,,,,,,,,,,,,,,,0,,,,,,,0,,,,0,,,0,,,,0,,,0,,1.003,00-0023459,0,4
7027,1154861,(3:32) 13-R.Dowdle right guard to PIT 20 for -2 yards (0-D.Deablo).,PIT,ATL,RUSH,45,4,3,32,20,13,2,2,1,10,22,2,-2,0,0,0,0,0,00-0036139,0,RG,00-0036990,,,0,0,,,,,,,,,,,,,,,,,,,,0,,,,,,,0,,,,0,,,0,,,,0,,,0,,-0.174,,0,4
7027,1154862,Timeout #2 by PIT at 02:47.,NA,NA,NOPL,0,4,2,47,0,0,0,0,0,0,NA,1,0,0,0,0,0,0,,0,,,,,0,0,,,,,,,,,,,,,,,,,,,,0,,,,,,,0,,,,0,,,0,,,,0,,,0,,0,,0,
7027,1154863,(2:47) 8-A.Rodgers pass short left to 11-M.Pittman to PIT 29 for 9 yards (29-S.Brown; 52-S.Ebukam).,PIT,ATL,PASS,12,4,2,47,20,13,1,2,2,12,20,2,9,1,0,0,0,0,,0,,,,00-0023459,1,0,SL,00-0036252,,8,00-0039002,00-0033945,,,,,,,,,,,,,,0,,,,,,,0,,,,0,,,0,,,,0,,,0,,0.007,00-0023459,0,5
7027,1154864,Timeout #2 by ATL at 02:35.,NA,NA,NOPL,0,4,2,35,0,0,0,0,0,0,NA,1,0,0,0,0,0,0,,0,,,,,0,0,,,,,,,,,,,,,,,,,,,,0,,,,,,,0,,,,0,,,0,,,,0,,,0,,0,,0,
7027,1154865,(2:35) 8-A.Rodgers pass short left to 80-D.Washington pushed ob at PIT 44 for 15 yards (3-J.Bates).,PIT,ATL,PASS,7,4,2,35,20,13,1,1,3,3,29,2,15,1,1,0,0,0,,0,,,,00-0023459,1,0,SL,00-0038558,,4,00-0034675,,,,,,,,,,,,,,,0,,,,,,,0,,,,0,,,0,,,,0,,,0,,1.127,00-0023459,0,5
7027,1154866,(2:28) 13-R.Dowdle right end to PIT 48 for 4 yards (21-M.Hughes).,PIT,ATL,RUSH,5,4,2,28,20,13,1,1,1,10,44,3,4,0,0,0,0,0,00-0036139,0,RE,00-0034843,,,0,0,,,,,,,,,,,,,,,,,,,,0,,,,,,,0,,,,0,,,0,,,,0,,,0,,-0.727,,0,4
7027,1154867,Timeout #3 by ATL at 02:23.,NA,NA,NOPL,0,4,2,23,0,0,0,0,0,0,NA,1,0,0,0,0,0,0,,0,,,,,0,0,,,,,,,,,,,,,,,,,,,,0,,,,,,,0,,,,0,,,0,,,,0,,,0,,0,,0,
7027,1154868,(2:23) 30-J.Warren left end to ATL 43 for 9 yards (95-G.Dexter).,PIT,ATL,RUSH,23,4,2,23,20,13,1,0,2,6,48,3,9,1,1,0,0,0,00-0037228,0,LE,00-0039070,,,0,0,,,,,,,,,,,,,,,,,,,,0,,,,,,,0,,,,0,,,0,,,,0,,,0,,0.634,,0,4
7027,1154869,(2:00) 8-A.Rodgers kneels to ATL 44 for -1 yards.,PIT,ATL,RUSH,43,4,2,0,20,13,1,0,1,10,57,3,-1,0,0,0,0,0,00-0023459,1,,,,,0,0,,,,,,,,,,,,,,,,,,,,0,,,,,,,0,,,,0,,,0,,,,0,,,0,,-0.542,,0,
7027,1154870,(1:17) 8-A.Rodgers kneels to ATL 45 for -1 yards.,PIT,ATL,RUSH,37,4,1,17,20,13,1,0,2,11,56,3,-1,0,0,0,0,0,00-0023459,1,,,,,0,0,,,,,,,,,,,,,,,,,,,,0,,,,,,,0,,,,0,,,0,,,,0,,,0,,-0.09,,0,
7027,1154871,(:40) 8-A.Rodgers kneels to ATL 46 for -1 yards.,PIT,ATL,RUSH,0,4,0,40,20,13,1,0,3,12,55,3,-1,0,0,0,0,0,00-0023459,1,,,,,0,0,,,,,,,,,,,,,,,,,,,,0,,,,,,,0,,,,0,,,0,,,,0,,,0,,-0.807,,0,
7028,1154872,"6-J.Slye kicks 60 yards from TEN 35 to NYJ 5, out of bounds. PENALTY on TEN-6-J.Slye, Kickoff Out of Bounds, placed at NYJ 40.",NYJ,TEN,KOFF,0,1,15,0,0,0,3,3,0,0,65,4,0,1,0,0,0,0,,0,,,,,0,0,,,,,,,,,TEN,00-0035192,Kickoff Out of Bounds,0,NA,,,,,,,0,,,,,,,0,,,,0,,,0,00-0035192,60,60,0,,0,0,,0.895,,0,
7028,1154873,(15:00) 20-B.Hall right tackle to NYJ 44 for 4 yards (53-A.Hill).,NYJ,TEN,RUSH,36,1,15,0,0,0,3,3,1,10,40,3,4,1,0,0,0,0,00-0038120,0,RT,00-0041479,,,0,0,,,,,,,,,,,,,,,,,,,,0,,,,,,,0,,,,0,,,0,,,,0,,,0,,0.053,,0,5
7028,1154874,"(14:24) (Shotgun) 7-G.Smith pass incomplete short right to 5-G.Wilson. PENALTY on TEN-24-A.Taylor, Defensive Pass Interference, 10 yards, enforced at NYJ 44 - No Play.",NYJ,TEN,NOPL,4,1,14,24,0,0,3,3,2,6,44,3,0,1,1,1,0,0,,0,,,,00-0030565,0,0,,,,0,,,,,TEN,00-0038121,Defensive Pass Interference,10,NA,,,,,,,0,,,,,,,0,,,,0,,,0,,,,0,,,0,,1.059,00-0030565,0,5
7028,1154875,(14:20) 7-G.Smith pass short left to 16-K.Sadiq to TEN 39 for 7 yards (93-N.Stackhouse).,NYJ,TEN,PASS,39,1,14,20,0,0,3,3,1,10,54,3,7,1,0,0,0,0,,0,,,,00-0030565,1,0,SL,00-0041032,,-8,00-0040041,,,,,,,,,,,,,,,0,,,,,,,0,,,,0,,,0,,,,0,,,0,,0.369,00-0030565,0,4
7028,1154876,(13:41) 20-B.Hall right guard to TEN 35 for 4 yards (98-J.Simmons).,NYJ,TEN,RUSH,36,1,13,41,0,0,3,3,2,3,61,4,4,1,1,0,0,0,00-0038120,0,RG,00-0035643,,,0,0,,,,,,,,,,,,,,,,,,,,0,,,,,,,0,,,,0,,,0,,,,0,,,0,,0.435,,0,4
7028,1154877,(13:05) 7-G.Smith pass incomplete deep left to 5-G.Wilson.,NYJ,TEN,PASS,10,1,13,5,0,0,3,3,1,10,65,4,0,0,0,0,0,0,,0,,,,00-0030565,0,0,DL,00-0037740,,16,,,,,,,,,,,,,,,,0,,,,,,,0,,,,0,,,0,,,,0,,,0,,-0.526,00-0030565,0,5
7028,1154878,"(12:55) (Shotgun) PENALTY on NYJ, Delay of Game, 5 yards, enforced at TEN 35 - No Play.",NYJ,TEN,NOPL,0,1,12,55,0,0,3,3,2,10,65,4,0,0,0,1,0,0,,0,,,,,0,0,,,,,,,,,NYJ,,Delay of Game,-5,NA,,,,,,,0,,,,,,,0,,,,0,,,0,,,,0,,,0,,-0.779,,0,
7028,1154879,(12:55) (Shotgun) 20-B.Hall up the middle to TEN 34 for 6 yards (26-M.Harris).,NYJ,TEN,RUSH,45,1,12,55,0,0,3,3,2,15,60,4,6,1,0,1,0,0,00-0038120,0,RM,00-0040201,,,0,0,,,,,,,,,,,,,,,,,,,,0,,,,,,,0,,,,0,,,0,,,,0,,,0,,0.03,,0,5
7028,1154880,(12:10) (Shotgun) 7-G.Smith pass short left to 11-O.Cooper to TEN 4 for 30 yards (24-A.Taylor; 11-J.Johnson).,NYJ,TEN,PASS,42,1,12,10,0,0,3,3,3,9,66,4,30,1,1,1,0,0,,0,,,,00-0030565,1,0,SL,00-0041511,,4,00-0038121,00-0037663,,,,,,,,,,,,,,0,,,,,,,0,,,,0,,,0,,,,0,,,0,,3.582,00-0030565,0,5
7028,1154881,(11:28) (Shotgun) 20-B.Hall up the middle to TEN 3 for 1 yard (91-J.Franklin-Myers; 53-A.Hill).,NYJ,TEN,RUSH,38,1,11,28,0,0,3,3,1,4,96,5,1,0,0,1,0,0,00-0038120,0,RM,00-0034805,00-0041479,,0,0,,,,,,,,,,,,,,,,,,,,0,,,,,,,0,,,,0,,,0,,,,0,,,0,,-0.129,,0,5
7028,1154882,Timeout #1 by TEN at 10:50.,NA,NA,NOPL,0,1,10,50,0,0,0,0,0,0,NA,1,0,0,0,0,0,0,,0,,,,,0,0,,,,,,,,,,,,,,,,,,,,0,,,,,,,0,,,,0,,,0,,,,0,,,0,,0,,0,
7028,1154883,"(10:50) 16-K.Sadiq left end for 3 yards, TOUCHDOWN.",NYJ,TEN,RUSH,5,1,10,50,0,0,3,2,2,3,97,5,3,1,1,0,0,6,00-0041032,0,LE,,,,0,0,,,,,,,,,,,,,,,,,,,,0,,,,,,,0,,,,0,,,0,,,,0,,,1,RUSH,1.24,,0,2
7028,1154884,"19-J.Sanders extra point is GOOD, Center-42-T.Hennessy, Holder-14-A.McNamara.",NYJ,TEN,FGXP,0,1,10,45,6,0,3,2,0,0,85,5,0,1,0,0,0,1,,0,,,,,0,0,,,,,,,,,,,,,,,,,,,,0,,,,XP,00-0034794,33,1,,,,0,,,0,,,,0,,,0,,0.068,,0,
7028,1154885,"19-J.Sanders kicks 65 yards from NYJ 35 to end zone, Touchback to the TEN 35.",TEN,NYJ,KOFF,0,1,10,45,0,7,2,3,0,0,65,4,0,1,0,0,0,0,,0,,,,,0,0,,,,,,,,,,,,,,,,,,,,0,,,,,,,0,,,,0,,,0,00-0034794,65,65,1,,0,0,,0.598,,0,
7028,1154886,(10:45) 20-T.Pollard right guard to TEN 37 for 2 yards (56-D.Davis; 52-K.Enagbare).,TEN,NYJ,RUSH,32,1,10,45,0,7,2,3,1,10,35,2,2,0,0,0,0,0,00-0035261,0,RG,00-0029607,00-0037083,,0,0,,,,,,,,,,,,,,,,,,,,0,,,,,,,0,,,,0,,,0,,,,0,,,0,,-0.372,,0,4
7028,1154887,(10:13) (Shotgun) 20-T.Pollard up the middle to TEN 42 for 5 yards (97-H.Phillips; 56-D.Davis).,TEN,NYJ,RUSH,43,1,10,13,0,7,2,3,2,8,37,2,5,0,0,1,0,0,00-0035261,0,RM,00-0034782,00-0029607,,0,0,,,,,,,,,,,,,,,,,,,,0,,,,,,,0,,,,0,,,0,,,,0,,,0,,-0.098,,0,4
7028,1154888,(9:30) (Shotgun) 1-C.Ward scrambles right end pushed ob at TEN 46 for 4 yards (56-D.Davis).,TEN,NYJ,RUSH,34,1,9,30,0,7,2,3,3,3,42,3,4,1,1,1,0,0,00-0040676,0,RE,00-0029607,,,0,0,,,,,,,,,,,,,,,,,,,,0,,,,,,,0,,,,0,,,0,,,,0,,,0,,1.351,00-0040676,0,5
7028,1154889,(8:56) (Shotgun) 1-C.Ward pass short left to 17-C.Dike pushed ob at NYJ 47 for 7 yards (2-J.Brownlee).,TEN,NYJ,PASS,26,1,8,56,0,7,2,3,1,10,46,3,7,1,0,1,0,0,,0,,,,00-0040676,1,0,SL,00-0040705,,3,00-0039372,,,,,,,,,,,,,,,0,,,,,,,0,,,,0,,,0,,,,0,,,0,,0.292,00-0040676,0,5
7028,1154890,(8:30) (Shotgun) 1-C.Ward pass incomplete short right to 4-W.Robinson.,TEN,NYJ,PASS,3,1,8,30,0,7,2,3,2,3,53,3,0,0,0,1,0,0,,0,,,,00-0040676,0,0,SR,00-0038117,,-2,,,,,,,,,,,,,,,,0,,,,,,,0,,,,0,,,0,,,,0,,,0,,-0.815,00-0040676,0,5
7028,1154891,(8:27) (Shotgun) 1-C.Ward scrambles left tackle to NYJ 42 for 5 yards (44-J.Sherwood). NYJ-29-M.Fitzpatrick was injured during the play.,TEN,NYJ,RUSH,28,1,8,27,0,7,2,3,3,3,53,3,5,1,1,1,0,0,00-0040676,0,LT,00-0036500,,,0,0,,,,,,,,,,,,,,,,,,,,0,,,,,,,0,,,,0,,,0,,,,0,,,0,,1.196,00-0040676,0,5
7028,1154892,(7:59) (Shotgun) 20-T.Pollard right tackle to NYJ 37 for 5 yards (44-J.Sherwood; 56-D.Davis).,TEN,NYJ,RUSH,20,1,7,59,0,7,2,3,1,10,58,3,5,1,0,1,0,0,00-0035261,0,RT,00-0036500,00-0029607,,0,0,,,,,,,,,,,,,,,,,,,,0,,,,,,,0,,,,0,,,0,,,,0,,,0,,0.044,,0,5
7028,1154893,"(7:39) (No Huddle, Shotgun) 1-C.Ward pass incomplete short right [52-K.Enagbare]. PENALTY on TEN-55-J.Latham, Offensive Holding, 10 yards, enforced at NYJ 37 - No Play.",TEN,NYJ,NOPL,5,1,7,39,0,7,2,3,2,5,63,4,0,0,0,1,1,0,,0,,,,00-0040676,0,0,,,,0,,,,,TEN,00-0039731,Offensive Holding,-10,NA,,,,,,,0,,,,,,,0,,,,0,,,0,,,,0,,,0,,-1.24,00-0040676,1,5
7028,1154894,(7:34) (Shotgun) 1-C.Ward pass short left to 14-C.Tate ran ob at NYJ 35 for 12 yards [93-D.Onyemata].,TEN,NYJ,PASS,36,1,7,34,0,7,2,3,2,15,53,3,12,1,0,1,0,0,,0,,,,00-0040676,1,0,SL,00-0041438,,12,,,,,,,,,,,,,,,,0,,,,,,,0,,,,0,,,0,,,,0,,,0,,0.813,00-0040676,0,5
7028,1154895,"(6:58) (Shotgun) PENALTY on NYJ-31-D.Bailey, Neutral Zone Infraction, 5 yards, enforced at NYJ 35 - No Play.",TEN,NYJ,NOPL,22,1,6,58,0,7,2,3,3,3,65,4,0,1,1,1,0,0,,0,,,,,0,0,,,,,,,,,NYJ,00-0041026,Neutral Zone Infraction,5,NA,,,,,,,0,,,,,,,0,,,,0,,,0,,,,0,,,0,,1.135,,0,
7028,1154896,(6:36) 1-C.Ward sacked at NYJ 31 for -1 yards (52-K.Enagbare).,TEN,NYJ,PASS,38,1,6,36,0,7,2,3,1,10,70,4,-1,0,0,0,0,0,,0,,,,,0,0,,,,,,,00-0037083,,,,,,,,,,,,,0,,,,,,,0,,,,0,,,0,,,,0,,,0,,-0.762,00-0040676,1,4
7028,1154897,(5:58) (Shotgun) 1-C.Ward pass incomplete deep left to 20-T.Pollard.,TEN,NYJ,PASS,6,1,5,58,0,7,2,3,2,11,69,4,0,0,0,1,0,0,,0,,,,00-0040676,0,0,DL,00-0035261,,26,,,,,,,,,,,,,,,,0,,,,,,,0,,,,0,,,0,,,,0,,,0,,-0.752,00-0040676,0,5
7028,1154898,(5:52) (Shotgun) 1-C.Ward pass short right to 82-D.Bellinger to NYJ 24 for 7 yards (44-J.Sherwood; 6-D.Belton).,TEN,NYJ,PASS,44,1,5,52,0,7,2,3,3,11,69,4,7,0,0,1,0,0,,0,,,,00-0040676,1,0,SR,00-0038115,,1,00-0036500,00-0038123,,,,,,,,,,,,,,0,,,,,,,0,,,,0,,,0,,,,0,,,0,,-0.369,00-0040676,0,5
7028,1154899,"(5:08) 6-J.Slye 42 yard field goal is GOOD, Center-46-M.Cox, Holder-3-T.Townsend.",TEN,NYJ,FGXP,5,1,5,8,0,7,2,3,4,4,76,4,0,1,0,0,0,3,,0,,,,,0,0,,,,,,,,,,,,,,,,,,,,0,,,,FG,00-0035192,42,1,,,,0,,,0,,,,0,,,0,,0.85,,0,
7028,1154900,"6-J.Slye kicks 65 yards from TEN 35 to landing zone to end zone, Touchback to the NYJ 20.",NYJ,TEN,KOFF,0,1,5,3,7,3,3,2,0,0,65,4,0,0,0,0,0,0,,0,,,,,0,0,,,,,,,,,,,,,,,,,,,,0,,,,,,,0,,,,0,,,0,00-0035192,65,65,1,,0,0,,-0.217,,0,
7028,1154901,"(5:03) 7-G.Smith pass incomplete short middle to 85-M.Taylor (53-A.Hill). Tennessee challenged the incomplete pass ruling, and the play was Upheld. The ruling on the field stands. (Timeout #2.)",NYJ,TEN,PASS,6,1,5,3,7,3,3,1,1,10,20,2,0,0,0,0,0,0,,0,,,,00-0030565,0,0,SM,00-0040736,00-0041479,3,,,,,,,,,,,,,,,,0,,,,,,,0,,,,0,,,0,,,,0,,,0,,-0.606,00-0030565,0,4
7028,1154902,(4:57) (Shotgun) 7-G.Smith pass short right to 5-G.Wilson to NYJ 24 for 4 yards (26-M.Harris).,NYJ,TEN,PASS,46,1,4,57,7,3,3,1,2,10,20,2,4,0,0,1,0,0,,0,,,,00-0030565,1,0,SR,00-0037740,,5,00-0040201,,,,,,,,,,,,,,,0,,,,,,,0,,,,0,,,0,,,,0,,,0,,-0.383,00-0030565,0,5
7028,1154903,"(4:11) (Shotgun) 7-G.Smith FUMBLES (Aborted) at NYJ 19, and recovers at NYJ 18.",NYJ,TEN,RUSH,42,1,4,11,7,3,3,1,3,6,24,2,0,0,0,1,0,0,00-0030565,0,,,,,0,0,,,,,,,,,,,,,,,,00-0030565,00-0030565,0,,0,,,,,,,0,,,,0,,,0,,,,0,,,0,,-2.025,,0,5
7028,1154904,"(3:29) 14-A.McNamara punts 45 yards to TEN 37, Center-42-T.Hennessy, downed by NYJ-51-F.Mauigoa. TEN-17-C.Dike was injured during the play.",NYJ,TEN,PUNT,11,1,3,29,7,3,3,1,4,12,18,1,0,1,0,0,0,0,,0,,,,,0,0,,,,,,,,,,,,,,,,,,,,0,,,,,,,0,00-0039634,45,45,0,,0,0,,,,0,,,0,,0.036,,0,
7028,1154905,(3:18) 2-T.Spears right end to TEN 38 for 1 yard (55-B.McGregor; 99-T.Sweat).,TEN,NYJ,RUSH,32,1,3,18,3,7,1,3,1,10,37,2,1,0,0,0,0,0,00-0039032,0,RE,00-0039284,00-0039886,,0,0,,,,,,,,,,,,,,,,,,,,0,,,,,,,0,,,,0,,,0,,,,0,,,0,,-0.511,,0,5
7028,1154906,(2:46) (Shotgun) 1-C.Ward pass incomplete deep right.,TEN,NYJ,PASS,8,1,2,46,3,7,1,3,2,9,38,2,0,0,0,1,0,0,,0,,,,00-0040676,0,0,DR,,,17,,,,,,,,,,,,,,,,0,,,,,,,0,,,,0,,,0,,,,0,,,0,,-0.833,00-0040676,0,5
7028,1154907,(2:38) (Shotgun) 1-C.Ward pass short left to 84-G.Helm to TEN 39 for 1 yard (2-J.Brownlee).,TEN,NYJ,PASS,40,1,2,38,3,7,1,3,3,9,38,2,1,0,0,1,0,0,,0,,,,00-0040676,1,0,SL,00-0040584,,0,00-0039372,,,,,,,,,,,,,,,0,,,,,,,0,,,,0,,,0,,,,0,,,0,,-1.342,00-0040676,0,5
7028,1154908,"(1:58) 3-T.Townsend punts 49 yards to NYJ 12, Center-46-M.Cox, fair catch by 18-I.Williams.",TEN,NYJ,PUNT,7,1,1,58,3,7,1,3,4,8,39,2,0,1,0,0,0,0,,0,,,,,0,0,,,,,,,,,,,,,,,,,,,,0,,,,,,,0,00-0035889,49,49,0,00-0039451,0,1,,,,0,,,0,,0.211,,0,
7028,1154909,(1:51) 20-B.Hall right guard to NYJ 17 for 5 yards (53-A.Hill; 37-A.Hooker).,NYJ,TEN,RUSH,43,1,1,51,7,3,3,1,1,10,12,1,5,0,0,0,0,0,00-0038120,0,RG,00-0041479,00-0035632,,0,0,,,,,,,,,,,,,,,,,,,,0,,,,,,,0,,,,0,,,0,,,,0,,,0,,-0.065,,0,5
7028,1154910,(1:08) 20-B.Hall left tackle to NYJ 21 for 4 yards (11-J.Johnson).,NYJ,TEN,RUSH,42,1,1,8,7,3,3,1,2,5,17,1,4,1,0,0,0,0,00-0038120,0,LT,00-0037663,,,0,0,,,,,,,,,,,,,,,,,,,,0,,,,,,,0,,,,0,,,0,,,,0,,,0,,0.193,,0,4
7028,1154911,(:26) (Shotgun) 20-B.Hall up the middle to NYJ 24 for 3 yards (52-J.Williams; 53-A.Hill).,NYJ,TEN,RUSH,26,1,0,26,7,3,3,1,3,1,21,2,3,1,1,1,0,0,00-0038120,0,RM,00-0039430,00-0041479,,0,0,,,,,,,,,,,,,,,,,,,,0,,,,,,,0,,,,0,,,0,,,,0,,,0,,0.473,,0,4
7028,1154912,(15:00) 0-B.Allen right tackle to NYJ 31 for 7 yards (53-A.Hill; 23-K.Winston).,NYJ,TEN,RUSH,42,2,15,0,7,3,3,1,1,10,24,2,7,1,0,0,0,0,00-0039794,0,RT,00-0041479,00-0040141,,0,0,,,,,,,,,,,,,,,,,,,,0,,,,,,,0,,,,0,,,0,,,,0,,,0,,0.385,,0,5
7028,1154913,(14:18) 0-B.Allen right guard to NYJ 40 for 9 yards (37-A.Hooker).,NYJ,TEN,RUSH,43,2,14,18,7,3,3,1,2,3,31,2,9,1,1,0,0,0,00-0039794,0,RG,00-0035632,,,0,0,,,,,,,,,,,,,,,,,,,,0,,,,,,,0,,,,0,,,0,,,,0,,,0,,0.682,,0,4
7028,1154914,(13:35) (Shotgun) 0-B.Allen right guard to NYJ 48 for 8 yards (37-A.Hooker; 23-K.Winston).,NYJ,TEN,RUSH,42,2,13,35,7,3,3,1,1,10,40,3,8,1,0,1,0,0,00-0039794,0,RG,00-0035632,00-0040141,,0,0,,,,,,,,,,,,,,,,,,,,0,,,,,,,0,,,,0,,,0,,,,0,,,0,,0.555,,0,5
7028,1154915,(12:53) 0-B.Allen right guard to TEN 48 for 4 yards (53-A.Hill; 95-J.Elliott).,NYJ,TEN,RUSH,39,2,12,53,7,3,3,1,2,2,48,3,4,1,1,0,0,0,00-0039794,0,RG,00-0041479,00-0036266,,0,0,,,,,,,,,,,,,,,,,,,,0,,,,,,,0,,,,0,,,0,,,,0,,,0,,0.14,,0,4
7028,1154916,(12:14) 20-B.Hall left guard to TEN 48 for no gain (26-M.Harris).,NYJ,TEN,RUSH,43,2,12,14,7,3,3,1,1,10,52,3,0,0,0,0,0,0,00-0038120,0,LG,00-0040201,,,0,0,,,,,,,,,,,,,,,,,,,,0,,,,,,,0,,,,0,,,0,,,,0,,,0,,-0.531,,0,5
7028,1154917,(11:31) (Shotgun) 20-B.Hall right tackle to TEN 43 for 5 yards (53-A.Hill; 26-M.Harris).,NYJ,TEN,RUSH,40,2,11,31,7,3,3,1,2,10,52,3,5,0,0,1,0,0,00-0038120,0,RT,00-0041479,00-0040201,,0,0,,,,,,,,,,,,,,,,,,,,0,,,,,,,0,,,,0,,,0,,,,0,,,0,,-0.355,,0,5
7028,1154918,(10:51) (Shotgun) 7-G.Smith scrambles left end pushed ob at TEN 40 for 3 yards (53-A.Hill).,NYJ,TEN,RUSH,37,2,10,51,7,3,3,1,3,5,57,3,3,0,0,1,0,0,00-0030565,0,LE,00-0041479,,,0,0,,,,,,,,,,,,,,,,,,,,0,,,,,,,0,,,,0,,,0,,,,0,,,0,,-1.206,00-0030565,0,5
7028,1154919,Timeout #1 by NYJ at 10:14.,NA,NA,NOPL,0,2,10,14,0,0,0,0,0,0,NA,1,0,0,0,0,0,0,,0,,,,,0,0,,,,,,,,,,,,,,,,,,,,0,,,,,,,0,,,,0,,,0,,,,0,,,0,,0,,0,
7028,1154920,(10:14) (Shotgun) 7-G.Smith pass short middle to 5-G.Wilson to TEN 31 for 9 yards (23-K.Winston; 24-A.Taylor).,NYJ,TEN,PASS,45,2,10,14,7,3,2,1,4,2,60,4,9,1,1,1,0,0,,0,,,,00-0030565,1,0,SM,00-0037740,,6,00-0040141,00-0038121,,,,,,,,,,,,,,0,,,,,,,0,,,,0,,,0,,,,0,,,0,,2.816,00-0030565,0,5
7028,1154921,(9:29) 7-G.Smith pass short left to 20-B.Hall to TEN 23 for 8 yards (24-A.Taylor).,NYJ,TEN,PASS,40,2,9,29,7,3,2,1,1,10,69,4,8,1,0,0,0,0,,0,,,,00-0030565,1,0,SL,00-0038120,,3,00-0038121,,,,,,,,,,,,,,,0,,,,,,,0,,,,0,,,0,,,,0,,,0,,0.631,00-0030565,0,4
7028,1154922,(8:49) 20-B.Hall right guard to TEN 22 for 1 yard (7-O.Oladejo; 37-A.Hooker).,NYJ,TEN,RUSH,41,2,8,49,7,3,2,1,2,2,77,4,1,0,0,0,0,0,00-0038120,0,RG,00-0040752,00-0035632,,0,0,,,,,,,,,,,,,,,,,,,,0,,,,,,,0,,,,0,,,0,,,,0,,,0,,-0.359,,0,4
7028,1154923,(8:08) 0-B.Allen right end to TEN 22 for no gain (7-O.Oladejo; 37-A.Hooker).,NYJ,TEN,RUSH,39,2,8,8,7,3,2,1,3,1,78,4,0,0,0,0,0,0,00-0039794,0,RE,00-0040752,00-0035632,,0,0,,,,,,,,,,,,,,,,,,,,0,,,,,,,0,,,,0,,,0,,,,0,,,0,,-1.103,,0,5
7028,1154924,(7:29) (Shotgun) 0-B.Allen left guard to TEN 19 for 3 yards (53-A.Hill; 23-K.Winston).,NYJ,TEN,RUSH,43,2,7,29,7,3,2,1,4,1,78,4,3,1,1,1,0,0,00-0039794,0,LG,00-0041479,00-0040141,,0,0,,,,,,,,,,,,,,,,,,,,0,,,,,,,0,,,,0,,,0,,,,0,,,0,,1.569,,0,4
7028,1154925,(6:46) 20-B.Hall up the middle to TEN 15 for 4 yards (53-A.Hill; 23-K.Winston).,NYJ,TEN,RUSH,40,2,6,46,7,3,2,1,1,10,81,5,4,0,0,0,0,0,00-0038120,0,RM,00-0041479,00-0040141,,0,0,,,,,,,,,,,,,,,,,,,,0,,,,,,,0,,,,0,,,0,,,,0,,,0,,-0.058,,0,5
7028,1154926,(6:06) 20-B.Hall left guard to TEN 10 for 5 yards (98-J.Simmons).,NYJ,TEN,RUSH,42,2,6,6,7,3,2,1,2,6,85,5,5,1,0,0,0,0,00-0038120,0,LG,00-0035643,,,0,0,,,,,,,,,,,,,,,,,,,,0,,,,,,,0,,,,0,,,0,,,,0,,,0,,0.311,,0,5
7028,1154927,"(5:24) PENALTY on NYJ-85-M.Taylor, False Start, 4 yards, enforced at TEN 10 - No Play.",NYJ,TEN,NOPL,15,2,5,24,7,3,2,1,3,1,90,5,0,0,0,0,0,0,,0,,,,,0,0,,,,,,,,,NYJ,00-0040736,False Start,-4,NA,,,,,,,0,,,,,,,0,,,,0,,,0,,,,0,,,0,,-0.819,,0,
7028,1154928,(5:09) (Shotgun) 7-G.Smith pass incomplete short left to 0-B.Allen (53-A.Hill).,NYJ,TEN,PASS,3,2,5,9,7,3,2,1,3,5,86,5,0,0,0,1,0,0,,0,,,,00-0030565,0,0,SL,00-0039794,00-0041479,0,,,,,,,,,,,,,,,,0,,,,,,,0,,,,0,,,0,,,,0,,,0,,-0.971,00-0030565,0,5
7028,1154929,"(5:06) 19-J.Sanders 33 yard field goal is GOOD, Center-42-T.Hennessy, Holder-14-A.McNamara.",NYJ,TEN,FGXP,3,2,5,6,7,3,2,1,4,5,86,5,0,1,0,0,0,3,,0,,,,,0,0,,,,,,,,,,,,,,,,,,,,0,,,,FG,00-0034794,33,1,,,,0,,,0,,,,0,,,0,,0.209,,0,
7028,1154930,"19-J.Sanders kicks 55 yards from NYJ 35 to TEN 10. 17-C.Dike to TEN 30 for 20 yards (41-M.McCrary-Ball). FUMBLES (41-M.McCrary-Ball), RECOVERED by NYJ-37-Q.Stiggers at TEN 38. ** Injury Update: TEN-17-C.Dike has returned to the game.",TEN,NYJ,KOFF,8,2,5,3,3,10,1,2,0,0,65,4,0,0,0,0,0,0,,0,,,,,0,0,,,,,,,,,,,,,,,,00-0040705,00-0039789,0,00-0037526,1,,,,,,,0,,,,0,,,0,00-0034794,55,35,0,00-0040705,20,0,,-3.991,,0,
7028,1154931,(4:55) 20-B.Hall up the middle to TEN 35 for 3 yards (29-T.Adams).,NYJ,TEN,RUSH,38,2,4,55,10,3,2,1,1,10,62,4,3,0,0,0,0,0,00-0038120,0,RM,00-0037155,,,0,0,,,,,,,,,,,,,,,,,,,,0,,,,,,,0,,,,0,,,0,,,,0,,,0,,-0.385,,0,5
7028,1154932,(4:17) 7-G.Smith pass short right to 85-M.Taylor to TEN 43 for -8 yards (7-O.Oladejo).,NYJ,TEN,PASS,46,2,4,17,10,3,2,1,2,7,65,4,-8,0,0,0,0,0,,0,,,,00-0030565,1,0,SR,00-0040736,,-7,00-0040752,,,,,,,,,,,,,,,0,,,,,,,0,,,,0,,,0,,,,0,,,0,,-1.744,00-0030565,0,5
7028,1154933,(3:31) (Shotgun) 7-G.Smith pass short middle to 5-G.Wilson to TEN 36 for 7 yards (26-M.Harris; 53-A.Hill).,NYJ,TEN,PASS,47,2,3,31,10,3,2,1,3,15,57,3,7,1,0,1,0,0,,0,,,,00-0030565,1,0,SM,00-0037740,,3,00-0040201,00-0041479,,,,,,,,,,,,,,0,,,,,,,0,,,,0,,,0,,,,0,,,0,,0.111,00-0030565,0,5
7028,1154934,"(2:44) 19-J.Sanders 54 yard field goal is No Good, Wide Left, Center-42-T.Hennessy, Holder-14-A.McNamara.",NYJ,TEN,FGXP,3,2,2,44,10,3,2,1,4,8,64,4,0,0,0,0,0,0,,0,,,,,0,0,,,,,,,,,,,,,,,,,,,,0,,,,FG,00-0034794,54,0,,,,0,,,0,,,,0,,,0,,-3.027,,0,
7028,1154935,(2:41) 20-T.Pollard up the middle to TEN 46 for 2 yards (2-J.Brownlee). NYJ-2-J.Brownlee was injured during the play.,TEN,NYJ,RUSH,41,2,2,41,3,10,1,2,1,10,44,3,2,0,0,0,0,0,00-0035261,0,RM,00-0039372,,,0,0,,,,,,,,,,,,,,,,,,,,0,,,,,,,0,,,,0,,,0,,,,0,,,0,,-0.37,,0,5
7028,1154936,(2:00) (Shotgun) 1-C.Ward pass short right to 4-W.Robinson to NYJ 49 for 5 yards (44-J.Sherwood).,TEN,NYJ,PASS,38,2,2,0,3,10,1,2,2,8,46,3,5,1,0,1,0,0,,0,,,,00-0040676,1,0,SR,00-0038117,,4,00-0036500,,,,,,,,,,,,,,,0,,,,,,,0,,,,0,,,0,,,,0,,,0,,0.151,00-0040676,0,5
7028,1154937,(1:22) (Shotgun) 1-C.Ward pass incomplete deep middle to 14-C.Tate.,TEN,NYJ,PASS,4,2,1,22,3,10,1,2,3,3,51,3,0,0,0,1,0,0,,0,,,,00-0040676,0,0,DM,00-0041438,,21,,,,,,,,,,,,,,,,0,,,,,,,0,,,,0,,,0,,,,0,,,0,,-1.034,00-0040676,0,5
7028,1154938,"(1:18) 3-T.Townsend punts 49 yards to end zone, Center-46-M.Cox, Touchback.",TEN,NYJ,PUNT,8,2,1,18,3,10,1,2,4,3,51,3,0,0,0,0,0,0,,0,,,,,0,0,,,,,,,,,,,,,,,,,,,,0,,,,,,,0,00-0035889,49,49,1,,0,0,,,,0,,,0,,-1.137,,0,
7028,1154939,(1:10) (Shotgun) 7-G.Smith pass short middle to 85-M.Taylor to NYJ 26 for 6 yards (23-K.Winston).,NYJ,TEN,PASS,19,2,1,10,10,3,2,1,1,10,20,2,6,0,0,1,0,0,,0,,,,00-0030565,1,0,SM,00-0040736,,5,00-0040141,,,,,,,,,,,,,,,0,,,,,,,0,,,,0,,,0,,,,0,,,0,,-0.032,00-0030565,1,5
7028,1154940,"(:51) (No Huddle, Shotgun) 7-G.Smith pass short left to 18-I.Williams to NYJ 33 for 7 yards (26-M.Harris).",NYJ,TEN,PASS,6,2,0,51,10,3,2,1,2,4,26,2,7,1,1,1,1,0,,0,,,,00-0030565,1,0,SL,00-0039451,,7,00-0040201,,,,,,,,,,,,,,,0,,,,,,,0,,,,0,,,0,,,,0,,,0,,0.214,00-0030565,0,5
7028,1154941,Timeout #2 by NYJ at 00:45.,NA,NA,NOPL,0,2,0,45,0,0,0,0,0,0,NA,1,0,0,0,0,0,0,,0,,,,,0,0,,,,,,,,,,,,,,,,,,,,0,,,,,,,0,,,,0,,,0,,,,0,,,0,,0,,0,
7028,1154942,(:45) (Shotgun) 7-G.Smith pass incomplete short right [57-J.Martin].,NYJ,TEN,PASS,9,2,0,45,10,3,1,1,1,10,33,2,0,0,0,1,0,0,,0,,,,00-0030565,0,0,SR,,,12,,,,,,,,,,,,,,,,0,,,,,,,0,,,,0,,,0,,,,0,,,0,,-0.159,00-0030565,0,5
7028,1154943,"(:36) (Shotgun) 7-G.Smith pass deep right to 15-A.Mitchell ran ob at TEN 49 for 18 yards. The Replay Official reviewed the runner was out of bounds ruling, and the play was REVERSED. (Shotgun) 7-G.Smith pass deep right to 15-A.Mitchell to TEN 49 for 18 yards (18-C.Flott).",NYJ,TEN,PASS,4,2,0,36,10,3,1,1,2,10,33,2,18,1,1,1,0,0,,0,,,,00-0030565,1,0,DR,00-0039890,,18,00-0037758,,,,,,,,,,,,,,,0,,,,,,,0,,,,0,,,0,,,,0,,,0,,0.734,00-0030565,1,5
7028,1154944,Timeout #3 by NYJ at 00:32. 10-second runoff avoided.,NA,NA,NOPL,0,2,0,32,0,0,0,0,0,0,NA,1,0,0,0,0,0,0,,0,,,,,0,0,,,,,,,,,,,,,,,,,,,,0,,,,,,,0,,,,0,,,0,,,,0,,,0,,0,,0,
7028,1154945,(:32) (Shotgun) 7-G.Smith pass short middle to 15-A.Mitchell to TEN 47 for 2 yards (37-A.Hooker).,NYJ,TEN,PASS,16,2,0,32,10,3,0,1,1,10,51,3,2,0,0,1,0,0,,0,,,,00-0030565,1,0,SM,00-0039890,,2,00-0035632,,,,,,,,,,,,,,,0,,,,,,,0,,,,0,,,0,,,,0,,,0,,-0.361,00-0030565,0,5
7028,1154946,"(:16) (No Huddle) PENALTY on NYJ-5-G.Wilson, False Start, 5 yards, enforced at TEN 47 - No Play. 10-second runoff.",NYJ,TEN,NOPL,16,2,0,16,10,3,0,1,2,8,53,3,0,0,0,0,1,0,,0,,,,,0,0,,,,,,,,,NYJ,00-0037740,False Start,-5,NA,,,,,,,0,,,,,,,0,,,,0,,,0,,,,0,,,0,,-0.826,,0,
7028,1154947,"19-J.Sanders kicks 65 yards from NYJ 35 to end zone, Touchback to the TEN 35.",TEN,NYJ,KOFF,0,3,15,0,3,10,3,3,0,0,65,4,0,1,0,0,0,0,,0,,,,,0,0,,,,,,,,,,,,,,,,,,,,0,,,,,,,0,,,,0,,,0,00-0034794,65,65,1,,0,0,,0.562,,0,
7028,1154948,(15:00) (Shotgun) 1-C.Ward pass short right to 14-C.Tate ran ob at TEN 40 for 5 yards (1-A.Thomas).,TEN,NYJ,PASS,17,3,15,0,3,10,3,3,1,10,35,2,5,1,0,1,0,0,,0,,,,00-0040676,1,0,SR,00-0041438,,5,00-0040133,,,,,,,,,,,,,,,0,,,,,,,0,,,,0,,,0,,,,0,,,0,,0.132,00-0040676,0,5
7028,1154949,"(14:43) (No Huddle, Shotgun) 1-C.Ward pass short middle to 4-W.Robinson to TEN 49 for 9 yards (56-D.Davis).",TEN,NYJ,PASS,23,3,14,43,3,10,3,3,2,5,40,3,9,1,1,1,1,0,,0,,,,00-0040676,1,0,SM,00-0038117,,8,00-0029607,,,,,,,,,,,,,,,0,,,,,,,0,,,,0,,,0,,,,0,,,0,,0.841,00-0040676,0,5
7028,1154950,"(14:20) (No Huddle, Shotgun) 1-C.Ward pass short right to 14-C.Tate pushed ob at NYJ 44 for 7 yards (1-A.Thomas).",TEN,NYJ,PASS,23,3,14,20,3,10,3,3,1,10,49,3,7,1,0,1,1,0,,0,,,,00-0040676,1,0,SR,00-0041438,,5,00-0040133,,,,,,,,,,,,,,,0,,,,,,,0,,,,0,,,0,,,,0,,,0,,0.248,00-0040676,0,5
7028,1154951,"(13:57) (No Huddle, Shotgun) 1-C.Ward pass short right to 20-T.Pollard to NYJ 45 for -1 yards (1-A.Thomas).",TEN,NYJ,PASS,43,3,13,57,3,10,3,3,2,3,56,3,-1,0,0,1,1,0,,0,,,,00-0040676,1,0,SR,00-0035261,,-2,00-0040133,,,,,,,,,,,,,,,0,,,,,,,0,,,,0,,,0,,,,0,,,0,,-0.824,00-0040676,0,5
7028,1154952,(13:14) (Shotgun) 1-C.Ward pass incomplete deep right to 5-E.Ayomanor.,TEN,NYJ,PASS,5,3,13,14,3,10,3,3,3,4,55,3,0,0,0,1,0,0,,0,,,,00-0040676,0,0,DR,00-0040170,,20,,,,,,,,,,,,,,,,0,,,,,,,0,,,,0,,,0,,,,0,,,0,,-1.716,00-0040676,0,5
7028,1154953,"(13:09) 3-T.Townsend punts 45 yards to end zone, Center-46-M.Cox, Touchback.",TEN,NYJ,PUNT,8,3,13,9,3,10,3,3,4,4,55,3,0,0,0,0,0,0,,0,,,,,0,0,,,,,,,,,,,,,,,,,,,,0,,,,,,,0,00-0035889,45,45,1,,0,0,,,,0,,,0,,-1.177,,0,
7028,1154954,(13:01) 7-G.Smith pass short right to 20-B.Hall to NYJ 28 for 8 yards (53-A.Hill; 29-T.Adams).,NYJ,TEN,PASS,42,3,13,1,10,3,3,3,1,10,20,2,8,1,0,0,0,0,,0,,,,00-0030565,1,0,SR,00-0038120,,0,00-0041479,00-0037155,,,,,,,,,,,,,,0,,,,,,,0,,,,0,,,0,,,,0,,,0,,0.612,00-0030565,0,5
7028,1154955,(12:19) (Shotgun) 7-G.Smith pass deep right to 5-G.Wilson pushed ob at TEN 41 for 31 yards (24-A.Taylor).,NYJ,TEN,PASS,42,3,12,19,10,3,3,3,2,2,28,2,31,1,1,1,0,0,,0,,,,00-0030565,1,0,DR,00-0037740,,19,00-0038121,,,,,,,,,,,,,,,0,,,,,,,0,,,,0,,,0,,,,0,,,0,,2.119,00-0030565,1,5
7028,1154956,"(11:37) (Shotgun) 20-B.Hall right end to TEN 44 for -3 yards (24-A.Taylor). PENALTY on NYJ-16-K.Sadiq, Offensive Holding, 10 yards, enforced at TEN 41 - No Play.",NYJ,TEN,NOPL,23,3,11,37,10,3,3,3,1,10,59,3,0,0,0,1,0,0,,0,,,,,0,0,,,,,,,,,NYJ,00-0041032,Offensive Holding,-10,NA,,,,,,,0,,,,,,,0,,,,0,,,0,,,,0,,,0,,-0.915,,0,4
7028,1154957,(11:14) (Shotgun) 7-G.Smith pass deep right to 15-A.Mitchell to TEN 11 for 40 yards (37-A.Hooker).,NYJ,TEN,PASS,48,3,11,14,10,3,3,3,1,20,49,3,40,1,1,1,0,0,,0,,,,00-0030565,1,0,DR,00-0039890,,39,00-0035632,,,,,,,,,,,,,,,0,,,,,,,0,,,,0,,,0,,,,0,,,0,,2.72,00-0030565,0,5
7028,1154958,(10:26) (Shotgun) 7-G.Smith scrambles right end to TEN 4 for 7 yards (37-A.Hooker).,NYJ,TEN,RUSH,42,3,10,26,10,3,3,3,1,10,89,5,7,1,0,1,0,0,00-0030565,0,RE,00-0035632,,,0,0,,,,,,,,,,,,,,,,,,,,0,,,,,,,0,,,,0,,,0,,,,0,,,0,,0.554,00-0030565,0,4
7028,1154959,"(9:44) 20-B.Hall left end for 4 yards, TOUCHDOWN. Penalty on TEN, Defensive Too Many Men on Field, declined.",NYJ,TEN,RUSH,3,3,9,44,10,3,3,3,2,3,96,5,4,1,1,0,0,6,00-0038120,0,LE,,,,0,0,,,,,,,,,,,,,,,,,,,,0,,,,,,,0,,,,0,,,0,,,,0,,,1,RUSH,1.45,,0,5
7028,1154960,"19-J.Sanders extra point is GOOD, Center-42-T.Hennessy, Holder-14-A.McNamara.",NYJ,TEN,FGXP,0,3,9,41,16,3,3,3,0,0,85,5,0,1,0,0,0,1,,0,,,,,0,0,,,,,,,,,,,,,,,,,,,,0,,,,XP,00-0034794,33,1,,,,0,,,0,,,,0,,,0,,0.068,,0,
7028,1154961,19-J.Sanders kicks 60 yards from NYJ 35 to TEN 5. 17-C.Dike pushed ob at TEN 32 for 27 yards (27-M.Moore).,TEN,NYJ,KOFF,5,3,9,41,3,17,3,3,0,0,65,4,0,1,0,0,0,0,,0,,,,,0,0,,,,,,,,,,,,,,,,,,,,0,,,,,,,0,,,,0,,,0,00-0034794,60,33,0,00-0040705,27,0,,0.525,,0,
7028,1154962,(9:36) 1-C.Ward pass incomplete short right. ** Injury Update: NYJ-2-J.Brownlee has returned to the game.,TEN,NYJ,PASS,5,3,9,36,3,17,3,3,1,10,32,2,0,0,0,0,0,0,,0,,,,00-0040676,0,0,SR,,,-10,,,,,,,,,,,,,,,,0,,,,,,,0,,,,0,,,0,,,,0,,,0,,-0.548,00-0040676,0,5
7028,1154963,(9:31) (Shotgun) 1-C.Ward scrambles right tackle pushed ob at TEN 39 for 7 yards (56-D.Davis).,TEN,NYJ,RUSH,36,3,9,31,3,17,3,3,2,10,32,2,7,1,0,1,0,0,00-0040676,0,RT,00-0029607,,,0,0,,,,,,,,,,,,,,,,,,,,0,,,,,,,0,,,,0,,,0,,,,0,,,0,,0.014,00-0040676,0,5
7028,1154964,(8:55) (Shotgun) 1-C.Ward pass incomplete short right to 2-T.Spears (56-D.Davis).,TEN,NYJ,PASS,4,3,8,55,3,17,3,3,3,3,39,2,0,0,0,1,0,0,,0,,,,00-0040676,0,0,SR,00-0039032,00-0029607,3,,,,,,,,,,,,,,,,0,,,,,,,0,,,,0,,,0,,,,0,,,0,,-1.649,00-0040676,0,5
7028,1154965,"(8:51) 3-T.Townsend punts 54 yards to NYJ 7, Center-46-M.Cox. 18-I.Williams to NYJ 22 for 15 yards (21-M.Robinson; 44-M.Diabate).",TEN,NYJ,PUNT,13,3,8,51,3,17,3,3,4,3,39,2,0,0,0,0,0,0,,0,,,,,0,0,,,,,,,,,,,,,,,,,,,,0,,,,,,,0,00-0035889,54,39,0,00-0039451,15,0,,,,0,,,0,,-0.216,,0,
7028,1154966,(8:38) 20-B.Hall left end pushed ob at NYJ 34 for 12 yards (23-K.Winston).,NYJ,TEN,RUSH,32,3,8,38,17,3,3,3,1,10,22,2,12,1,1,0,0,0,00-0038120,0,LE,00-0040141,,,0,0,,,,,,,,,,,,,,,,,,,,0,,,,,,,0,,,,0,,,0,,,,0,,,0,,0.942,,0,4
7028,1154967,(8:06) 20-B.Hall right guard to NYJ 46 for 12 yards (15-K.Faulk; 50-C.Barton).,NYJ,TEN,RUSH,46,3,8,6,17,3,3,3,1,10,34,2,12,1,1,0,0,0,00-0038120,0,RG,00-0041508,00-0035672,,0,0,,,,,,,,,,,,,,,,,,,,0,,,,,,,0,,,,0,,,0,,,,0,,,0,,0.89,,0,5
7028,1154968,(7:20) 7-G.Smith pass deep left to 5-G.Wilson pushed ob at TEN 32 for 22 yards (18-C.Flott).,NYJ,TEN,PASS,37,3,7,20,17,3,3,3,1,10,46,3,22,1,1,0,0,0,,0,,,,00-0030565,1,0,DL,00-0037740,,21,00-0037758,,,,,,,,,,,,,,,0,,,,,,,0,,,,0,,,0,,,,0,,,0,,1.46,00-0030565,0,5
7028,1154969,"(6:43) (Shotgun) 7-G.Smith pass short right to 5-G.Wilson to TEN 28 for 4 yards (18-C.Flott; 52-J.Williams). PENALTY on NYJ-74-O.Fashanu, Illegal Formation, 5 yards, enforced at TEN 32 - No Play.",NYJ,TEN,NOPL,23,3,6,43,17,3,3,3,1,10,68,4,0,0,0,1,0,0,,0,,,,00-0030565,0,0,,,,0,,,,,NYJ,00-0039790,Illegal Formation,-5,NA,,,,,,,0,,,,,,,0,,,,0,,,0,,,,0,,,0,,-0.709,00-0030565,0,4
7028,1154970,(6:20) (Shotgun) 7-G.Smith pass incomplete short middle to 82-A.Smith.,NYJ,TEN,PASS,4,3,6,20,17,3,3,3,1,15,63,4,0,0,0,1,0,0,,0,,,,00-0030565,0,0,SM,00-0040582,,4,,,,,,,,,,,,,,,,0,,,,,,,0,,,,0,,,0,,,,0,,,0,,-0.598,00-0030565,0,5
7028,1154971,(6:16) (Shotgun) 7-G.Smith pass short right to 16-K.Sadiq to TEN 29 for 8 yards (50-C.Barton; 53-A.Hill).,NYJ,TEN,PASS,46,3,6,16,17,3,3,3,2,15,63,4,8,1,0,1,0,0,,0,,,,00-0030565,1,0,SR,00-0041032,,3,00-0035672,00-0041479,,,,,,,,,,,,,,0,,,,,,,0,,,,0,,,0,,,,0,,,0,,0.459,00-0030565,1,5
7028,1154972,(5:30) (Shotgun) 7-G.Smith pass short left to 5-G.Wilson to TEN 23 for 6 yards (26-M.Harris).,NYJ,TEN,PASS,46,3,5,30,17,3,3,3,3,7,71,4,6,0,0,1,0,0,,0,,,,00-0030565,1,0,SL,00-0037740,,7,00-0040201,,,,,,,,,,,,,,,0,,,,,,,0,,,,0,,,0,,,,0,,,0,,-0.108,00-0030565,1,5
7028,1154973,"(4:44) 0-B.Allen left tackle for 23 yards, TOUCHDOWN NULLIFIED by Penalty. PENALTY on NYJ-71-J.Myers, Offensive Holding, 9 yards, enforced at TEN 23 - No Play.",NYJ,TEN,NOPL,6,3,4,44,17,3,3,3,4,1,77,4,0,0,0,0,0,0,,0,,,,,0,0,,,,,,,,,NYJ,00-0036622,Offensive Holding,-9,NA,,,,,,,0,,,,,,,0,,,,0,,,0,,,,0,,,0,,-1.443,,0,5
7028,1154974,"(4:38) 19-J.Sanders 51 yard field goal is GOOD, Center-42-T.Hennessy, Holder-14-A.McNamara.",NYJ,TEN,FGXP,5,3,4,38,17,3,3,3,4,10,68,4,0,1,0,0,0,3,,0,,,,,0,0,,,,,,,,,,,,,,,,,,,,0,,,,FG,00-0034794,51,1,,,,0,,,0,,,,0,,,0,,1.638,,0,
7028,1154975,19-J.Sanders kicks 53 yards from NYJ 35 to TEN 12. 17-C.Dike pushed ob at TEN 27 for 15 yards (26-N.Wright).,TEN,NYJ,KOFF,3,3,4,33,3,20,3,3,0,0,65,4,0,1,0,0,0,0,,0,,,,,0,0,,,,,,,,,,,,,,,,,,,,0,,,,,,,0,,,,0,,,0,00-0034794,53,38,0,00-0040705,15,0,,0.12,,0,
7028,1154976,(4:30) 20-T.Pollard left guard to TEN 33 for 6 yards (31-D.Bailey).,TEN,NYJ,RUSH,37,3,4,30,3,20,3,3,1,10,27,2,6,1,0,0,0,0,00-0035261,0,LG,00-0041026,,,0,0,,,,,,,,,,,,,,,,,,,,0,,,,,,,0,,,,0,,,0,,,,0,,,0,,0.225,,0,4
7028,1154977,(3:53) 1-C.Ward pass incomplete short right [31-D.Bailey].,TEN,NYJ,PASS,8,3,3,53,3,20,3,3,2,4,33,2,0,0,0,0,0,0,,0,,,,00-0040676,0,0,SR,,,12,,,,,,,,,,,,,,,,0,,,,,,,0,,,,0,,,0,,,,0,,,0,,-0.813,00-0040676,0,4
7028,1154978,(3:45) (Shotgun) 1-C.Ward pass short left to 4-W.Robinson to TEN 43 for 10 yards (8-A.Cisco).,TEN,NYJ,PASS,37,3,3,45,3,20,3,3,3,4,33,2,10,1,1,1,0,0,,0,,,,00-0040676,1,0,SL,00-0038117,,9,00-0036941,,,,,,,,,,,,,,,0,,,,,,,0,,,,0,,,0,,,,0,,,0,,1.612,00-0040676,0,5
7028,1154979,(3:08) (Shotgun) 20-T.Pollard left end pushed ob at NYJ 44 for 13 yards (8-A.Cisco).,TEN,NYJ,RUSH,30,3,3,8,3,20,3,3,1,10,43,3,13,1,1,1,0,0,00-0035261,0,LE,00-0036941,,,0,0,,,,,,,,,,,,,,,,,,,,0,,,,,,,0,,,,0,,,0,,,,0,,,0,,0.708,,0,5
7028,1154980,(2:38) (Shotgun) 20-T.Pollard right tackle to NYJ 42 for 2 yards (56-D.Davis; 55-B.McGregor).,TEN,NYJ,RUSH,43,3,2,38,3,20,3,3,1,10,56,3,2,0,0,1,0,0,00-0035261,0,RT,00-0029607,00-0039284,,0,0,,,,,,,,,,,,,,,,,,,,0,,,,,,,0,,,,0,,,0,,,,0,,,0,,-0.625,,0,5
7028,1154981,Timeout #1 by TEN at 01:55.,NA,NA,NOPL,0,3,1,55,0,0,0,0,0,0,NA,1,0,0,0,0,0,0,,0,,,,,0,0,,,,,,,,,,,,,,,,,,,,0,,,,,,,0,,,,0,,,0,,,,0,,,0,,0,,0,
7028,1154982,(1:55) (Shotgun) 1-C.Ward pass incomplete short left to 2-T.Spears.,TEN,NYJ,PASS,3,3,1,55,3,20,2,3,2,8,58,3,0,0,0,1,0,0,,0,,,,00-0040676,0,0,SL,00-0039032,,-4,,,,,,,,,,,,,,,,0,,,,,,,0,,,,0,,,0,,,,0,,,0,,-0.863,00-0040676,0,5
7028,1154983,(1:52) (Shotgun) 1-C.Ward sacked ob at NYJ 43 for -1 yards (31-D.Bailey).,TEN,NYJ,PASS,40,3,1,52,3,20,2,3,3,8,58,3,-1,0,0,1,0,0,,0,,,,,0,0,,,,,,,00-0041026,,,,,,,,,,,,,0,,,,,,,0,,,,0,,,0,,,,0,,,0,,-1.785,00-0040676,1,5
7028,1154984,"(1:12) 3-T.Townsend punts 43 yards to end zone, Center-46-M.Cox, Touchback.",TEN,NYJ,PUNT,7,3,1,12,3,20,2,3,4,9,57,3,0,0,0,0,0,0,,0,,,,,0,0,,,,,,,,,,,,,,,,,,,,0,,,,,,,0,00-0035889,43,43,1,,0,0,,,,0,,,0,,-0.824,,0,
7028,1154985,(1:05) 7-G.Smith pass short right to 89-J.Ruckert to NYJ 24 for 4 yards (50-C.Barton).,NYJ,TEN,PASS,45,3,1,5,20,3,3,2,1,10,20,2,4,0,0,0,0,0,,0,,,,00-0030565,1,0,SR,00-0037805,,1,00-0035672,,,,,,,,,,,,,,,0,,,,,,,0,,,,0,,,0,,,,0,,,0,,-0.264,00-0030565,1,4
7028,1154986,(:20) 20-B.Hall up the middle to NYJ 27 for 3 yards (98-J.Simmons; 95-J.Elliott).,NYJ,TEN,RUSH,20,3,0,20,20,3,3,2,2,6,24,2,3,0,0,0,0,0,00-0038120,0,RM,00-0035643,00-0036266,,0,0,,,,,,,,,,,,,,,,,,,,0,,,,,,,0,,,,0,,,0,,,,0,,,0,,-0.198,,0,4
7028,1154987,(15:00) (Shotgun) 20-B.Hall up the middle to NYJ 29 for 2 yards (98-J.Simmons; 53-A.Hill).,NYJ,TEN,RUSH,44,4,15,0,20,3,3,2,3,3,27,2,2,0,0,1,0,0,00-0038120,0,RM,00-0035643,00-0041479,,0,0,,,,,,,,,,,,,,,,,,,,0,,,,,,,0,,,,0,,,0,,,,0,,,0,,-0.874,,0,5
7028,1154988,"(14:16) 14-A.McNamara punts 50 yards to TEN 21, Center-42-T.Hennessy. 17-C.Dike to TEN 16 for -5 yards (82-A.Smith).",NYJ,TEN,PUNT,12,4,14,16,20,3,3,2,4,1,29,2,0,1,0,0,0,0,,0,,,,,0,0,,,,,,,,,,,,,,,,,,,,0,,,,,,,0,00-0039634,50,55,0,00-0040705,-5,0,,,,0,,,0,,0.144,,0,
7028,1154989,(14:04) (Shotgun) 2-T.Spears up the middle to TEN 17 for 1 yard (95-D.Jackson; 55-B.McGregor).,TEN,NYJ,RUSH,24,4,14,4,3,20,2,3,1,10,16,1,1,0,0,1,0,0,00-0039032,0,RM,00-0041549,00-0039284,,0,0,,,,,,,,,,,,,,,,,,,,0,,,,,,,0,,,,0,,,0,,,,0,,,0,,-0.476,,0,5
7028,1154990,"(13:40) (No Huddle, Shotgun) PENALTY on TEN-55-J.Latham, False Start, 5 yards, enforced at TEN 17 - No Play.",TEN,NYJ,NOPL,0,4,13,40,3,20,2,3,2,9,17,1,0,0,0,1,1,0,,0,,,,,0,0,,,,,,,,,TEN,00-0039731,False Start,-5,NA,,,,,,,0,,,,,,,0,,,,0,,,0,,,,0,,,0,,-0.754,,0,
7028,1154991,(13:40) (Shotgun) 1-C.Ward sacked at TEN 1 for -11 yards (9-W.McDonald).,TEN,NYJ,PASS,46,4,13,40,3,20,2,3,2,14,12,1,-11,0,0,1,0,0,,0,,,,,0,0,,,,,,,00-0039142,,,,,,,,,,,,,0,,,,,,,0,,,,0,,,0,,,,0,,,0,,-1.655,00-0040676,0,5
7028,1154992,(12:54) (Shotgun) 1-C.Ward pass short right to 84-G.Helm to TEN 13 for 12 yards (1-A.Thomas).,TEN,NYJ,PASS,45,4,12,54,3,20,2,3,3,25,1,1,12,1,0,1,0,0,,0,,,,00-0040676,1,0,SR,00-0040584,,4,00-0040133,,,,,,,,,,,,,,,0,,,,,,,0,,,,0,,,0,,,,0,,,0,,0.119,00-0040676,0,5
7028,1154993,"(12:09) 3-T.Townsend punts 37 yards to 50, Center-46-M.Cox, out of bounds.",TEN,NYJ,PUNT,8,4,12,9,3,20,2,3,4,13,13,1,0,0,0,0,0,0,,0,,,,,0,0,,,,,,,,,,,,,,,,,,,,0,,,,,,,0,00-0035889,37,37,0,,0,0,,,,0,,,0,,-0.34,,0,
7028,1154994,(12:01) 0-B.Allen right tackle to TEN 46 for 4 yards (23-K.Winston).,NYJ,TEN,RUSH,45,4,12,1,20,3,3,2,1,10,50,3,4,0,0,0,0,0,00-0039794,0,RT,00-0040141,,,0,0,,,,,,,,,,,,,,,,,,,,0,,,,,,,0,,,,0,,,0,,,,0,,,0,,-0.179,,0,4
7028,1154995,"(11:16) 0-B.Allen right guard to TEN 47 for -1 yards (37-A.Hooker, 53-A.Hill).",NYJ,TEN,RUSH,41,4,11,16,20,3,3,2,2,6,54,3,-1,0,0,0,0,0,00-0039794,0,RG,00-0035632,00-0041479,,0,0,,,,,,,,,,,,,,,,,,,,0,,,,,,,0,,,,0,,,0,,,,0,,,0,,-0.869,,0,4
7028,1154996,(10:35) (Shotgun) 7-G.Smith pass short left to 16-K.Sadiq to TEN 41 for 6 yards (18-C.Flott).,NYJ,TEN,PASS,49,4,10,35,20,3,3,2,3,7,53,3,6,0,0,1,0,0,,0,,,,00-0030565,1,0,SL,00-0041032,,5,00-0037758,,,,,,,,,,,,,,,0,,,,,,,0,,,,0,,,0,,,,0,,,0,,-0.32,00-0030565,1,5
7028,1154997,"(9:46) (Run formation) PENALTY on NYJ, Delay of Game, 5 yards, enforced at TEN 41 - No Play.",NYJ,TEN,NOPL,0,4,9,46,20,3,3,2,4,1,59,3,0,0,0,0,0,0,,0,,,,,0,0,,,,,,,,,NYJ,,Delay of Game,-5,NA,,,,,,,0,,,,,,,0,,,,0,,,0,,,,0,,,0,,-1.138,,0,
7028,1154998,"(9:46) 14-A.McNamara punts 44 yards to TEN 2, impetus ends at TEN 2, Center-42-T.Hennessy, downed by NYJ-37-Q.Stiggers.",NYJ,TEN,PUNT,10,4,9,46,20,3,3,2,4,6,54,3,0,1,0,0,0,0,,0,,,,,0,0,,,,,,,,,,,,,,,,,,,,0,,,,,,,0,00-0039634,44,44,0,,0,0,,,,0,,,0,,0.229,,0,
7028,1154999,(9:36) (Shotgun) 1-C.Ward scrambles right end pushed ob at TEN 7 for 5 yards (31-D.Bailey).,TEN,NYJ,RUSH,26,4,9,36,3,20,2,3,1,10,2,1,5,0,0,1,0,0,00-0040676,0,RE,00-0041026,,,0,0,,,,,,,,,,,,,,,,,,,,0,,,,,,,0,,,,0,,,0,,,,0,,,0,,-0.063,00-0040676,0,5
7028,1155000,(9:10) (Shotgun) 1-C.Ward pass short right to 4-W.Robinson to TEN 13 for 6 yards (6-D.Belton).,TEN,NYJ,PASS,26,4,9,10,3,20,2,3,2,5,7,1,6,1,1,1,0,0,,0,,,,00-0040676,1,0,SR,00-0038117,,4,00-0038123,,,,,,,,,,,,,,,0,,,,,,,0,,,,0,,,0,,,,0,,,0,,0.618,00-0040676,0,5
7028,1155001,"(8:44) (No Huddle, Shotgun) 1-C.Ward pass short middle to 84-G.Helm to TEN 18 for 5 yards (8-A.Cisco).",TEN,NYJ,PASS,21,4,8,44,3,20,2,3,1,10,13,1,5,1,0,1,1,0,,0,,,,00-0040676,1,0,SM,00-0040584,,2,00-0036941,,,,,,,,,,,,,,,0,,,,,,,0,,,,0,,,0,,,,0,,,0,,0.106,00-0040676,0,5
7028,1155002,"(8:23) (No Huddle, Shotgun) 1-C.Ward pass incomplete deep left to 14-C.Tate.",TEN,NYJ,PASS,3,4,8,23,3,20,2,3,2,5,18,1,0,0,0,1,1,0,,0,,,,00-0040676,0,0,DL,00-0041438,,17,,,,,,,,,,,,,,,,0,,,,,,,0,,,,0,,,0,,,,0,,,0,,-0.752,00-0040676,0,5
7028,1155003,(8:20) (Shotgun) 1-C.Ward pass incomplete short right.,TEN,NYJ,PASS,9,4,8,20,3,20,2,3,3,5,18,1,0,0,0,1,0,0,,0,,,,00-0040676,0,0,SR,,,7,,,,,,,,,,,,,,,,0,,,,,,,0,,,,0,,,0,,,,0,,,0,,-0.995,00-0040676,0,5
7028,1155004,"(8:11) 3-T.Townsend punts 49 yards to NYJ 33, Center-46-M.Cox. 18-I.Williams to NYJ 47 for 14 yards (21-M.Robinson).",TEN,NYJ,PUNT,10,4,8,11,3,20,2,3,4,5,18,1,0,0,0,0,0,0,,0,,,,,0,0,,,,,,,,,,,,,,,,,,,,0,,,,,,,0,00-0035889,49,35,0,00-0039451,14,0,,,,0,,,0,,-0.941,,0,
7028,1155005,(8:01) 20-B.Hall right end pushed ob at TEN 40 for 13 yards (23-K.Winston).,NYJ,TEN,RUSH,40,4,8,1,20,3,3,2,1,10,47,3,13,1,1,0,0,0,00-0038120,0,RE,00-0040141,,,0,0,,,,,,,,,,,,,,,,,,,,0,,,,,,,0,,,,0,,,0,,,,0,,,0,,0.819,,0,4
7028,1155006,(7:21) 20-B.Hall right end to TEN 40 for no gain (24-A.Taylor).,NYJ,TEN,RUSH,46,4,7,21,20,3,3,2,1,10,60,4,0,0,0,0,0,0,00-0038120,0,RE,00-0038121,,,0,0,,,,,,,,,,,,,,,,,,,,0,,,,,,,0,,,,0,,,0,,,,0,,,0,,-0.444,,0,4
7028,1155007,(6:35) (Shotgun) 0-B.Allen left guard to TEN 38 for 2 yards (91-J.Franklin-Myers).,NYJ,TEN,RUSH,43,4,6,35,20,3,3,2,2,10,60,4,2,0,0,1,0,0,00-0039794,0,LG,00-0034805,,,0,0,,,,,,,,,,,,,,,,,,,,0,,,,,,,0,,,,0,,,0,,,,0,,,0,,-0.64,,0,4
7028,1155008,(5:52) 0-B.Allen left guard to TEN 34 for 4 yards (91-J.Franklin-Myers; 23-K.Winston).,NYJ,TEN,RUSH,47,4,5,52,20,3,3,2,3,8,62,4,4,0,0,0,0,0,00-0039794,0,LG,00-0034805,00-0040141,,0,0,,,,,,,,,,,,,,,,,,,,0,,,,,,,0,,,,0,,,0,,,,0,,,0,,-1.106,,0,4
7028,1155009,Timeout #1 by NYJ at 05:05.,NA,NA,NOPL,0,4,5,5,0,0,0,0,0,0,NA,1,0,0,0,0,0,0,,0,,,,,0,0,,,,,,,,,,,,,,,,,,,,0,,,,,,,0,,,,0,,,0,,,,0,,,0,,0,,0,
7028,1155010,"(5:05) 19-J.Sanders 52 yard field goal is GOOD, Center-42-T.Hennessy, Holder-14-A.McNamara.",NYJ,TEN,FGXP,5,4,5,5,20,3,2,2,4,4,66,4,0,1,0,0,0,3,,0,,,,,0,0,,,,,,,,,,,,,,,,,,,,0,,,,FG,00-0034794,52,1,,,,0,,,0,,,,0,,,0,,1.867,,0,
7028,1155011,"19-J.Sanders kicks 65 yards from NYJ 35 to end zone, Touchback to the TEN 35.",TEN,NYJ,KOFF,0,4,5,0,3,23,2,2,0,0,65,4,0,1,0,0,0,0,,0,,,,,0,0,,,,,,,,,,,,,,,,,,,,0,,,,,,,0,,,,0,,,0,00-0034794,65,65,1,,0,0,,0.563,,0,
7028,1155012,(5:00) (Shotgun) 1-C.Ward pass short left to 4-W.Robinson to TEN 43 for 8 yards (56-D.Davis).,TEN,NYJ,PASS,23,4,5,0,3,23,2,2,1,10,35,2,8,1,0,1,0,0,,0,,,,00-0040676,1,0,SL,00-0038117,,0,00-0029607,,,,,,,,,,,,,,,0,,,,,,,0,,,,0,,,0,,,,0,,,0,,0.559,00-0040676,0,5
7028,1155013,"(4:37) (No Huddle, Shotgun) 1-C.Ward pass short left to 14-C.Tate to NYJ 43 for 14 yards (8-A.Cisco).",TEN,NYJ,PASS,20,4,4,37,3,23,2,2,2,2,43,3,14,1,1,1,1,0,,0,,,,00-0040676,1,0,SL,00-0041438,,7,00-0036941,,,,,,,,,,,,,,,0,,,,,,,0,,,,0,,,0,,,,0,,,0,,0.896,00-0040676,0,5
7028,1155014,"(4:17) (No Huddle, Shotgun) 1-C.Ward pass short right to 2-T.Spears to NYJ 39 for 4 yards (1-A.Thomas; 2-J.Brownlee).",TEN,NYJ,PASS,29,4,4,17,3,23,2,2,1,10,57,3,4,0,0,1,1,0,,0,,,,00-0040676,1,0,SR,00-0039032,,-4,00-0040133,00-0039372,,,,,,,,,,,,,,0,,,,,,,0,,,,0,,,0,,,,0,,,0,,-0.167,00-0040676,0,5
7028,1155015,"(3:48) (No Huddle, Shotgun) 1-C.Ward pass short left to 84-G.Helm pushed ob at NYJ 29 for 10 yards (8-A.Cisco).",TEN,NYJ,PASS,7,4,3,48,3,23,2,2,2,6,61,4,10,1,1,1,1,0,,0,,,,00-0040676,1,0,SL,00-0040584,,0,00-0036941,,,,,,,,,,,,,,,0,,,,,,,0,,,,0,,,0,,,,0,,,0,,0.957,00-0040676,0,5
7028,1155016,"(3:41) (No Huddle, Shotgun) 1-C.Ward pass short right to 2-T.Spears to NYJ 21 for 8 yards (8-A.Cisco).",TEN,NYJ,PASS,25,4,3,41,3,23,2,2,1,10,71,4,8,1,0,1,1,0,,0,,,,00-0040676,1,0,SR,00-0039032,,-7,00-0036941,,,,,,,,,,,,,,,0,,,,,,,0,,,,0,,,0,,,,0,,,0,,0.721,00-0040676,0,5
7028,1155017,"(3:16) (No Huddle, Shotgun) 2-T.Spears up the middle to NYJ 11 for 10 yards (31-D.Bailey).",TEN,NYJ,RUSH,23,4,3,16,3,23,2,2,2,2,79,4,10,1,1,1,1,0,00-0039032,0,RM,00-0041026,,,0,0,,,,,,,,,,,,,,,,,,,,0,,,,,,,0,,,,0,,,0,,,,0,,,0,,0.515,,0,5
7028,1155018,"(2:53) (No Huddle, Shotgun) 1-C.Ward pass incomplete short left to 5-E.Ayomanor.",TEN,NYJ,PASS,4,4,2,53,3,23,2,2,1,10,89,5,0,0,0,1,1,0,,0,,,,00-0040676,0,0,SL,00-0040170,,10,,,,,,,,,,,,,,,,0,,,,,,,0,,,,0,,,0,,,,0,,,0,,-0.459,00-0040676,0,5
7028,1155019,(2:49) (Shotgun) 1-C.Ward pass incomplete short middle to 84-G.Helm [97-H.Phillips].,TEN,NYJ,PASS,4,4,2,49,3,23,2,2,2,10,89,5,0,0,0,1,0,0,,0,,,,00-0040676,0,0,SM,00-0040584,,11,,,,,,,,,,,,,,,,0,,,,,,,0,,,,0,,,0,,,,0,,,0,,-0.702,00-0040676,0,5
7028,1155020,"(2:45) (Shotgun) 1-C.Ward pass short right to 5-E.Ayomanor for 11 yards, TOUCHDOWN.",TEN,NYJ,PASS,3,4,2,45,3,23,2,2,3,10,89,5,11,1,1,1,0,6,,0,,,,00-0040676,1,0,SR,00-0040170,,11,,,,,,,,,,,,,,,,0,,,,,,,0,,,,0,,,0,,,,0,,,1,REC,3.417,00-0040676,1,5
7028,1155021,"6-J.Slye extra point is GOOD, Center-46-M.Cox, Holder-3-T.Townsend.",TEN,NYJ,FGXP,0,4,2,42,9,23,2,2,0,0,85,5,0,1,0,0,0,1,,0,,,,,0,0,,,,,,,,,,,,,,,,,,,,0,,,,XP,00-0035192,33,1,,,,0,,,0,,,,0,,,0,,0.068,,0,
7028,1155022,"6-J.Slye kicks onside 11 yards from TEN 35 to TEN 46, impetus ends at TEN 44. 5-G.Wilson (didn't try to advance) to TEN 46 for no gain.",NYJ,TEN,KOFF,2,4,2,42,23,10,2,2,0,0,65,4,0,1,0,0,0,0,,0,,,,,0,0,,,,,,,,,,,,,,,,,,,,0,,,,,,,0,,,,0,,,0,00-0035192,0,0,0,,0,0,,1.605,,0,
7028,1155023,(2:40) 20-B.Hall up the middle to TEN 41 for 5 yards (37-A.Hooker).,NYJ,TEN,RUSH,5,4,2,40,23,10,2,2,1,10,54,3,5,0,0,0,0,0,00-0038120,0,RM,00-0035632,,,0,0,,,,,,,,,,,,,,,,,,,,0,,,,,,,0,,,,0,,,0,,,,0,,,0,,-0.435,,0,4
7028,1155024,Timeout #2 by TEN at 02:35.,NA,NA,NOPL,0,4,2,35,0,0,0,0,0,0,NA,1,0,0,0,0,0,0,,0,,,,,0,0,,,,,,,,,,,,,,,,,,,,0,,,,,,,0,,,,0,,,0,,,,0,,,0,,0,,0,
7028,1155025,(2:35) 20-B.Hall up the middle to TEN 35 for 6 yards (24-A.Taylor; 53-A.Hill).,NYJ,TEN,RUSH,35,4,2,35,23,10,2,1,2,5,59,3,6,1,1,0,0,0,00-0038120,0,RM,00-0038121,00-0041479,,0,0,,,,,,,,,,,,,,,,,,,,0,,,,,,,0,,,,0,,,0,,,,0,,,0,,0.585,,0,4
7028,1155026,(2:00) 7-G.Smith kneels to TEN 36 for -1 yards.,NYJ,TEN,RUSH,41,4,2,0,23,10,2,1,1,10,65,4,-1,0,0,0,0,0,00-0030565,1,,,,,0,0,,,,,,,,,,,,,,,,,,,,0,,,,,,,0,,,,0,,,0,,,,0,,,0,,-0.445,,0,
7028,1155027,(1:19) 7-G.Smith kneels to TEN 37 for -1 yards.,NYJ,TEN,RUSH,41,4,1,19,23,10,2,1,2,11,64,4,-1,0,0,0,0,0,00-0030565,1,,,,,0,0,,,,,,,,,,,,,,,,,,,,0,,,,,,,0,,,,0,,,0,,,,0,,,0,,-0.396,,0,
7028,1155028,(:38) 7-G.Smith kneels to TEN 38 for -1 yards.,NYJ,TEN,RUSH,0,4,0,38,23,10,2,1,3,12,63,4,-1,0,0,0,0,0,00-0030565,1,,,,,0,0,,,,,,,,,,,,,,,,,,,,0,,,,,,,0,,,,0,,,0,,,,0,,,0,,-1.739,,0,
7029,1155029,11-C.Dicker kicks 60 yards from LAC 35 to ARI 5. 81-D.Duvernay to ARI 30 for 25 yards (48-B.Dupree).,ARZ,LAC,KOFF,4,1,15,0,0,0,3,3,0,0,65,4,0,1,0,0,0,0,,0,,,,,0,0,,,,,,,,,,,,,,,,,,,,0,,,,,,,0,,,,0,,,0,00-0037224,60,35,0,00-0036331,25,0,,0.291,,0,
7029,1155030,(14:56) 7-J.Brissett pass deep right to 85-T.McBride to LAC 43 for 27 yards (2-E.Molden).,ARZ,LAC,PASS,38,1,14,56,0,0,3,3,1,10,30,2,27,1,1,0,0,0,,0,,,,00-0033119,1,0,DR,00-0037744,,22,00-0036992,,,,,,,,,,,,,,,0,,,,,,,0,,,,0,,,0,,,,0,,,0,,1.73,00-0033119,0,5
7029,1155031,(14:18) (Shotgun) 22-T.Allgeier right guard to LAC 41 for 2 yards (94-D.Tomlinson; 45-T.Tuipulotu).,ARZ,LAC,RUSH,44,1,14,18,0,0,3,3,1,10,57,3,2,0,0,1,0,0,00-0037263,0,RG,00-0033546,00-0039111,,0,0,,,,,,,,,,,,,,,,,,,,0,,,,,,,0,,,,0,,,0,,,,0,,,0,,-0.288,,0,5
7029,1155032,(13:34) (Shotgun) 7-J.Brissett pass incomplete short middle to 18-M.Harrison.,ARZ,LAC,PASS,4,1,13,34,0,0,3,3,2,8,59,3,0,0,0,1,0,0,,0,,,,00-0033119,0,0,SM,00-0039849,,11,,,,,,,,,,,,,,,,0,,,,,,,0,,,,0,,,0,,,,0,,,0,,-0.89,00-0033119,1,4
7029,1155033,(13:30) (Shotgun) 7-J.Brissett scrambles left end ran ob at LAC 30 for 11 yards (45-T.Tuipulotu).,ARZ,LAC,RUSH,39,1,13,30,0,0,3,3,3,8,59,3,11,1,1,1,0,0,00-0033119,0,LE,00-0039111,,,0,0,,,,,,,,,,,,,,,,,,,,0,,,,,,,0,,,,0,,,0,,,,0,,,0,,2.262,00-0033119,1,5
7029,1155034,(12:51) 66-J.Williams reported in as eligible. 7-J.Brissett pass short right to 22-T.Allgeier to LAC 25 for 5 yards (0-D.Henley; 23-T.Jefferson).,ARZ,LAC,PASS,43,1,12,51,0,0,3,3,1,10,70,4,5,1,0,0,0,0,,0,,,,00-0033119,1,0,SR,00-0037263,,1,00-0038553,00-0030294,,,,,,,,,,,,,,0,,,,,,,0,,,,0,,,0,,,,0,,,0,,0.105,00-0033119,0,5
7029,1155035,(12:08) 22-T.Allgeier left end to LAC 21 for 4 yards (90-A.Mesidor).,ARZ,LAC,RUSH,29,1,12,8,0,0,3,3,2,5,75,4,4,1,0,0,0,0,00-0037263,0,LE,00-0041544,,,0,0,,,,,,,,,,,,,,,,,,,,0,,,,,,,0,,,,0,,,0,,,,0,,,0,,0.091,,0,4
7029,1155036,(11:39) 7-J.Brissett up the middle to LAC 19 for 2 yards (99-J.Caldwell).,ARZ,LAC,RUSH,38,1,11,39,0,0,3,3,3,1,79,4,2,1,1,0,0,0,00-0033119,0,RM,00-0040144,,,0,0,,,,,,,,,,,,,,,,,,,,0,,,,,,,0,,,,0,,,0,,,,0,,,0,,0.459,,0,4
7029,1155037,(11:01) (Shotgun) 4-J.Love up the middle to LAC 19 for no gain (45-T.Tuipulotu).,ARZ,LAC,RUSH,40,1,11,1,0,0,3,3,1,10,81,5,0,0,0,1,0,0,00-0041027,0,RM,00-0039111,,,0,0,,,,,,,,,,,,,,,,,,,,0,,,,,,,0,,,,0,,,0,,,,0,,,0,,-0.527,,0,5
7029,1155038,(10:21) (Shotgun) 7-J.Brissett pass short left to 17-K.Bourne to LAC 8 for 11 yards (20-C.Hart).,ARZ,LAC,PASS,47,1,10,21,0,0,3,3,2,10,81,5,11,1,1,1,0,0,,0,,,,00-0033119,1,0,SL,00-0033307,,2,00-0039369,,,,,,,,,,,,,,,0,,,,,,,0,,,,0,,,0,,,,0,,,0,,1.181,00-0033119,0,6
7029,1155039,Timeout #1 by ARI at 09:34.,NA,NA,NOPL,0,1,9,34,0,0,0,0,0,0,NA,1,0,0,0,0,0,0,,0,,,,,0,0,,,,,,,,,,,,,,,,,,,,0,,,,,,,0,,,,0,,,0,,,,0,,,0,,0,,0,
7029,1155040,(9:34) 4-J.Love up the middle to LAC 5 for 3 yards (2-E.Molden).,ARZ,LAC,RUSH,40,1,9,34,0,0,2,3,1,8,92,5,3,0,0,0,0,0,00-0041027,0,RM,00-0036992,,,0,0,,,,,,,,,,,,,,,,,,,,0,,,,,,,0,,,,0,,,0,,,,0,,,0,,-0.055,,0,4
7029,1155041,"(8:54) (Shotgun) 4-J.Love left end for 5 yards, TOUCHDOWN.",ARZ,LAC,RUSH,5,1,8,54,0,0,2,3,2,5,95,5,5,1,1,1,0,6,00-0041027,0,LE,,,,0,0,,,,,,,,,,,,,,,,,,,,0,,,,,,,0,,,,0,,,0,,,,0,,,1,RUSH,1.632,,0,5
7029,1155042,"38-C.Ryland extra point is GOOD, Center-59-C.Kreiter, Holder-12-B.Gillikin.",ARZ,LAC,FGXP,0,1,8,49,6,0,2,3,0,0,85,5,0,1,0,0,0,1,,0,,,,,0,0,,,,,,,,,,,,,,,,,,,,0,,,,XP,00-0038567,33,1,,,,0,,,0,,,,0,,,0,,0.051,,0,
7029,1155043,38-C.Ryland kicks 65 yards from ARI 35 to LAC 0. 34-K.Mitchell to LAC 23 for 23 yards (36-K.Crawford).,LAC,ARZ,KOFF,4,1,8,49,0,7,3,2,0,0,65,4,0,0,0,0,0,0,,0,,,,,0,0,,,,,,,,,,,,,,,,,,,,0,,,,,,,0,,,,0,,,0,00-0038567,65,42,0,00-0038454,23,0,,-0.281,,0,
7029,1155044,(8:45) 8-O.Hampton left end to LAC 25 for 2 yards (51-R.Lopez).,LAC,ARZ,RUSH,32,1,8,45,0,7,3,2,1,10,23,2,2,0,0,0,0,0,00-0040666,0,LE,00-0036568,,,0,0,,,,,,,,,,,,,,,,,,,,0,,,,,,,0,,,,0,,,0,,,,0,,,0,,-0.379,,0,4
7029,1155045,(8:13) (Shotgun) 10-J.Herbert pass deep middle to 15-L.McConkey to LAC 43 for 18 yards (2-W.Johnson).,LAC,ARZ,PASS,39,1,8,13,0,7,3,2,2,8,25,2,18,1,1,1,0,0,,0,,,,00-0036355,1,0,DM,00-0039915,,18,00-0040751,,,,,,,,,,,,,,,0,,,,,,,0,,,,0,,,0,,,,0,,,0,,1.659,00-0036355,0,5
7029,1155046,(7:34) 8-O.Hampton right end to LAC 43 for no gain (1-Ma.Wilson).,LAC,ARZ,RUSH,37,1,7,34,0,7,3,2,1,10,43,3,0,0,0,0,0,0,00-0040666,0,RE,00-0035144,,,0,0,,,,,,,,,,,,,,,,,,,,0,,,,,,,0,,,,0,,,0,,,,0,,,0,,-0.513,,0,4
7029,1155047,(6:57) (Shotgun) 10-J.Herbert pass deep middle to 15-L.McConkey to ARI 34 for 23 yards (3-B.Baker).,LAC,ARZ,PASS,41,1,6,57,0,7,3,2,2,10,43,3,23,1,1,1,0,0,,0,,,,00-0036355,1,0,DM,00-0039915,,20,00-0033890,,,,,,,,,,,,,,,0,,,,,,,0,,,,0,,,0,,,,0,,,0,,1.639,00-0036355,0,5
7029,1155048,(6:16) (Shotgun) 10-J.Herbert pass short middle to 15-L.McConkey to ARI 15 for 19 yards (3-B.Baker).,LAC,ARZ,PASS,38,1,6,16,0,7,3,2,1,10,66,4,19,1,1,1,0,0,,0,,,,00-0036355,1,0,SM,00-0039915,,14,00-0033890,,,,,,,,,,,,,,,0,,,,,,,0,,,,0,,,0,,,,0,,,0,,1.22,00-0036355,0,4
7029,1155049,(5:38) (Shotgun) 34-K.Mitchell right end to ARI 13 for 2 yards (50-J.Gibbens).,LAC,ARZ,RUSH,30,1,5,38,0,7,3,2,1,10,85,5,2,0,0,1,0,0,00-0038454,0,RE,00-0037596,,,0,0,,,,,,,,,,,,,,,,,,,,0,,,,,,,0,,,,0,,,0,,,,0,,,0,,-0.419,,0,4
7029,1155050,(5:08) (Shotgun) 10-J.Herbert scrambles up the middle to ARI 8 for 5 yards (52-J.Burch).,LAC,ARZ,RUSH,39,1,5,8,0,7,3,2,2,8,87,5,5,0,0,1,0,0,00-0036355,0,RM,00-0040137,,,0,0,,,,,,,,,,,,,,,,,,,,0,,,,,,,0,,,,0,,,0,,,,0,,,0,,-0.058,00-0036355,0,5
7029,1155051,"(4:29) (Shotgun) 8-O.Hampton up the middle for 8 yards, TOUCHDOWN.",LAC,ARZ,RUSH,7,1,4,29,0,7,3,2,3,3,92,5,8,1,1,1,0,6,00-0040666,0,RM,,,,0,0,,,,,,,,,,,,,,,,,,,,0,,,,,,,0,,,,0,,,0,,,,0,,,1,RUSH,2.164,,0,5
7029,1155052,"11-C.Dicker extra point is GOOD, Center-47-J.Harris, Holder-16-J.Scott.",LAC,ARZ,FGXP,0,1,4,22,6,7,3,2,0,0,85,5,0,1,0,0,0,1,,0,,,,,0,0,,,,,,,,,,,,,,,,,,,,0,,,,XP,00-0037224,33,1,,,,0,,,0,,,,0,,,0,,0.051,,0,
7029,1155053,11-C.Dicker kicks 59 yards from LAC 35 to ARI 6. 81-D.Duvernay to ARI 30 for 24 yards (53-D.Phillips).,ARZ,LAC,KOFF,6,1,4,22,7,7,2,3,0,0,65,4,0,1,0,0,0,0,,0,,,,,0,0,,,,,,,,,,,,,,,,,,,,0,,,,,,,0,,,,0,,,0,00-0037224,59,35,0,00-0036331,24,0,,0.268,,0,
7029,1155054,(4:16) (Shotgun) 22-T.Allgeier left tackle to ARI 31 for 1 yard (3-D.James; 94-D.Tomlinson).,ARZ,LAC,RUSH,39,1,4,16,7,7,2,3,1,10,30,2,1,0,0,1,0,0,00-0037263,0,LT,00-0034790,00-0033546,,0,0,,,,,,,,,,,,,,,,,,,,0,,,,,,,0,,,,0,,,0,,,,0,,,0,,-0.555,,0,5
7029,1155055,(3:37) (Shotgun) 7-J.Brissett pass short right to 17-K.Bourne to ARI 41 for 10 yards (3-D.James).,ARZ,LAC,PASS,38,1,3,37,7,7,2,3,2,9,31,2,10,1,1,1,0,0,,0,,,,00-0033119,1,0,SR,00-0033307,,4,00-0034790,,,,,,,,,,,,,,,0,,,,,,,0,,,,0,,,0,,,,0,,,0,,1.172,00-0033119,0,6
7029,1155056,"(2:59) 7-J.Brissett pass short middle to 14-Mi.Wilson to ARI 47 for 6 yards (53-D.Phillips). PENALTY on ARI-72-H.Froholdt, Offensive Holding, 10 yards, enforced at ARI 41 - No Play.",ARZ,LAC,NOPL,24,1,2,59,7,7,2,3,1,10,41,3,0,0,0,0,0,0,,0,,,,00-0033119,0,0,,,,0,,,,,ARZ,00-0035258,Offensive Holding,-10,NA,,,,,,,0,,,,,,,0,,,,0,,,0,,,,0,,,0,,-0.845,00-0033119,0,5
7029,1155057,(2:35) (Shotgun) 7-J.Brissett pass short middle to 85-T.McBride to ARI 48 for 17 yards (0-D.Henley; 2-E.Molden).,ARZ,LAC,PASS,39,1,2,35,7,7,2,3,1,20,31,2,17,1,0,1,0,0,,0,,,,00-0033119,1,0,SM,00-0037744,,10,00-0038553,00-0036992,,,,,,,,,,,,,,0,,,,,,,0,,,,0,,,0,,,,0,,,0,,1.345,00-0033119,1,5
7029,1155058,(1:56) 7-J.Brissett pass short right to 85-T.McBride to LAC 42 for 10 yards (0-D.Henley).,ARZ,LAC,PASS,46,1,1,56,7,7,2,3,2,3,48,3,10,1,1,0,0,0,,0,,,,00-0033119,1,0,SR,00-0037744,,6,00-0038553,,,,,,,,,,,,,,,0,,,,,,,0,,,,0,,,0,,,,0,,,0,,0.796,00-0033119,0,4
7029,1155059,(1:10) 66-J.Williams reported in as eligible. 4-J.Love left tackle to LAC 41 for 1 yard (99-J.Caldwell).,ARZ,LAC,RUSH,39,1,1,10,7,7,2,3,1,10,58,3,1,0,0,0,0,0,00-0041027,0,LT,00-0040144,,,0,0,,,,,,,,,,,,,,,,,,,,0,,,,,,,0,,,,0,,,0,,,,0,,,0,,-0.497,,0,4
7029,1155060,(:31) (Shotgun) 7-J.Brissett pass short middle to 4-J.Love to LAC 36 for 5 yards (3-D.James).,ARZ,LAC,PASS,31,1,0,31,7,7,2,3,2,9,59,3,5,0,0,1,0,0,,0,,,,00-0033119,1,0,SM,00-0041027,,4,00-0034790,,,,,,,,,,,,,,,0,,,,,,,0,,,,0,,,0,,,,0,,,0,,-0.073,00-0033119,1,6
7029,1155061,(15:00) (Shotgun) 7-J.Brissett pass incomplete deep left to 14-Mi.Wilson (20-C.Hart).,ARZ,LAC,PASS,5,2,15,0,7,7,2,3,3,4,64,4,0,0,0,1,0,0,,0,,,,00-0033119,0,0,DL,00-0038559,00-0039369,27,,,,,,,,,,,,,,,,0,,,,,,,0,,,,0,,,0,,,,0,,,0,,-1.156,00-0033119,0,5
7029,1155062,"(14:55) 38-C.Ryland 54 yard field goal is No Good, Hit Right Upright, Center-59-C.Kreiter, Holder-12-B.Gillikin.",ARZ,LAC,FGXP,4,2,14,55,7,7,2,3,4,4,64,4,0,0,0,0,0,0,,0,,,,,0,0,,,,,,,,,,,,,,,,,,,,0,,,,FG,00-0038567,54,0,,,,0,,,0,,,,0,,,0,,-4.022,,0,
7029,1155063,(14:51) 8-O.Hampton right end to ARI 42 for 14 yards (50-J.Gibbens).,LAC,ARZ,RUSH,43,2,14,51,7,7,3,2,1,10,44,3,14,1,1,0,0,0,00-0040666,0,RE,00-0037596,,,0,0,,,,,,,,,,,,,,,,,,,,0,,,,,,,0,,,,0,,,0,,,,0,,,0,,0.744,,0,5
7029,1155064,(14:08) (Shotgun) 10-J.Herbert pass short right to 83-D.Njoku pushed ob at ARI 30 for 12 yards (50-J.Gibbens).,LAC,ARZ,PASS,26,2,14,8,7,7,3,2,1,10,58,3,12,1,1,1,0,0,,0,,,,00-0036355,1,0,SR,00-0033885,,1,00-0037596,,,,,,,,,,,,,,,0,,,,,,,0,,,,0,,,0,,,,0,,,0,,0.716,00-0036355,0,5
7029,1155065,(13:42) 10-J.Herbert pass incomplete short right to 1-Q.Johnston (16-M.Melton).,LAC,ARZ,PASS,5,2,13,42,7,7,3,2,1,10,70,4,0,0,0,0,0,0,,0,,,,00-0036355,0,0,SR,00-0038544,00-0039807,0,,,,,,,,,,,,,,,,0,,,,,,,0,,,,0,,,0,,,,0,,,0,,-0.451,00-0036355,0,5
7029,1155066,"(13:37) (Shotgun) 8-O.Hampton left end to ARI 31 for -1 yards (28-A.Wingard). FUMBLES (28-A.Wingard), RECOVERED by ARI-2-W.Johnson at ARI 34.",LAC,ARZ,RUSH,15,2,13,37,7,7,3,2,2,10,70,4,-4,0,0,1,0,0,00-0040666,0,LE,00-0035378,,,0,0,,,,,,,,,,,,,,,,00-0040666,00-0040751,0,00-0035378,1,,,,,,,0,,,,0,,,0,,,,0,,,0,,-5.197,,0,5
7029,1155067,(13:22) 7-J.Brissett pass short left to 17-K.Bourne to ARI 43 for 9 yards (4-T.Still; 43-T.Dye).,ARZ,LAC,PASS,39,2,13,22,7,7,2,3,1,10,34,2,9,1,0,0,0,0,,0,,,,00-0033119,1,0,SL,00-0033307,,5,00-0039366,00-0036338,,,,,,,,,,,,,,0,,,,,,,0,,,,0,,,0,,,,0,,,0,,0.788,00-0033119,0,5
7029,1155068,"(12:43) PENALTY on ARI-89-H.Long, False Start, 4 yards, enforced at ARI 43 - No Play.",ARZ,LAC,NOPL,8,2,12,43,7,7,2,3,2,1,43,3,0,0,0,0,0,0,,0,,,,,0,0,,,,,,,,,ARZ,00-0037004,False Start,-4,NA,,,,,,,0,,,,,,,0,,,,0,,,0,,,,0,,,0,,-0.782,,0,
7029,1155069,(12:35) 4-J.Love right end pushed ob at LAC 43 for 18 yards (0-D.Henley).,ARZ,LAC,RUSH,37,2,12,35,7,7,2,3,2,5,39,2,18,1,1,0,0,0,00-0041027,0,RE,00-0038553,,,0,0,,,,,,,,,,,,,,,,,,,,0,,,,,,,0,,,,0,,,0,,,,0,,,0,,1.389,,0,6
7029,1155070,(11:58) 66-J.Williams reported in as eligible. 7-J.Brissett pass short right to 4-J.Love to LAC 39 for 4 yards (43-T.Dye) [99-J.Caldwell].,ARZ,LAC,PASS,39,2,11,58,7,7,2,3,1,10,57,3,4,0,0,0,0,0,,0,,,,00-0033119,1,0,SR,00-0041027,,0,00-0036338,,,,,,,,,,,,,,,0,,,,,,,0,,,,0,,,0,,,,0,,,0,,-0.076,00-0033119,0,4
7029,1155071,(11:19) 4-J.Love right tackle to LAC 34 for 5 yards (43-T.Dye).,ARZ,LAC,RUSH,21,2,11,19,7,7,2,3,2,6,61,4,5,1,0,0,0,0,00-0041027,0,RT,00-0036338,,,0,0,,,,,,,,,,,,,,,,,,,,0,,,,,,,0,,,,0,,,0,,,,0,,,0,,0.257,,0,5
7029,1155072,(10:58) (No Huddle) 7-J.Brissett left guard to LAC 30 for 4 yards (3-D.James). LAC-99-J.Caldwell was injured during the play.,ARZ,LAC,RUSH,27,2,10,58,7,7,2,3,3,1,66,4,4,1,1,0,1,0,00-0033119,0,LG,00-0034790,,,0,0,,,,,,,,,,,,,,,,,,,,0,,,,,,,0,,,,0,,,0,,,,0,,,0,,0.872,,0,5
7029,1155073,"(10:31) PENALTY on ARI-65-E.Wilkinson, False Start, 5 yards, enforced at LAC 30 - No Play.",ARZ,LAC,NOPL,15,2,10,31,7,7,2,3,1,10,70,4,0,0,0,0,0,0,,0,,,,,0,0,,,,,,,,,ARZ,00-0033676,False Start,-5,NA,,,,,,,0,,,,,,,0,,,,0,,,0,,,,0,,,0,,-0.734,,0,
7029,1155074,(10:16) (Shotgun) 22-T.Allgeier right tackle to LAC 34 for 1 yard (0-D.Henley; 90-A.Mesidor).,ARZ,LAC,RUSH,37,2,10,16,7,7,2,3,1,15,65,4,1,0,0,1,0,0,00-0037263,0,RT,00-0038553,00-0041544,,0,0,,,,,,,,,,,,,,,,,,,,0,,,,,,,0,,,,0,,,0,,,,0,,,0,,-0.559,,0,5
7029,1155075,(9:39) (Shotgun) 7-J.Brissett pass short left to 85-T.McBride to LAC 28 for 6 yards (3-D.James).,ARZ,LAC,PASS,40,2,9,39,7,7,2,3,2,14,66,4,6,1,0,1,0,0,,0,,,,00-0033119,1,0,SL,00-0037744,,4,00-0034790,,,,,,,,,,,,,,,0,,,,,,,0,,,,0,,,0,,,,0,,,0,,0.343,00-0033119,0,6
7029,1155076,(8:59) (Shotgun) 7-J.Brissett pass short left to 17-K.Bourne to LAC 16 for 12 yards (2-E.Molden).,ARZ,LAC,PASS,40,2,8,59,7,7,2,3,3,8,72,4,12,1,1,1,0,0,,0,,,,00-0033119,1,0,SL,00-0033307,,10,00-0036992,,,,,,,,,,,,,,,0,,,,,,,0,,,,0,,,0,,,,0,,,0,,1.827,00-0033119,0,6
7029,1155077,(8:19) 22-T.Allgeier up the middle to LAC 13 for 3 yards (45-T.Tuipulotu).,ARZ,LAC,RUSH,36,2,8,19,7,7,2,3,1,10,84,5,3,0,0,0,0,0,00-0037263,0,RM,00-0039111,,,0,0,,,,,,,,,,,,,,,,,,,,0,,,,,,,0,,,,0,,,0,,,,0,,,0,,-0.178,,0,5
7029,1155078,(7:43) (Shotgun) 7-J.Brissett pass short right to 22-T.Allgeier to LAC 9 for 4 yards (23-T.Jefferson).,ARZ,LAC,PASS,44,2,7,43,7,7,2,3,2,7,87,5,4,0,0,1,0,0,,0,,,,00-0033119,1,0,SR,00-0037263,,-6,00-0030294,,,,,,,,,,,,,,,0,,,,,,,0,,,,0,,,0,,,,0,,,0,,-0.274,00-0033119,0,5
7029,1155079,(6:59) (Shotgun) 7-J.Brissett pass incomplete short right to 85-T.McBride (23-T.Jefferson). ** Injury Update: LAC-99-J.Caldwell has returned to the game.,ARZ,LAC,PASS,5,2,6,59,7,7,2,3,3,3,91,5,0,0,0,1,0,0,,0,,,,00-0033119,0,0,SR,00-0037744,00-0030294,3,,,,,,,,,,,,,,,,0,,,,,,,0,,,,0,,,0,,,,0,,,0,,-1.423,00-0033119,1,5
7029,1155080,"(6:54) 38-C.Ryland 27 yard field goal is GOOD, Center-59-C.Kreiter, Holder-12-B.Gillikin.",ARZ,LAC,FGXP,3,2,6,54,7,7,2,3,4,3,91,5,0,1,0,0,0,3,,0,,,,,0,0,,,,,,,,,,,,,,,,,,,,0,,,,FG,00-0038567,27,1,,,,0,,,0,,,,0,,,0,,0.059,,0,
7029,1155081,38-C.Ryland kicks 64 yards from ARI 35 to LAC 1. 12-D.Davis to LAC 21 for 20 yards (43-K.Sharar).,LAC,ARZ,KOFF,4,2,6,51,7,10,3,2,0,0,65,4,0,0,0,0,0,0,,0,,,,,0,0,,,,,,,,,,,,,,,,,,,,0,,,,,,,0,,,,0,,,0,00-0038567,64,44,0,00-0038573,20,0,,-0.319,,0,
7029,1155082,"(6:47) (Shotgun) 10-J.Herbert pass short left to 1-Q.Johnston to LAC 26 for 5 yards (50-J.Gibbens; 3-B.Baker). PENALTY on LAC-70-R.Slater, Illegal Block Above the Waist, 10 yards, enforced at LAC 21 - No Play.",LAC,ARZ,NOPL,14,2,6,47,7,10,3,2,1,10,21,2,0,0,0,1,0,0,,0,,,,00-0036355,0,0,,,,0,,,,,LAC,00-0037009,Illegal Block Above the Waist,-10,NA,,,,,,,0,,,,,,,0,,,,0,,,0,,,,0,,,0,,-1.11,00-0036355,0,5
7029,1155083,"(6:33) (Shotgun) 10-J.Herbert pass incomplete deep right to 15-L.McConkey. PENALTY on ARI-29-D.Burke, Defensive Pass Interference, 24 yards, enforced at LAC 11 - No Play.",LAC,ARZ,NOPL,4,2,6,33,7,10,3,2,1,20,11,1,0,1,1,1,0,0,,0,,,,00-0036355,0,0,,,,0,,,,,ARZ,00-0040195,Defensive Pass Interference,24,NA,,,,,,,0,,,,,,,0,,,,0,,,0,,,,0,,,0,,1.959,00-0036355,0,5
7029,1155084,(6:29) (Shotgun) 34-K.Mitchell left tackle to LAC 37 for 2 yards (25-Z.Collins).,LAC,ARZ,RUSH,40,2,6,29,7,10,3,2,1,10,35,2,2,0,0,1,0,0,00-0038454,0,LT,00-0036933,,,0,0,,,,,,,,,,,,,,,,,,,,0,,,,,,,0,,,,0,,,0,,,,0,,,0,,-0.458,,0,4
7029,1155085,(5:49) (Shotgun) 10-J.Herbert pass short right to 15-L.McConkey to ARI 49 for 14 yards (29-D.Burke).,LAC,ARZ,PASS,37,2,5,49,7,10,3,2,2,8,37,2,14,1,1,1,0,0,,0,,,,00-0036355,1,0,SR,00-0039915,,14,00-0040195,,,,,,,,,,,,,,,0,,,,,,,0,,,,0,,,0,,,,0,,,0,,1.428,00-0036355,0,5
7029,1155086,(5:12) (Shotgun) 8-O.Hampton up the middle to ARI 47 for 2 yards (51-R.Lopez).,LAC,ARZ,RUSH,35,2,5,12,7,10,3,2,1,10,51,3,2,0,0,1,0,0,00-0040666,0,RM,00-0036568,,,0,0,,,,,,,,,,,,,,,,,,,,0,,,,,,,0,,,,0,,,0,,,,0,,,0,,-0.479,,0,4
7029,1155087,(4:37) (Shotgun) 10-J.Herbert pass short left to 86-O.Gadsden pushed ob at ARI 21 for 26 yards (28-A.Wingard).,LAC,ARZ,PASS,31,2,4,37,7,10,3,2,2,8,53,3,26,1,1,1,0,0,,0,,,,00-0036355,1,0,SL,00-0040189,,4,00-0035378,,,,,,,,,,,,,,,0,,,,,,,0,,,,0,,,0,,,,0,,,0,,2.107,00-0036355,0,5
7029,1155088,(4:06) (Shotgun) 34-K.Mitchell left end pushed ob at ARI 13 for 8 yards (36-K.Crawford).,LAC,ARZ,RUSH,31,2,4,6,7,10,3,2,1,10,79,4,8,1,0,1,0,0,00-0038454,0,LE,00-0040230,,,0,0,,,,,,,,,,,,,,,,,,,,0,,,,,,,0,,,,0,,,0,,,,0,,,0,,0.634,,0,5
7029,1155089,(3:35) (Shotgun) 10-J.Herbert pass short middle to 83-D.Njoku to ARI 7 for 6 yards (1-Ma.Wilson).,LAC,ARZ,PASS,38,2,3,35,7,10,3,2,2,2,87,5,6,1,1,1,0,0,,0,,,,00-0036355,1,0,SM,00-0033885,,-2,00-0035144,,,,,,,,,,,,,,,0,,,,,,,0,,,,0,,,0,,,,0,,,0,,0.278,00-0036355,0,4
7029,1155090,(2:57) 34-K.Mitchell right end to ARI 10 for -3 yards (28-A.Wingard).,LAC,ARZ,RUSH,41,2,2,57,7,10,3,2,1,7,93,5,-3,0,0,0,0,0,00-0038454,0,RE,00-0035378,,,0,0,,,,,,,,,,,,,,,,,,,,0,,,,,,,0,,,,0,,,0,,,,0,,,0,,-0.903,,0,4
7029,1155091,(2:16) (Shotgun) 10-J.Herbert pass incomplete short left to 15-L.McConkey.,LAC,ARZ,PASS,6,2,2,16,7,10,3,2,2,10,90,5,0,0,0,1,0,0,,0,,,,00-0036355,0,0,SL,00-0039915,,10,,,,,,,,,,,,,,,,0,,,,,,,0,,,,0,,,0,,,,0,,,0,,-0.735,00-0036355,0,4
7029,1155092,(2:10) (Shotgun) 10-J.Herbert scrambles right end pushed ob at ARI 3 for 7 yards (50-J.Gibbens).,LAC,ARZ,RUSH,10,2,2,10,7,10,3,2,3,10,90,5,7,0,0,1,0,0,00-0036355,0,RE,00-0037596,,,0,0,,,,,,,,,,,,,,,,,,,,0,,,,,,,0,,,,0,,,0,,,,0,,,0,,-0.749,00-0036355,1,5
7029,1155093,(2:00) (Shotgun) 10-J.Herbert sacked at ARI 13 for -10 yards (55-D.Stills).,LAC,ARZ,PASS,5,2,2,0,7,10,3,2,4,3,97,5,-10,0,0,1,0,0,,0,,,,,0,0,,,,,,,00-0038623,,,,,,,,,,,,,0,,,,,,,0,,,,0,,,0,,,,0,,,0,,-3.213,00-0036355,0,5
7029,1155094,(1:55) (Shotgun) 22-T.Allgeier up the middle to ARI 21 for 8 yards (53-D.Phillips).,ARZ,LAC,RUSH,34,2,1,55,10,7,2,3,1,10,13,1,8,1,0,1,0,0,00-0037263,0,RM,00-0035202,,,0,0,,,,,,,,,,,,,,,,,,,,0,,,,,,,0,,,,0,,,0,,,,0,,,0,,0.502,,0,5
7029,1155095,(1:21) (Shotgun) 7-J.Brissett pass short middle to 85-T.McBride to ARI 35 for 14 yards (3-D.James).,ARZ,LAC,PASS,19,2,1,21,10,7,2,3,2,2,21,2,14,1,1,1,0,0,,0,,,,00-0033119,1,0,SM,00-0037744,,6,00-0034790,,,,,,,,,,,,,,,0,,,,,,,0,,,,0,,,0,,,,0,,,0,,0.534,00-0033119,0,5
7029,1155096,"(1:02) (No Huddle, Shotgun) 7-J.Brissett pass short right to 14-Mi.Wilson to ARI 44 for 9 yards (26-D.Jackson).",ARZ,LAC,PASS,25,2,1,2,10,7,2,3,1,10,35,2,9,1,0,1,1,0,,0,,,,00-0033119,1,0,SR,00-0038559,,8,00-0034356,,,,,,,,,,,,,,,0,,,,,,,0,,,,0,,,0,,,,0,,,0,,0.301,00-0033119,1,5
7029,1155097,"(:37) (No Huddle, Shotgun) 7-J.Brissett pass incomplete deep right to 14-Mi.Wilson. PENALTY on LAC-26-D.Jackson, Defensive Pass Interference, 24 yards, enforced at ARI 44 - No Play.",ARZ,LAC,NOPL,5,2,0,37,10,7,2,3,2,1,44,3,0,1,1,1,1,0,,0,,,,00-0033119,0,0,,,,0,,,,,LAC,00-0034356,Defensive Pass Interference,24,NA,,,,,,,0,,,,,,,0,,,,0,,,0,,,,0,,,0,,1.714,00-0033119,1,5
7029,1155098,(:32) (Shotgun) 7-J.Brissett pass short right to 14-Mi.Wilson to LAC 22 for 10 yards (26-D.Jackson).,ARZ,LAC,PASS,6,2,0,32,10,7,2,3,1,10,68,4,10,1,1,1,0,0,,0,,,,00-0033119,1,0,SR,00-0038559,,10,00-0034356,,,,,,,,,,,,,,,0,,,,,,,0,,,,0,,,0,,,,0,,,0,,0.436,00-0033119,1,6
7029,1155099,Timeout #2 by ARI at 00:26.,NA,NA,NOPL,0,2,0,26,0,0,0,0,0,0,NA,1,0,0,0,0,0,0,,0,,,,,0,0,,,,,,,,,,,,,,,,,,,,0,,,,,,,0,,,,0,,,0,,,,0,,,0,,0,,0,
7029,1155100,(:26) (Shotgun) 7-J.Brissett pass incomplete short right to 85-T.McBride.,ARZ,LAC,PASS,5,2,0,26,10,7,1,3,1,10,78,4,0,0,0,1,0,0,,0,,,,00-0033119,0,0,SR,00-0037744,,10,,,,,,,,,,,,,,,,0,,,,,,,0,,,,0,,,0,,,,0,,,0,,-0.512,00-0033119,0,6
7029,1155101,(:21) (Shotgun) 7-J.Brissett pass short left to 17-K.Bourne to LAC 11 for 11 yards (3-D.James).,ARZ,LAC,PASS,5,2,0,21,10,7,1,3,2,10,78,4,11,1,1,1,0,0,,0,,,,00-0033119,1,0,SL,00-0033307,,6,00-0034790,,,,,,,,,,,,,,,0,,,,,,,0,,,,0,,,0,,,,0,,,0,,0.554,00-0033119,0,6
7029,1155102,Timeout #3 by ARI at 00:16.,NA,NA,NOPL,0,2,0,16,0,0,0,0,0,0,NA,1,0,0,0,0,0,0,,0,,,,,0,0,,,,,,,,,,,,,,,,,,,,0,,,,,,,0,,,,0,,,0,,,,0,,,0,,0,,0,
7029,1155103,(:16) (Shotgun) 7-J.Brissett pass incomplete short left to 85-T.McBride (45-T.Tuipulotu).,ARZ,LAC,PASS,7,2,0,16,10,7,0,3,1,10,89,5,0,0,0,1,0,0,,0,,,,00-0033119,0,0,SL,00-0037744,00-0039111,9,,,,,,,,,,,,,,,,0,,,,,,,0,,,,0,,,0,,,,0,,,0,,-0.596,00-0033119,1,6
7029,1155104,Timeout #1 by LAC at 00:09.,NA,NA,NOPL,0,2,0,9,0,0,0,0,0,0,NA,1,0,0,0,0,0,0,,0,,,,,0,0,,,,,,,,,,,,,,,,,,,,0,,,,,,,0,,,,0,,,0,,,,0,,,0,,0,,0,
7029,1155105,"(:09) (Shotgun) 7-J.Brissett pass incomplete short right to 18-M.Harrison. PENALTY on ARI-70-P.Johnson, Face Mask, 15 yards, enforced at LAC 11 - No Play.",ARZ,LAC,NOPL,5,2,0,9,10,7,0,2,2,10,89,5,0,0,0,1,0,0,,0,,,,00-0033119,0,0,,,,0,,,,,ARZ,00-0038540,Face Mask,-15,NA,,,,,,,0,,,,,,,0,,,,0,,,0,,,,0,,,0,,-0.796,00-0033119,0,7
7029,1155106,"(:04) 38-C.Ryland 44 yard field goal is GOOD, Center-59-C.Kreiter, Holder-12-B.Gillikin.",ARZ,LAC,FGXP,4,2,0,4,10,7,0,2,2,25,74,4,0,1,0,0,0,3,,0,,,,,0,0,,,,,,,,,,,,,,,,,,,,0,,,,FG,00-0038567,44,1,,,,0,,,0,,,,0,,,0,,0.656,,0,
7029,1155107,38-C.Ryland kicks 66 yards from ARI 35 to LAC -1. 34-K.Mitchell to LAC 23 for 24 yards (80-S.Fehoko; 36-K.Crawford).,LAC,ARZ,KOFF,5,3,15,0,7,13,3,3,0,0,65,4,0,0,0,0,0,0,,0,,,,,0,0,,,,,,,,,,,,,,,,,,,,0,,,,,,,0,,,,0,,,0,00-0038567,66,42,0,00-0038454,24,0,,-0.344,,0,
7029,1155108,(14:55) 10-J.Herbert pass short left to 1-Q.Johnston to LAC 31 for 8 yards (25-Z.Collins).,LAC,ARZ,PASS,39,3,14,55,7,13,3,3,1,10,23,2,8,1,0,0,0,0,,0,,,,00-0036355,1,0,SL,00-0038544,,5,00-0036933,,,,,,,,,,,,,,,0,,,,,,,0,,,,0,,,0,,,,0,,,0,,0.744,00-0036355,1,4
7029,1155109,(14:16) 8-O.Hampton right end pushed ob at LAC 37 for 6 yards (3-B.Baker).,LAC,ARZ,RUSH,38,3,14,16,7,13,3,3,2,2,31,2,6,1,1,0,0,0,00-0040666,0,RE,00-0033890,,,0,0,,,,,,,,,,,,,,,,,,,,0,,,,,,,0,,,,0,,,0,,,,0,,,0,,0.029,,0,4
7029,1155110,Timeout #1 by LAC at 13:38.,NA,NA,NOPL,0,3,13,38,0,0,0,0,0,0,NA,1,0,0,0,0,0,0,,0,,,,,0,0,,,,,,,,,,,,,,,,,,,,0,,,,,,,0,,,,0,,,0,,,,0,,,0,,0,,0,
7029,1155111,(13:38) (Shotgun) 8-O.Hampton up the middle to LAC 43 for 6 yards (1-Ma.Wilson; 51-R.Lopez).,LAC,ARZ,RUSH,35,3,13,38,7,13,2,3,1,10,37,2,6,1,0,1,0,0,00-0040666,0,RM,00-0035144,00-0036568,,0,0,,,,,,,,,,,,,,,,,,,,0,,,,,,,0,,,,0,,,0,,,,0,,,0,,0.235,,0,4
7029,1155112,"(13:03) (Shotgun) PENALTY on LAC-76-J.Alt, False Start, 5 yards, enforced at LAC 43 - No Play.",LAC,ARZ,NOPL,6,3,13,3,7,13,2,3,2,4,43,3,0,0,0,1,0,0,,0,,,,,0,0,,,,,,,,,LAC,00-0039897,False Start,-5,NA,,,,,,,0,,,,,,,0,,,,0,,,0,,,,0,,,0,,-0.77,,0,
7029,1155113,(12:57) (Shotgun) 10-J.Herbert scrambles up the middle to LAC 42 for 4 yards (52-J.Burch).,LAC,ARZ,RUSH,40,3,12,57,7,13,2,3,2,9,38,2,4,0,0,1,0,0,00-0036355,0,RM,00-0040137,,,0,0,,,,,,,,,,,,,,,,,,,,0,,,,,,,0,,,,0,,,0,,,,0,,,0,,-0.464,00-0036355,0,4
7029,1155114,(12:17) (Shotgun) 10-J.Herbert pass incomplete short middle to 9-T.Harris (16-M.Melton).,LAC,ARZ,PASS,3,3,12,17,7,13,2,3,3,5,42,3,0,0,0,1,0,0,,0,,,,00-0036355,0,0,SM,00-0040727,00-0039807,11,,,,,,,,,,,,,,,,0,,,,,,,0,,,,0,,,0,,,,0,,,0,,-1.574,00-0036355,1,5
7029,1155115,"(12:14) 16-J.Scott punts 48 yards to ARI 10, Center-47-J.Harris, fair catch by 81-D.Duvernay.",LAC,ARZ,PUNT,8,3,12,14,7,13,2,3,4,5,42,3,0,0,0,0,0,0,,0,,,,,0,0,,,,,,,,,,,,,,,,,,,,0,,,,,,,0,00-0034162,48,48,0,00-0036331,0,1,,,,0,,,0,,-0.142,,0,
7029,1155116,(12:06) 4-J.Love right tackle to ARI 12 for 2 yards (53-D.Phillips).,ARZ,LAC,RUSH,39,3,12,6,13,7,3,2,1,10,10,1,2,0,0,0,0,0,00-0041027,0,RT,00-0035202,,,0,0,,,,,,,,,,,,,,,,,,,,0,,,,,,,0,,,,0,,,0,,,,0,,,0,,-0.498,,0,5
7029,1155117,(11:27) (Shotgun) 7-J.Brissett pass deep left to 18-M.Harrison to ARI 45 for 33 yards (20-C.Hart) [53-D.Phillips].,ARZ,LAC,PASS,47,3,11,27,13,7,3,2,2,8,12,1,33,1,1,1,0,0,,0,,,,00-0033119,1,0,DL,00-0039849,,28,00-0039369,,,,,,,,,,,,,,,0,,,,,,,0,,,,0,,,0,,,,0,,,0,,2.774,00-0033119,0,5
7029,1155118,(10:40) (Shotgun) 66-J.Williams reported in as eligible. 4-J.Love right end to ARI 45 for no gain (94-D.Tomlinson; 53-D.Phillips).,ARZ,LAC,RUSH,40,3,10,40,13,7,3,2,1,10,45,3,0,0,0,1,0,0,00-0041027,0,RE,00-0033546,00-0035202,,0,0,,,,,,,,,,,,,,,,,,,,0,,,,,,,0,,,,0,,,0,,,,0,,,0,,-0.584,,0,4
7029,1155119,(10:00) (Shotgun) 7-J.Brissett pass short left to 17-K.Bourne to LAC 42 for 13 yards (20-C.Hart).,ARZ,LAC,PASS,39,3,10,0,13,7,3,2,2,10,45,3,13,1,1,1,0,0,,0,,,,00-0033119,1,0,SL,00-0033307,,5,00-0039369,,,,,,,,,,,,,,,0,,,,,,,0,,,,0,,,0,,,,0,,,0,,1.346,00-0033119,1,6
7029,1155120,(9:21) (Shotgun) 7-J.Brissett pass deep right to 14-Mi.Wilson pushed ob at LAC 25 for 17 yards (4-T.Still).,ARZ,LAC,PASS,33,3,9,21,13,7,3,2,1,10,58,3,17,1,1,1,0,0,,0,,,,00-0033119,1,0,DR,00-0038559,,17,00-0039366,,,,,,,,,,,,,,,0,,,,,,,0,,,,0,,,0,,,,0,,,0,,1.082,00-0033119,1,5
7029,1155121,(8:48) 22-T.Allgeier right end to LAC 14 for 11 yards (99-J.Caldwell; 2-E.Molden).,ARZ,LAC,RUSH,35,3,8,48,13,7,3,2,1,10,75,4,11,1,1,0,0,0,00-0037263,0,RE,00-0040144,00-0036992,,0,0,,,,,,,,,,,,,,,,,,,,0,,,,,,,0,,,,0,,,0,,,,0,,,0,,0.669,,0,5
7029,1155122,(8:13) 22-T.Allgeier up the middle to LAC 15 for -1 yards (52-K.Mack).,ARZ,LAC,RUSH,39,3,8,13,13,7,3,2,1,10,86,5,-1,0,0,0,0,0,00-0037263,0,RM,00-0031040,,,0,0,,,,,,,,,,,,,,,,,,,,0,,,,,,,0,,,,0,,,0,,,,0,,,0,,-0.848,,0,5
7029,1155123,(7:34) (Shotgun) 7-J.Brissett pass incomplete short right to 4-J.Love.,ARZ,LAC,PASS,2,3,7,34,13,7,3,2,2,11,85,5,0,0,0,1,0,0,,0,,,,00-0033119,0,0,SR,00-0041027,,-1,,,,,,,,,,,,,,,,0,,,,,,,0,,,,0,,,0,,,,0,,,0,,-0.782,00-0033119,0,6
7029,1155124,(7:32) (Shotgun) 7-J.Brissett pass incomplete short middle to 85-T.McBride (3-D.James) [45-T.Tuipulotu].,ARZ,LAC,PASS,3,3,7,32,13,7,3,2,3,11,85,5,0,0,0,1,0,0,,0,,,,00-0033119,0,0,SM,00-0037744,00-0034790,8,,,,,,,,,,,,,,,,0,,,,,,,0,,,,0,,,0,,,,0,,,0,,-0.814,00-0033119,0,6
7029,1155125,"(7:29) 38-C.Ryland 34 yard field goal is GOOD, Center-59-C.Kreiter, Holder-12-B.Gillikin.",ARZ,LAC,FGXP,4,3,7,29,13,7,3,2,4,11,85,5,0,1,0,0,0,3,,0,,,,,0,0,,,,,,,,,,,,,,,,,,,,0,,,,FG,00-0038567,34,1,,,,0,,,0,,,,0,,,0,,0.211,,0,
7029,1155126,"38-C.Ryland kicks 55 yards from ARI 35 to LAC 10, out of bounds. PENALTY on ARI-38-C.Ryland, Kickoff Out of Bounds, placed at LAC 40.",LAC,ARZ,KOFF,0,3,7,25,7,16,2,3,0,0,65,4,0,1,0,0,0,0,,0,,,,,0,0,,,,,,,,,ARZ,00-0038567,Kickoff Out of Bounds,0,NA,,,,,,,0,,,,,,,0,,,,0,,,0,00-0038567,55,55,0,,0,0,,0.805,,0,
7029,1155127,"(7:25) 10-J.Herbert pass incomplete deep left to 9-T.Harris. PENALTY on ARI-16-M.Melton, Defensive Pass Interference, 48 yards, enforced at LAC 40 - No Play.",LAC,ARZ,NOPL,7,3,7,25,7,16,2,3,1,10,40,3,0,1,1,0,0,0,,0,,,,00-0036355,0,0,,,,0,,,,,ARZ,00-0039807,Defensive Pass Interference,48,NA,,,,,,,0,,,,,,,0,,,,0,,,0,,,,0,,,0,,3.053,00-0036355,1,4
7029,1155128,(7:18) 8-O.Hampton right guard to ARI 10 for 2 yards (25-Z.Collins).,LAC,ARZ,RUSH,37,3,7,18,7,16,2,3,1,10,88,5,2,0,0,0,0,0,00-0040666,0,RG,00-0036933,,,0,0,,,,,,,,,,,,,,,,,,,,0,,,,,,,0,,,,0,,,0,,,,0,,,0,,-0.47,,0,4
7029,1155129,(6:41) 10-J.Herbert scrambles right end pushed ob at ARI 8 for 2 yards (2-W.Johnson).,LAC,ARZ,RUSH,34,3,6,41,7,16,2,3,2,8,90,5,2,0,0,0,0,0,00-0036355,0,RE,00-0040751,,,0,0,,,,,,,,,,,,,,,,,,,,0,,,,,,,0,,,,0,,,0,,,,0,,,0,,-0.531,00-0036355,0,4
7029,1155130,"(6:07) (Shotgun) 10-J.Herbert pass short right to 15-L.McConkey for 8 yards, TOUCHDOWN.",LAC,ARZ,PASS,4,3,6,7,7,16,2,3,3,6,92,5,8,1,1,1,0,6,,0,,,,00-0036355,1,0,SR,00-0039915,,7,,,,,,,,,,,,,,,,0,,,,,,,0,,,,0,,,0,,,,0,,,1,REC,2.601,00-0036355,1,5
7029,1155131,"11-C.Dicker extra point is GOOD, Center-47-J.Harris, Holder-16-J.Scott.",LAC,ARZ,FGXP,0,3,6,3,13,16,2,3,0,0,85,5,0,1,0,0,0,1,,0,,,,,0,0,,,,,,,,,,,,,,,,,,,,0,,,,XP,00-0037224,33,1,,,,0,,,0,,,,0,,,0,,0.051,,0,
7029,1155132,11-C.Dicker kicks 64 yards from LAC 35 to ARI 1. 81-D.Duvernay to ARI 21 for 20 yards (92-J.Eboigbe; 48-B.Dupree).,ARZ,LAC,KOFF,5,3,6,3,16,14,3,2,0,0,65,4,0,0,0,0,0,0,,0,,,,,0,0,,,,,,,,,,,,,,,,,,,,0,,,,,,,0,,,,0,,,0,00-0037224,64,44,0,00-0036331,20,0,,-0.319,,0,
7029,1155133,(5:58) 7-J.Brissett pass incomplete short right to 14-Mi.Wilson.,ARZ,LAC,PASS,2,3,5,58,16,14,3,2,1,10,21,2,0,0,0,0,0,0,,0,,,,00-0033119,0,0,SR,00-0038559,,3,,,,,,,,,,,,,,,,0,,,,,,,0,,,,0,,,0,,,,0,,,0,,-0.632,00-0033119,0,4
7029,1155134,(5:56) (Shotgun) 7-J.Brissett pass short right to 14-Mi.Wilson to ARI 27 for 6 yards (20-C.Hart; 3-D.James).,ARZ,LAC,PASS,23,3,5,56,16,14,3,2,2,10,21,2,6,1,0,1,0,0,,0,,,,00-0033119,1,0,SR,00-0038559,,5,00-0039369,00-0034790,,,,,,,,,,,,,,0,,,,,,,0,,,,0,,,0,,,,0,,,0,,0.041,00-0033119,0,5
7029,1155135,"(5:33) (No Huddle, Shotgun) 7-J.Brissett pass short right to 14-Mi.Wilson to ARI 41 for 14 yards (20-C.Hart) [45-T.Tuipulotu]. Penalty on LAC, Defensive Too Many Men on Field, declined.",ARZ,LAC,PASS,21,3,5,33,16,14,3,2,3,4,27,2,14,1,1,1,1,0,,0,,,,00-0033119,1,0,SR,00-0038559,,13,00-0039369,,,,,,,,,,,,,,,0,,,,,,,0,,,,0,,,0,,,,0,,,0,,1.856,00-0033119,1,6
7029,1155136,(5:12) 4-J.Love right end to ARI 44 for 3 yards (0-D.Henley; 92-J.Eboigbe).,ARZ,LAC,RUSH,41,3,5,12,16,14,3,2,1,10,41,3,3,0,0,0,0,0,00-0041027,0,RE,00-0038553,00-0039835,,0,0,,,,,,,,,,,,,,,,,,,,0,,,,,,,0,,,,0,,,0,,,,0,,,0,,-0.242,,0,4
7029,1155137,(4:31) (Shotgun) 7-J.Brissett pass short right to 85-T.McBride to LAC 49 for 7 yards (0-D.Henley; 45-T.Tuipulotu). The first down was assisted by replay.,ARZ,LAC,PASS,45,3,4,31,16,14,3,2,2,7,44,3,7,1,1,1,0,0,,0,,,,00-0033119,1,0,SR,00-0037744,,-2,00-0038553,00-0039111,,,,,,,,,,,,,,0,,,,,,,0,,,,0,,,0,,,,0,,,0,,0.927,00-0033119,0,5
7029,1155138,"(3:46) PENALTY on ARI-70-P.Johnson, False Start, 5 yards, enforced at LAC 49 - No Play.",ARZ,LAC,NOPL,14,3,3,46,16,14,3,2,1,10,51,3,0,0,0,0,0,0,,0,,,,,0,0,,,,,,,,,ARZ,00-0038540,False Start,-5,NA,,,,,,,0,,,,,,,0,,,,0,,,0,,,,0,,,0,,-0.578,,0,
7029,1155139,(3:32) 7-J.Brissett pass incomplete short middle to 4-J.Love.,ARZ,LAC,PASS,5,3,3,32,16,14,3,2,1,15,46,3,0,0,0,0,0,0,,0,,,,00-0033119,0,0,SM,00-0041027,,2,,,,,,,,,,,,,,,,0,,,,,,,0,,,,0,,,0,,,,0,,,0,,-0.64,00-0033119,0,5
7029,1155140,"(3:27) (No Huddle, Shotgun) 7-J.Brissett pass incomplete deep left to 18-M.Harrison.",ARZ,LAC,PASS,9,3,3,27,16,14,3,2,2,15,46,3,0,0,0,1,1,0,,0,,,,00-0033119,0,0,DL,00-0039849,,32,,,,,,,,,,,,,,,,0,,,,,,,0,,,,0,,,0,,,,0,,,0,,-1.032,00-0033119,1,6
7029,1155141,(3:18) (Shotgun) 7-J.Brissett pass short right to 85-T.McBride to LAC 49 for 5 yards (22-G.Smith).,ARZ,LAC,PASS,34,3,3,18,16,14,3,2,3,15,46,3,5,0,0,1,0,0,,0,,,,00-0033119,1,0,SR,00-0037744,,4,00-0041064,,,,,,,,,,,,,,,0,,,,,,,0,,,,0,,,0,,,,0,,,0,,-1.017,00-0033119,1,6
7029,1155142,"(2:44) 12-B.Gillikin punts 37 yards to LAC 12, Center-59-C.Kreiter, fair catch by 12-D.Davis.",ARZ,LAC,PUNT,7,3,2,44,16,14,3,2,4,10,51,3,0,0,0,0,0,0,,0,,,,,0,0,,,,,,,,,,,,,,,,,,,,0,,,,,,,0,00-0035859,37,37,0,00-0038573,0,1,,,,0,,,0,,-0.486,,0,
7029,1155143,(2:37) 10-J.Herbert pass short right to 9-T.Harris pushed ob at LAC 18 for 6 yards (29-D.Burke).,LAC,ARZ,PASS,31,3,2,37,14,16,2,3,1,10,12,1,6,1,0,0,0,0,,0,,,,00-0036355,1,0,SR,00-0040727,,4,00-0040195,,,,,,,,,,,,,,,0,,,,,,,0,,,,0,,,0,,,,0,,,0,,0.187,00-0036355,0,4
7029,1155144,(2:06) 8-O.Hampton up the middle to LAC 24 for 6 yards (1-Ma.Wilson; 56-D.Robinson).,LAC,ARZ,RUSH,44,3,2,6,14,16,2,3,2,4,18,1,6,1,1,0,0,0,00-0040666,0,RM,00-0035144,00-0039854,,0,0,,,,,,,,,,,,,,,,,,,,0,,,,,,,0,,,,0,,,0,,,,0,,,0,,0.412,,0,4
7029,1155145,"(1:22) PENALTY on LAC-88-C.Kolar, False Start, 5 yards, enforced at LAC 24 - No Play.",LAC,ARZ,NOPL,17,3,1,22,14,16,2,3,1,10,24,2,0,0,0,0,0,0,,0,,,,,0,0,,,,,,,,,LAC,00-0038046,False Start,-5,NA,,,,,,,0,,,,,,,0,,,,0,,,0,,,,0,,,0,,-0.636,,0,
7029,1155146,(1:05) (Shotgun) 10-J.Herbert pass incomplete short right to 9-T.Harris.,LAC,ARZ,PASS,2,3,1,5,14,16,2,3,1,15,19,1,0,0,0,1,0,0,,0,,,,00-0036355,0,0,SR,00-0040727,,7,,,,,,,,,,,,,,,,0,,,,,,,0,,,,0,,,0,,,,0,,,0,,-0.666,00-0036355,0,5
7029,1155147,"(1:03) 8-O.Hampton right end to LAC 18 for -1 yards (10-J.Sweat, 91-L.Collier).",LAC,ARZ,RUSH,40,3,1,3,14,16,2,3,2,15,19,1,-1,0,0,0,0,0,00-0040666,0,RE,00-0034381,00-0035636,,0,0,,,,,,,,,,,,,,,,,,,,0,,,,,,,0,,,,0,,,0,,,,0,,,0,,-1.018,,0,5
7029,1155148,(:23) (Shotgun) 10-J.Herbert pass incomplete short right to 15-L.McConkey (1-Ma.Wilson). LAC-15-L.McConkey was injured during the play.,LAC,ARZ,PASS,5,3,0,23,14,16,2,3,3,16,18,1,0,0,0,1,0,0,,0,,,,00-0036355,0,0,SR,00-0039915,00-0035144,14,,,,,,,,,,,,,,,,0,,,,,,,0,,,,0,,,0,,,,0,,,0,,-1.029,00-0036355,0,5
7029,1155149,"(:18) 16-J.Scott punts 51 yards to ARI 31, Center-47-J.Harris, fair catch by 81-D.Duvernay.",LAC,ARZ,PUNT,7,3,0,18,14,16,2,3,4,16,18,1,0,1,0,0,0,0,,0,,,,,0,0,,,,,,,,,,,,,,,,,,,,0,,,,,,,0,00-0034162,51,51,0,00-0036331,0,1,,,,0,,,0,,0.306,,0,
7029,1155150,(:11) 4-J.Love up the middle to ARI 31 for no gain (99-J.Caldwell; 53-D.Phillips).,ARZ,LAC,RUSH,11,3,0,11,16,14,3,2,1,10,31,2,0,0,0,0,0,0,00-0041027,0,RM,00-0040144,00-0035202,,0,0,,,,,,,,,,,,,,,,,,,,0,,,,,,,0,,,,0,,,0,,,,0,,,0,,-0.569,,0,5
7029,1155151,(15:00) (Shotgun) 7-J.Brissett pass short middle to 17-K.Bourne to ARI 36 for 5 yards (22-G.Smith).,ARZ,LAC,PASS,39,4,15,0,16,14,3,2,2,10,31,2,5,0,0,1,0,0,,0,,,,00-0033119,1,0,SM,00-0033307,,4,00-0041064,,,,,,,,,,,,,,,0,,,,,,,0,,,,0,,,0,,,,0,,,0,,-0.253,00-0033119,1,5
7029,1155152,(14:21) (Shotgun) 7-J.Brissett pass short middle to 17-K.Bourne to ARI 40 for 4 yards (20-C.Hart). LAC-20-C.Hart was injured during the play.,ARZ,LAC,PASS,17,4,14,21,16,14,3,2,3,5,36,2,4,0,0,1,0,0,,0,,,,00-0033119,1,0,SM,00-0033307,,4,00-0039369,,,,,,,,,,,,,,,0,,,,,,,0,,,,0,,,0,,,,0,,,0,,-0.797,00-0033119,0,6
7029,1155153,"(14:04) 12-B.Gillikin punts 60 yards to end zone, Center-59-C.Kreiter, Touchback.",ARZ,LAC,PUNT,9,4,14,4,16,14,3,2,4,1,40,3,0,0,0,0,0,0,,0,,,,,0,0,,,,,,,,,,,,,,,,,,,,0,,,,,,,0,00-0035859,60,60,1,,0,0,,,,0,,,0,,-1.171,,0,
7029,1155154,(13:55) (Shotgun) 10-J.Herbert sacked at LAC 16 for -4 yards (52-J.Burch).,LAC,ARZ,PASS,42,4,13,55,14,16,2,3,1,10,20,2,-4,0,0,1,0,0,,0,,,,,0,0,,,,,,,00-0040137,,,,,,,,,,,,,0,,,,,,,0,,,,0,,,0,,,,0,,,0,,-1.287,00-0036355,0,4
7029,1155155,(13:13) (Shotgun) 10-J.Herbert pass short left to 9-T.Harris to LAC 19 for 3 yards (16-M.Melton; 10-J.Sweat) [54-E.Leota].,LAC,ARZ,PASS,41,4,13,13,14,16,2,3,2,14,16,1,3,0,0,1,0,0,,0,,,,00-0036355,1,0,SL,00-0040727,,-4,00-0039807,00-0034381,,,,,,,,,,,,,,0,,,,,,,0,,,,0,,,0,,,,0,,,0,,-0.441,00-0036355,0,5
7029,1155156,(12:32) (Shotgun) 10-J.Herbert pass incomplete deep right to 1-Q.Johnston.,LAC,ARZ,PASS,4,4,12,32,14,16,2,3,3,11,19,1,0,0,0,1,0,0,,0,,,,00-0036355,0,0,DR,00-0038544,,19,,,,,,,,,,,,,,,,0,,,,,,,0,,,,0,,,0,,,,0,,,0,,-1.145,00-0036355,1,5
7029,1155157,"(12:28) 16-J.Scott punt is BLOCKED by 80-S.Fehoko, Center-47-J.Harris, recovered by LAC-30-A.Ingold at LAC 3.",LAC,ARZ,PUNT,7,4,12,28,14,16,2,3,4,11,19,1,0,0,0,0,0,0,,0,,,,,0,0,,,,,,,,,,,,,,,,,,,,0,,00-0036646,00-0035125,,,,0,00-0034162,0,0,0,,0,0,,,,0,,,0,,-4.386,,0,
7029,1155158,(12:21) 66-J.Williams reported in as eligible. 22-T.Allgeier up the middle to LAC 3 for no gain (93-T.Tart; 23-T.Jefferson). ** Injury Update: LAC-20-C.Hart has returned to the game.,ARZ,LAC,RUSH,33,4,12,21,16,14,3,2,1,3,97,5,0,0,0,0,0,0,00-0037263,0,RM,00-0036181,00-0030294,,0,0,,,,,,,,,,,,,,,,,,,,0,,,,,,,0,,,,0,,,0,,,,0,,,0,,-0.382,,0,4
7029,1155159,"(11:48) (Shotgun) 7-J.Brissett pass short left to 85-T.McBride for 3 yards, TOUCHDOWN.",ARZ,LAC,PASS,4,4,11,48,16,14,3,2,2,3,97,5,3,1,1,1,0,6,,0,,,,00-0033119,1,0,SL,00-0037744,,3,,,,,,,,,,,,,,,,0,,,,,,,0,,,,0,,,0,,,,0,,,1,REC,1.18,00-0033119,0,4
7029,1155160,"38-C.Ryland extra point is GOOD, Center-59-C.Kreiter, Holder-12-B.Gillikin.",ARZ,LAC,FGXP,0,4,11,44,22,14,3,2,0,0,85,5,0,1,0,0,0,1,,0,,,,,0,0,,,,,,,,,,,,,,,,,,,,0,,,,XP,00-0038567,33,1,,,,0,,,0,,,,0,,,0,,0.051,,0,
7029,1155161,38-C.Ryland kicks 62 yards from ARI 35 to LAC 3. 12-D.Davis to LAC 16 for 13 yards (43-K.Sharar).,LAC,ARZ,KOFF,5,4,11,44,14,23,2,3,0,0,65,4,0,0,0,0,0,0,,0,,,,,0,0,,,,,,,,,,,,,,,,,,,,0,,,,,,,0,,,,0,,,0,00-0038567,62,49,0,00-0038573,13,0,,-0.544,,0,
7029,1155162,(11:39) (Shotgun) 10-J.Herbert pass short left to 1-Q.Johnston to LAC 25 for 9 yards (29-D.Burke).,LAC,ARZ,PASS,26,4,11,39,14,23,2,3,1,10,16,1,9,1,0,1,0,0,,0,,,,00-0036355,1,0,SL,00-0038544,,7,00-0040195,,,,,,,,,,,,,,,0,,,,,,,0,,,,0,,,0,,,,0,,,0,,0.809,00-0036355,0,4
7029,1155163,(11:13) (Shotgun) 8-O.Hampton up the middle to LAC 27 for 2 yards (51-R.Lopez; 97-W.Nolen).,LAC,ARZ,RUSH,40,4,11,13,14,23,2,3,2,1,25,2,2,0,1,1,0,0,00-0040666,0,RM,00-0036568,00-0040706,,0,0,,,,,,,,,,,,,,,,,,,,0,,,,,,,0,,,,0,,,0,,,,0,,,0,,-0.15,,0,4
7029,1155164,(10:33) (Shotgun) 10-J.Herbert pass short middle to 83-D.Njoku to LAC 40 for 13 yards (50-J.Gibbens; 1-Ma.Wilson).,LAC,ARZ,PASS,43,4,10,33,14,23,2,3,1,10,27,2,13,1,1,1,0,0,,0,,,,00-0036355,1,0,SM,00-0033885,,3,00-0037596,00-0035144,,,,,,,,,,,,,,0,,,,,,,0,,,,0,,,0,,,,0,,,0,,0.638,00-0036355,0,4
7029,1155165,"(9:50) (Shotgun) 10-J.Herbert pass deep right intended for 12-D.Davis INTERCEPTED by 28-A.Wingard at ARI 5. 28-A.Wingard to ARI 5 for no gain (12-D.Davis). Penalty on LAC-69-C.Strange, Offensive Holding, declined.",LAC,ARZ,PASS,11,4,9,50,14,23,2,3,1,10,40,3,0,0,0,1,0,0,,0,,,,00-0036355,0,0,DR,00-0038573,00-0035378,55,00-0038573,,,,,,,,,00-0035378,0,,,,,0,,,,,,,0,,,,0,,,0,,,,0,,,0,,-2.349,00-0036355,0,4
7029,1155166,(9:39) 22-T.Allgeier right guard to ARI 7 for 2 yards (93-T.Tart).,ARZ,LAC,RUSH,32,4,9,39,23,14,3,2,1,10,5,1,2,0,0,0,0,0,00-0037263,0,RG,00-0036181,,,0,0,,,,,,,,,,,,,,,,,,,,0,,,,,,,0,,,,0,,,0,,,,0,,,0,,-0.589,,0,4
7029,1155167,(9:07) 22-T.Allgeier left end to ARI 11 for 4 yards (3-D.James; 22-G.Smith).,ARZ,LAC,RUSH,39,4,9,7,23,14,3,2,2,8,7,1,4,1,0,0,0,0,00-0037263,0,LE,00-0034790,00-0041064,,0,0,,,,,,,,,,,,,,,,,,,,0,,,,,,,0,,,,0,,,0,,,,0,,,0,,0.117,,0,5
7029,1155168,(8:28) (Shotgun) 7-J.Brissett pass short right to 85-T.McBride to ARI 17 for 6 yards (3-D.James).,ARZ,LAC,PASS,41,4,8,28,23,14,3,2,3,4,11,1,6,1,1,1,0,0,,0,,,,00-0033119,1,0,SR,00-0037744,,6,00-0034790,,,,,,,,,,,,,,,0,,,,,,,0,,,,0,,,0,,,,0,,,0,,1.26,00-0033119,0,6
7029,1155169,(7:47) 22-T.Allgeier left end to ARI 24 for 7 yards (22-G.Smith).,ARZ,LAC,RUSH,44,4,7,47,23,14,3,2,1,10,17,1,7,1,0,0,0,0,00-0037263,0,LE,00-0041064,,,0,0,,,,,,,,,,,,,,,,,,,,0,,,,,,,0,,,,0,,,0,,,,0,,,0,,0.261,,0,5
7029,1155170,(7:03) 22-T.Allgeier right guard to ARI 31 for 7 yards (43-T.Dye).,ARZ,LAC,RUSH,43,4,7,3,23,14,3,2,2,3,24,2,7,1,1,0,0,0,00-0037263,0,RG,00-0036338,,,0,0,,,,,,,,,,,,,,,,,,,,0,,,,,,,0,,,,0,,,0,,,,0,,,0,,0.557,,0,5
7029,1155171,(6:20) 22-T.Allgeier up the middle to ARI 35 for 4 yards (99-J.Caldwell).,ARZ,LAC,RUSH,41,4,6,20,23,14,3,2,1,10,31,2,4,0,0,0,0,0,00-0037263,0,RM,00-0040144,,,0,0,,,,,,,,,,,,,,,,,,,,0,,,,,,,0,,,,0,,,0,,,,0,,,0,,-0.32,,0,5
7029,1155172,(5:39) 4-J.Love up the middle to ARI 39 for 4 yards (22-G.Smith).,ARZ,LAC,RUSH,42,4,5,39,23,14,3,2,2,6,35,2,4,0,0,0,0,0,00-0041027,0,RM,00-0041064,,,0,0,,,,,,,,,,,,,,,,,,,,0,,,,,,,0,,,,0,,,0,,,,0,,,0,,-0.003,,0,5
7029,1155173,(4:57) 66-J.Williams reported in as eligible. 7-J.Brissett sacked at ARI 39 for 0 yards (sack split by 43-T.Dye and 0-D.Henley).,ARZ,LAC,PASS,6,4,4,57,23,14,3,2,3,2,39,2,0,0,0,0,0,0,,0,,,,,0,0,,,,,,,00-0036338,00-0038553,,,,,,,,,,,,0,,,,,,,0,,,,0,,,0,,,,0,,,0,,-1.596,00-0033119,0,4
7029,1155174,"(4:51) 12-B.Gillikin punts 61 yards to end zone, Center-59-C.Kreiter, Touchback.",ARZ,LAC,PUNT,7,4,4,51,23,14,3,2,4,2,39,2,0,0,0,0,0,0,,0,,,,,0,0,,,,,,,,,,,,,,,,,,,,0,,,,,,,0,00-0035859,61,61,1,,0,0,,,,0,,,0,,-0.553,,0,
7029,1155175,(4:44) (Shotgun) 10-J.Herbert scrambles left end pushed ob at LAC 31 for 11 yards (50-J.Gibbens).,LAC,ARZ,RUSH,8,4,4,44,14,23,2,3,1,10,20,2,11,1,1,1,0,0,00-0036355,0,LE,00-0037596,,,0,0,,,,,,,,,,,,,,,,,,,,0,,,,,,,0,,,,0,,,0,,,,0,,,0,,0.734,00-0036355,0,5
7029,1155176,(4:36) (Shotgun) 10-J.Herbert pass incomplete short left to 1-Q.Johnston (55-D.Stills).,LAC,ARZ,PASS,3,4,4,36,14,23,2,3,1,10,31,2,0,0,0,1,0,0,,0,,,,00-0036355,0,0,SL,00-0038544,00-0038623,1,,,,,,,,,,,,,,,,0,,,,,,,0,,,,0,,,0,,,,0,,,0,,-0.573,00-0036355,0,5
7029,1155177,"(4:33) (Shotgun) PENALTY on LAC-66-J.Slaughter, False Start, 5 yards, enforced at LAC 31 - No Play.",LAC,ARZ,NOPL,0,4,4,33,14,23,2,3,2,10,31,2,0,0,0,1,0,0,,0,,,,,0,0,,,,,,,,,LAC,00-0041392,False Start,-5,NA,,,,,,,0,,,,,,,0,,,,0,,,0,,,,0,,,0,,-0.772,,0,
7029,1155178,"(4:33) (Shotgun) PENALTY on LAC-1-Q.Johnston, False Start, 5 yards, enforced at LAC 26 - No Play.",LAC,ARZ,NOPL,0,4,4,33,14,23,2,3,2,15,26,2,0,0,0,1,0,0,,0,,,,,0,0,,,,,,,,,LAC,00-0038544,False Start,-5,NA,,,,,,,0,,,,,,,0,,,,0,,,0,,,,0,,,0,,-0.268,,0,
7029,1155179,"(4:33) (Shotgun) 10-J.Herbert pass short left to 34-K.Mitchell to LAC 25 for 4 yards (1-Ma.Wilson). PENALTY on LAC-66-J.Slaughter, Offensive Holding, 10 yards, enforced at LAC 21 - No Play.",LAC,ARZ,NOPL,5,4,4,33,14,23,2,3,2,20,21,2,0,0,0,1,0,0,,0,,,,00-0036355,0,0,,,,0,,,,,LAC,00-0041392,Offensive Holding,-10,NA,,,,,,,0,,,,,,,0,,,,0,,,0,,,,0,,,0,,-0.632,00-0036355,0,5
7029,1155180,(4:28) (Shotgun) 10-J.Herbert pass incomplete deep right to 9-T.Harris (13-K.Clark).,LAC,ARZ,PASS,4,4,4,28,14,23,2,3,2,30,11,1,0,0,0,1,0,0,,0,,,,00-0036355,0,0,DR,00-0040727,00-0038984,18,,,,,,,,,,,,,,,,0,,,,,,,0,,,,0,,,0,,,,0,,,0,,-0.617,00-0036355,0,5
7029,1155181,Timeout #2 by LAC at 04:24.,NA,NA,NOPL,0,4,4,24,0,0,0,0,0,0,NA,1,0,0,0,0,0,0,,0,,,,,0,0,,,,,,,,,,,,,,,,,,,,0,,,,,,,0,,,,0,,,0,,,,0,,,0,,0,,0,
7029,1155182,(4:24) (Shotgun) 10-J.Herbert pass short right to 83-D.Njoku pushed ob at LAC 23 for 12 yards (29-D.Burke).,LAC,ARZ,PASS,7,4,4,24,14,23,1,3,3,30,11,1,12,1,0,1,0,0,,0,,,,00-0036355,1,0,SR,00-0033885,,11,00-0040195,,,,,,,,,,,,,,,0,,,,,,,0,,,,0,,,0,,,,0,,,0,,0.071,00-0036355,0,5
7029,1155183,"(4:17) (Shotgun) 10-J.Herbert pass short right to 83-D.Njoku to LAC 38 for 15 yards (2-W.Johnson; 28-A.Wingard). Penalty on LAC-83-D.Njoku, Offensive Pass Interference, declined.",LAC,ARZ,PASS,8,4,4,17,14,23,1,3,4,18,23,2,15,0,0,1,0,0,,0,,,,00-0036355,1,0,SR,00-0033885,,15,00-0040751,00-0035378,,,,,,,,,,,,,,0,,,,,,,0,,,,0,,,0,,,,0,,,0,,-2.028,00-0036355,0,5
7029,1155184,(4:09) 22-T.Allgeier up the middle to LAC 36 for 2 yards (53-D.Phillips; 52-K.Mack).,ARZ,LAC,RUSH,3,4,4,9,23,14,3,1,1,10,62,4,2,0,0,0,0,0,00-0037263,0,RM,00-0035202,00-0031040,,0,0,,,,,,,,,,,,,,,,,,,,0,,,,,,,0,,,,0,,,0,,,,0,,,0,,-1.503,,0,4
7029,1155185,Timeout #3 by LAC at 04:06.,NA,NA,NOPL,0,4,4,6,0,0,0,0,0,0,NA,1,0,0,0,0,0,0,,0,,,,,0,0,,,,,,,,,,,,,,,,,,,,0,,,,,,,0,,,,0,,,0,,,,0,,,0,,0,,0,
7029,1155186,(4:06) 22-T.Allgeier up the middle to LAC 33 for 3 yards (4-T.Still; 94-D.Tomlinson).,ARZ,LAC,RUSH,45,4,4,6,23,14,3,0,2,8,64,4,3,0,0,0,0,0,00-0037263,0,RM,00-0039366,00-0033546,,0,0,,,,,,,,,,,,,,,,,,,,0,,,,,,,0,,,,0,,,0,,,,0,,,0,,-0.307,,0,4
7029,1155187,(3:21) 22-T.Allgeier up the middle to LAC 30 for 3 yards (92-J.Eboigbe).,ARZ,LAC,RUSH,44,4,3,21,23,14,3,0,3,5,67,4,3,1,0,0,0,0,00-0037263,0,RM,00-0039835,,,0,0,,,,,,,,,,,,,,,,,,,,0,,,,,,,0,,,,0,,,0,,,,0,,,0,,0.367,,0,4
7029,1155188,"(2:37) 38-C.Ryland 49 yard field goal is GOOD, Center-59-C.Kreiter, Holder-12-B.Gillikin.",ARZ,LAC,FGXP,4,4,2,37,23,14,3,0,4,2,70,4,0,1,0,0,0,3,,0,,,,,0,0,,,,,,,,,,,,,,,,,,,,0,,,,FG,00-0038567,49,1,,,,0,,,0,,,,0,,,0,,1.039,,0,
7029,1155189,"38-C.Ryland kicks 65 yards from ARI 35 to end zone, Touchback to the LAC 35.",LAC,ARZ,KOFF,0,4,2,33,14,26,0,3,0,0,65,4,0,1,0,0,0,0,,0,,,,,0,0,,,,,,,,,,,,,,,,,,,,0,,,,,,,0,,,,0,,,0,00-0038567,65,65,1,,0,0,,0.523,,0,
7029,1155190,(2:33) (Shotgun) 10-J.Herbert sacked at LAC 27 for -8 yards (sack split by 3-B.Baker and 50-J.Gibbens).,LAC,ARZ,PASS,26,4,2,33,14,26,0,3,1,10,35,2,-8,0,0,1,0,0,,0,,,,,0,0,,,,,,,00-0033890,00-0037596,,,,,,,,,,,,0,,,,,,,0,,,,0,,,0,,,,0,,,0,,-1.117,00-0036355,0,5
7029,1155191,"(2:07) (No Huddle, Shotgun) 10-J.Herbert pass incomplete short right to 1-Q.Johnston.",LAC,ARZ,PASS,3,4,2,7,14,26,0,3,2,18,27,2,0,0,0,1,1,0,,0,,,,00-0036355,0,0,SR,00-0038544,,7,,,,,,,,,,,,,,,,0,,,,,,,0,,,,0,,,0,,,,0,,,0,,-0.48,00-0036355,0,5
7029,1155192,(2:04) (Shotgun) 10-J.Herbert pass short middle to 9-T.Harris to LAC 38 for 11 yards (3-B.Baker).,LAC,ARZ,PASS,4,4,2,4,14,26,0,3,3,18,27,2,11,0,0,1,0,0,,0,,,,00-0036355,1,0,SM,00-0040727,,11,00-0033890,,,,,,,,,,,,,,,0,,,,,,,0,,,,0,,,0,,,,0,,,0,,-0.238,00-0036355,1,5
7029,1155193,(2:00) (Shotgun) 10-J.Herbert pass short left to 86-O.Gadsden to LAC 44 for 6 yards (2-W.Johnson; 1-Ma.Wilson).,LAC,ARZ,PASS,8,4,2,0,14,26,0,3,4,7,38,2,6,0,0,1,0,0,,0,,,,00-0036355,1,0,SL,00-0040189,,3,00-0040751,00-0035144,,,,,,,,,,,,,,0,,,,,,,0,,,,0,,,0,,,,0,,,0,,-1.764,00-0036355,0,5
7029,1155194,(1:52) 7-J.Brissett kneels to LAC 45 for -1 yards.,ARZ,LAC,RUSH,41,4,1,52,26,14,3,0,1,10,56,3,-1,0,0,0,0,0,00-0033119,1,,,,,0,0,,,,,,,,,,,,,,,,,,,,0,,,,,,,0,,,,0,,,0,,,,0,,,0,,-0.49,,0,
7029,1155195,(1:11) 7-J.Brissett kneels to LAC 46 for -1 yards.,ARZ,LAC,RUSH,37,4,1,11,26,14,3,0,2,11,55,3,-1,0,0,0,0,0,00-0033119,1,,,,,0,0,,,,,,,,,,,,,,,,,,,,0,,,,,,,0,,,,0,,,0,,,,0,,,0,,-0.197,,0,
7029,1155196,(:34) 7-J.Brissett kneels to LAC 47 for -1 yards.,ARZ,LAC,RUSH,0,4,0,34,26,14,3,0,3,12,54,3,-1,0,0,0,0,0,00-0033119,1,,,,,0,0,,,,,,,,,,,,,,,,,,,,0,,,,,,,0,,,,0,,,0,,,,0,,,0,,-0.842,,0,
7030,1155197,14-M.Gay kicks 62 yards from LV 35 to MIA 3. 6-M.Washington to MIA 25 for 22 yards (31-T.Stukes; 50-S.Olubi).,MIA,LV,KOFF,9,1,15,0,0,0,3,3,0,0,65,4,0,1,0,0,0,0,,0,,,,,0,0,,,,,,,,,,,,,,,,,,,,0,,,,,,,0,,,,0,,,0,00-0035269,62,40,0,00-0039880,22,0,,0.033,,0,
7030,1155198,(14:51) (Shotgun) 28-D.Achane up the middle to MIA 29 for 4 yards (94-F.Fatukasi).,MIA,LV,RUSH,36,1,14,51,0,0,3,3,1,10,25,2,4,0,0,1,0,0,00-0039040,0,RM,00-0034275,,,0,0,,,,,,,,,,,,,,,,,,,,0,,,,,,,0,,,,0,,,0,,,,0,,,0,,-0.076,,0,5
7030,1155199,(14:15) 2-M.Willis scrambles left end pushed ob at MIA 36 for 7 yards (97-T.Hemingway).,MIA,LV,RUSH,36,1,14,15,0,0,3,3,2,6,29,2,7,1,1,0,0,0,00-0038128,0,LE,00-0040169,,,0,0,,,,,,,,,,,,,,,,,,,,0,,,,,,,0,,,,0,,,0,,,,0,,,0,,0.817,00-0038128,1,4
7030,1155200,"(13:39) (Shotgun) 28-D.Achane up the middle to MIA 34 for -2 yards (95-K.Paye, 3-T.Johnson).",MIA,LV,RUSH,40,1,13,39,0,0,3,3,1,10,36,2,-2,0,0,1,0,0,00-0039040,0,RM,00-0036479,00-0034376,,0,0,,,,,,,,,,,,,,,,,,,,0,,,,,,,0,,,,0,,,0,,,,0,,,0,,-1.015,,0,5
7030,1155201,(12:59) (Shotgun) 2-M.Willis pass short left to 28-D.Achane to MIA 41 for 7 yards (11-J.Chinn).,MIA,LV,PASS,45,1,12,59,0,0,3,3,2,12,34,2,7,1,0,1,0,0,,0,,,,00-0038128,1,0,SL,00-0039040,,-1,00-0036293,,,,,,,,,,,,,,,0,,,,,,,0,,,,0,,,0,,,,0,,,0,,0.12,00-0038128,1,5
7030,1155202,(12:14) (Shotgun) 2-M.Willis pass short left to 28-D.Achane to LV 45 for 14 yards (31-T.Stukes).,MIA,LV,PASS,41,1,12,14,0,0,3,3,3,5,41,3,14,1,1,1,0,0,,0,,,,00-0038128,1,0,SL,00-0039040,,14,00-0040868,,,,,,,,,,,,,,,0,,,,,,,0,,,,0,,,0,,,,0,,,0,,2.14,00-0038128,1,5
7030,1155203,(11:33) (Shotgun) 2-M.Willis left end pushed ob at LV 45 for no gain (11-J.Chinn).,MIA,LV,RUSH,35,1,11,33,0,0,3,3,1,10,55,3,0,0,0,1,0,0,00-0038128,0,LE,00-0036293,,,0,0,,,,,,,,,,,,,,,,,,,,0,,,,,,,0,,,,0,,,0,,,,0,,,0,,-0.565,,0,5
7030,1155204,(10:58) (Shotgun) 2-M.Willis pass incomplete deep left to 6-M.Washington (26-D.Porter).,MIA,LV,PASS,5,1,10,58,0,0,3,3,2,10,55,3,0,0,0,1,0,0,,0,,,,00-0038128,0,0,DL,00-0039880,00-0040641,20,,,,,,,,,,,,,,,,0,,,,,,,0,,,,0,,,0,,,,0,,,0,,-0.885,00-0038128,1,5
7030,1155205,"(10:53) (Shotgun) PENALTY on MIA, Delay of Game, 5 yards, enforced at LV 45 - No Play.",MIA,LV,NOPL,1,1,10,53,0,0,3,3,3,10,55,3,0,0,0,1,0,0,,0,,,,,0,0,,,,,,,,,MIA,,Delay of Game,-5,NA,,,,,,,0,,,,,,,0,,,,0,,,0,,,,0,,,0,,-0.882,,0,
7030,1155206,"(10:52) (Shotgun) 2-M.Willis scrambles right end pushed ob at LV 44 for 6 yards (17-N.Dean). Penalty on MIA-55-A.Brewer, Offensive Holding, declined.",MIA,LV,RUSH,14,1,10,52,0,0,3,3,3,15,50,3,6,0,0,1,0,0,00-0038128,0,RE,00-0037615,,,0,0,,,,,,,,,,,,,,,,,,,,0,,,,,,,0,,,,0,,,0,,,,0,,,0,,-0.971,00-0038128,0,5
7030,1155207,"(10:38) 48-B.Pinion punts 37 yards to LV 7, Center-46-T.Addington, fair catch by 23-D.Laube.",MIA,LV,PUNT,7,1,10,38,0,0,3,3,4,9,56,3,0,0,0,0,0,0,,0,,,,,0,0,,,,,,,,,,,,,,,,,,,,0,,,,,,,0,00-0032065,37,37,0,00-0039407,0,1,,,,0,,,0,,-0.135,,0,
7030,1155208,(10:31) 2-A.Jeanty up the middle to LV 18 for 11 yards (3-C.Johnson; 4-J.Marshall).,LV,MIA,RUSH,28,1,10,31,0,0,3,3,1,10,7,1,11,1,1,0,0,0,00-0040122,0,RM,00-0041533,00-0040178,,0,0,,,,,,,,,,,,,,,,,,,,0,,,,,,,0,,,,0,,,0,,,,0,,,0,,0.743,,0,4
7030,1155209,(10:03) 2-A.Jeanty up the middle to LV 23 for 5 yards (23-Z.Anderson).,LV,MIA,RUSH,29,1,10,3,0,0,3,3,1,10,18,1,5,0,0,0,0,0,00-0040122,0,RM,00-0036677,,,0,0,,,,,,,,,,,,,,,,,,,,0,,,,,,,0,,,,0,,,0,,,,0,,,0,,-0.173,,0,4
7030,1155210,(9:34) 2-A.Jeanty left end to LV 22 for -1 yards (3-C.Johnson).,LV,MIA,RUSH,37,1,9,34,0,0,3,3,2,5,23,2,-1,0,0,0,0,0,00-0040122,0,LE,00-0041533,,,0,0,,,,,,,,,,,,,,,,,,,,0,,,,,,,0,,,,0,,,0,,,,0,,,0,,-0.994,,0,5
7030,1155211,(8:57) (Shotgun) 8-K.Cousins pass short left to 9-J.Nailor to LV 30 for 8 yards (4-J.Marshall).,LV,MIA,PASS,34,1,8,57,0,0,3,3,3,6,22,2,8,1,1,1,0,0,,0,,,,00-0029604,1,0,SL,00-0037291,,8,00-0040178,,,,,,,,,,,,,,,0,,,,,,,0,,,,0,,,0,,,,0,,,0,,2.024,00-0029604,0,5
7030,1155212,(8:23) 8-K.Cousins pass short right to 19-M.Benson to LV 36 for 6 yards (3-C.Johnson).,LV,MIA,PASS,35,1,8,23,0,0,3,3,1,10,30,2,6,1,0,0,0,0,,0,,,,00-0029604,1,0,SR,00-0040894,,-1,00-0041533,,,,,,,,,,,,,,,0,,,,,,,0,,,,0,,,0,,,,0,,,0,,0.182,00-0029604,0,4
7030,1155213,(7:48) (Shotgun) 8-K.Cousins pass short right to 87-M.Mayer to LV 43 for 7 yards (20-J.Brooks; 16-M.Taaffe).,LV,MIA,PASS,42,1,7,48,0,0,3,3,2,4,36,2,7,1,1,1,0,0,,0,,,,00-0029604,1,0,SR,00-0039066,,6,00-0036409,00-0041528,,,,,,,,,,,,,,0,,,,,,,0,,,,0,,,0,,,,0,,,0,,0.541,00-0029604,0,4
7030,1155214,(7:06) 8-K.Cousins pass short middle to 87-M.Mayer to MIA 43 for 14 yards (3-C.Johnson; 10-J.Rodriguez).,LV,MIA,PASS,42,1,7,6,0,0,3,3,1,10,43,3,14,1,1,0,0,0,,0,,,,00-0029604,1,0,SM,00-0039066,,5,00-0041533,00-0041522,,,,,,,,,,,,,,0,,,,,,,0,,,,0,,,0,,,,0,,,0,,0.707,00-0029604,0,4
7030,1155215,(6:24) 8-K.Cousins pass short right to 87-M.Mayer to MIA 43 for no gain (20-J.Brooks).,LV,MIA,PASS,39,1,6,24,0,0,3,3,1,10,57,3,0,0,0,0,0,0,,0,,,,00-0029604,1,0,SR,00-0039066,,-2,00-0036409,,,,,,,,,,,,,,,0,,,,,,,0,,,,0,,,0,,,,0,,,0,,-0.525,00-0029604,0,4
7030,1155216,(5:45) (Shotgun) 8-K.Cousins pass short right to 1-T.Tucker pushed ob at MIA 37 for 6 yards (8-J.Brents).,LV,MIA,PASS,39,1,5,45,0,0,3,3,2,10,57,3,6,0,0,1,0,0,,0,,,,00-0029604,1,0,SR,00-0038563,,6,00-0039156,,,,,,,,,,,,,,,0,,,,,,,0,,,,0,,,0,,,,0,,,0,,-0.034,00-0029604,0,5
7030,1155217,(5:06) (Shotgun) 2-A.Jeanty up the middle to MIA 34 for 3 yards (10-J.Rodriguez; 9-J.Uche).,LV,MIA,RUSH,37,1,5,6,0,0,3,3,3,4,63,4,3,0,0,1,0,0,00-0040122,0,RM,00-0041522,00-0036159,,0,0,,,,,,,,,,,,,,,,,,,,0,,,,,,,0,,,,0,,,0,,,,0,,,0,,-0.637,,0,5
7030,1155218,"(4:29) 34-C.Heyward up the middle to MIA 34 for no gain (40-W.Gay; 23-Z.Anderson). The Replay Official reviewed the short of the line to gain ruling, and the play was REVERSED. 34-C.Heyward up the middle to MIA 33 for 1 yard (10-J.Rodriguez; 3-C.Johnson).",LV,MIA,RUSH,17,1,4,29,0,0,3,3,4,1,66,4,1,1,1,0,0,0,00-0037304,0,RM,00-0041522,00-0041533,,0,0,,,,,,,,,,,,,,,,,,,,0,,,,,,,0,,,,0,,,0,,,,0,,,0,,1.848,,0,4
7030,1155219,(4:12) 8-K.Cousins pass short right to 2-A.Jeanty to MIA 28 for 5 yards (20-J.Brooks).,LV,MIA,PASS,39,1,4,12,0,0,3,3,1,10,67,4,5,1,0,0,0,0,,0,,,,00-0029604,1,0,SR,00-0040122,,-3,00-0036409,,,,,,,,,,,,,,,0,,,,,,,0,,,,0,,,0,,,,0,,,0,,0.128,00-0029604,0,4
7030,1155220,(3:33) 2-A.Jeanty up the middle to MIA 21 for 7 yards (51-R.Beal).,LV,MIA,RUSH,37,1,3,33,0,0,3,3,2,5,72,4,7,1,1,0,0,0,00-0040122,0,RM,00-0038603,,,0,0,,,,,,,,,,,,,,,,,,,,0,,,,,,,0,,,,0,,,0,,,,0,,,0,,0.723,,0,4
7030,1155221,(2:56) 8-K.Cousins scrambles right end pushed ob at MIA 18 for 3 yards (20-J.Brooks).,LV,MIA,RUSH,32,1,2,56,0,0,3,3,1,10,79,4,3,0,0,0,0,0,00-0029604,0,RE,00-0036409,,,0,0,,,,,,,,,,,,,,,,,,,,0,,,,,,,0,,,,0,,,0,,,,0,,,0,,-0.166,00-0029604,0,4
7030,1155222,(2:24) (Shotgun) 8-K.Cousins pass short middle to 18-J.Bech to MIA 15 for 3 yards (10-J.Rodriguez; 4-J.Marshall).,LV,MIA,PASS,46,1,2,24,0,0,3,3,2,7,82,5,3,0,0,1,0,0,,0,,,,00-0029604,1,0,SM,00-0040729,,3,00-0041522,00-0040178,,,,,,,,,,,,,,0,,,,,,,0,,,,0,,,0,,,,0,,,0,,-0.335,00-0029604,1,5
7030,1155223,"(1:38) (Shotgun) 8-K.Cousins pass short middle to 18-J.Bech for 15 yards, TOUCHDOWN.",LV,MIA,PASS,5,1,1,38,0,0,3,3,3,4,85,5,15,1,1,1,0,6,,0,,,,00-0029604,1,0,SM,00-0040729,,8,,,,,,,,,,,,,,,,0,,,,,,,0,,,,0,,,0,,,,0,,,1,REC,2.559,00-0029604,1,5
7030,1155224,"14-M.Gay extra point is GOOD, Center-47-A.Ward, Holder-6-A.Cole.",LV,MIA,FGXP,0,1,1,33,6,0,3,3,0,0,85,5,0,1,0,0,0,1,,0,,,,,0,0,,,,,,,,,,,,,,,,,,,,0,,,,XP,00-0035269,33,1,,,,0,,,0,,,,0,,,0,,0.051,,0,
7030,1155225,14-M.Gay kicks 58 yards from LV 35 to MIA 7. 6-M.Washington to MIA 24 for 17 yards (20-I.Pola-Mao; 82-C.White).,MIA,LV,KOFF,8,1,1,33,0,7,3,3,0,0,65,4,0,0,0,0,0,0,,0,,,,,0,0,,,,,,,,,,,,,,,,,,,,0,,,,,,,0,,,,0,,,0,00-0035269,58,41,0,00-0039880,17,0,,-0.254,,0,
7030,1155226,(1:25) 28-D.Achane left guard to MIA 26 for 2 yards (94-F.Fatukasi; 69-A.Butler).,MIA,LV,RUSH,45,1,1,25,0,7,3,3,1,10,24,2,2,0,0,0,0,0,00-0039040,0,LG,00-0034275,00-0033381,,0,0,,,,,,,,,,,,,,,,,,,,0,,,,,,,0,,,,0,,,0,,,,0,,,0,,-0.319,,0,4
7030,1155227,(:40) (Shotgun) 2-M.Willis sacked at MIA 19 for -7 yards (sack split by 95-K.Paye and 94-F.Fatukasi).,MIA,LV,PASS,40,1,0,40,0,7,3,3,2,8,26,2,-7,0,0,1,0,0,,0,,,,,0,0,,,,,,,00-0036479,00-0034275,,,,,,,,,,,,0,,,,,,,0,,,,0,,,0,,,,0,,,0,,-1.765,00-0038128,0,5
7030,1155228,(15:00) (Shotgun) 2-M.Willis pass short middle to 7-C.Douglas to MIA 31 for 12 yards (7-Q.Walker; 97-T.Hemingway).,MIA,LV,PASS,38,2,15,0,0,7,3,3,3,15,19,1,12,1,0,1,0,0,,0,,,,00-0038128,1,0,SM,00-0041523,,7,00-0037074,00-0040169,,,,,,,,,,,,,,0,,,,,,,0,,,,0,,,0,,,,0,,,0,,0.151,00-0038128,0,5
7030,1155229,"(14:22) 48-B.Pinion punts 59 yards to LV 10, Center-46-T.Addington. 19-M.Benson to LV 33 for 23 yards (46-T.Addington).",MIA,LV,PUNT,14,2,14,22,0,7,3,3,4,3,31,2,0,0,0,0,0,0,,0,,,,,0,0,,,,,,,,,,,,,,,,,,,,0,,,,,,,0,00-0032065,59,36,0,00-0040894,23,0,,,,0,,,0,,-0.876,,0,
7030,1155230,(14:08) 19-M.Benson left end to LV 25 for -8 yards (8-J.Brents).,LV,MIA,RUSH,46,2,14,8,7,0,3,3,1,10,33,2,-8,0,0,0,0,0,00-0040894,0,LE,00-0039156,,,0,0,,,,,,,,,,,,,,,,,,,,0,,,,,,,0,,,,0,,,0,,,,0,,,0,,-1.403,,0,5
7030,1155231,(13:22) (Shotgun) 8-K.Cousins pass short left to 18-J.Bech to LV 30 for 5 yards (10-J.Rodriguez).,LV,MIA,PASS,38,2,13,22,7,0,3,3,2,18,25,2,5,0,0,1,0,0,,0,,,,00-0029604,1,0,SL,00-0040729,,5,00-0041522,,,,,,,,,,,,,,,0,,,,,,,0,,,,0,,,0,,,,0,,,0,,-0.52,00-0029604,0,5
7030,1155232,"(12:44) (Shotgun) 8-K.Cousins pass incomplete deep left to 1-T.Tucker (23-Z.Anderson). PENALTY on MIA-8-J.Brents, Taunting, 15 yards, enforced at LV 30.",LV,MIA,PASS,5,2,12,44,7,0,3,3,3,13,30,2,0,1,1,1,0,0,,0,,,,00-0029604,0,0,DL,00-0038563,00-0036677,20,,,,,MIA,00-0039156,Taunting,15,NA,,,,,,,0,,,,,,,0,,,,0,,,0,,,,0,,,0,,2.576,00-0029604,0,5
7030,1155233,(12:39) (Shotgun) 2-A.Jeanty up the middle to MIA 47 for 8 yards (3-C.Johnson).,LV,MIA,RUSH,36,2,12,39,7,0,3,3,1,10,45,3,8,1,0,1,0,0,00-0040122,0,RM,00-0041533,,,0,0,,,,,,,,,,,,,,,,,,,,0,,,,,,,0,,,,0,,,0,,,,0,,,0,,0.521,,0,5
7030,1155234,(12:03) 2-A.Jeanty up the middle to MIA 37 for 10 yards (20-J.Brooks; 8-J.Brents).,LV,MIA,RUSH,40,2,12,3,7,0,3,3,2,2,53,3,10,1,1,0,0,0,00-0040122,0,RM,00-0036409,00-0039156,,0,0,,,,,,,,,,,,,,,,,,,,0,,,,,,,0,,,,0,,,0,,,,0,,,0,,0.584,,0,4
7030,1155235,(11:23) 4-M.Washington left tackle to MIA 34 for 3 yards (10-J.Rodriguez).,LV,MIA,RUSH,38,2,11,23,7,0,3,3,1,10,63,4,3,0,0,0,0,0,00-0040878,0,LT,00-0041522,,,0,0,,,,,,,,,,,,,,,,,,,,0,,,,,,,0,,,,0,,,0,,,,0,,,0,,-0.33,,0,4
7030,1155236,(10:45) 8-K.Cousins pass incomplete short middle to 82-C.White (3-C.Johnson).,LV,MIA,PASS,5,2,10,45,7,0,3,3,2,7,66,4,0,0,0,0,0,0,,0,,,,00-0029604,0,0,SM,00-0035891,00-0041533,3,,,,,,,,,,,,,,,,0,,,,,,,0,,,,0,,,0,,,,0,,,0,,-0.75,00-0029604,0,4
7030,1155237,"(10:40) (Shotgun) 8-K.Cousins pass short right to 87-M.Mayer to MIA 29 for 5 yards (16-M.Taaffe; 8-J.Brents). FUMBLES (16-M.Taaffe), RECOVERED by MIA-23-Z.Anderson at MIA 45. The Replay Official reviewed the runner was not down by contact ruling, and the play was REVERSED. (Shotgun) 8-K.Cousins pass short right to 87-M.Mayer to MIA 29 for 5 yards (8-J.Brents).",LV,MIA,PASS,14,2,10,40,7,0,3,3,3,7,66,4,5,0,0,1,0,0,,0,,,,00-0029604,1,0,SR,00-0039066,,2,00-0039156,,,,,,,,,,,,,,,0,,,,,,,0,,,,0,,,0,,,,0,,,0,,-0.872,00-0029604,0,5
7030,1155238,"(10:26) 14-M.Gay 47 yard field goal is GOOD, Center-47-A.Ward, Holder-6-A.Cole.",LV,MIA,FGXP,4,2,10,26,7,0,3,3,4,2,71,4,0,1,0,0,0,3,,0,,,,,0,0,,,,,,,,,,,,,,,,,,,,0,,,,FG,00-0035269,47,1,,,,0,,,0,,,,0,,,0,,1.276,,0,
7030,1155239,"14-M.Gay kicks 65 yards from LV 35 to end zone, Touchback to the MIA 35.",MIA,LV,KOFF,0,2,10,22,0,10,3,3,0,0,65,4,0,1,0,0,0,0,,0,,,,,0,0,,,,,,,,,,,,,,,,,,,,0,,,,,,,0,,,,0,,,0,00-0035269,65,65,1,,0,0,,0.383,,0,
7030,1155240,(10:22) 2-M.Willis pass incomplete deep right to 6-M.Washington.,MIA,LV,PASS,6,2,10,22,0,10,3,3,1,10,35,2,0,0,0,0,0,0,,0,,,,00-0038128,0,0,DR,00-0039880,,29,,,,,,,,,,,,,,,,0,,,,,,,0,,,,0,,,0,,,,0,,,0,,-0.541,00-0038128,0,4
7030,1155241,(10:16) 28-D.Achane left tackle to MIA 45 for 10 yards (7-Q.Walker; 26-D.Porter).,MIA,LV,RUSH,40,2,10,16,0,10,3,3,2,10,35,2,10,1,1,0,0,0,00-0039040,0,LT,00-0037074,00-0040641,,0,0,,,,,,,,,,,,,,,,,,,,0,,,,,,,0,,,,0,,,0,,,,0,,,0,,1.198,,0,5
7030,1155242,(9:36) 2-M.Willis pass short right to 85-G.Dulcich to LV 49 for 6 yards (5-E.Stokes).,MIA,LV,PASS,43,2,9,36,0,10,3,3,1,10,45,3,6,1,0,0,0,0,,0,,,,00-0038128,1,0,SR,00-0037252,,3,00-0036901,,,,,,,,,,,,,,,0,,,,,,,0,,,,0,,,0,,,,0,,,0,,0.327,00-0038128,0,4
7030,1155243,(8:53) 28-D.Achane left tackle to LV 44 for 5 yards (26-D.Porter; 99-T.Booker).,MIA,LV,RUSH,41,2,8,53,0,10,3,3,2,4,51,3,5,1,1,0,0,0,00-0039040,0,LT,00-0040641,00-0037262,,0,0,,,,,,,,,,,,,,,,,,,,0,,,,,,,0,,,,0,,,0,,,,0,,,0,,0.34,,0,5
7030,1155244,(8:12) 28-D.Achane left tackle to LV 43 for 1 yard (95-K.Paye).,MIA,LV,RUSH,39,2,8,12,0,10,3,3,1,10,56,3,1,0,0,0,0,0,00-0039040,0,LT,00-0036479,,,0,0,,,,,,,,,,,,,,,,,,,,0,,,,,,,0,,,,0,,,0,,,,0,,,0,,-0.425,,0,5
7030,1155245,(7:33) 2-M.Willis pass short left to 85-G.Dulcich to LV 31 for 12 yards (11-J.Chinn; 51-M.Koonce). The penalty was assisted by replay.,MIA,LV,PASS,17,2,7,33,0,10,3,3,2,9,57,3,12,1,1,0,0,0,,0,,,,00-0038128,1,0,SL,00-0037252,,-2,00-0036293,00-0036989,,,,,,,,,,,,,,0,,,,,,,0,,,,0,,,0,,,,0,,,0,,1.313,00-0038128,0,5
7030,1155246,"(7:16) (Shotgun) PENALTY on LV, Defensive Too Many Men on Field, 5 yards, enforced at LV 31 - No Play.",MIA,LV,NOPL,17,2,7,16,0,10,3,3,1,10,69,4,0,1,0,1,0,0,,0,,,,,0,0,,,,,,,,,LV,,Defensive Too Many Men on Field,5,NA,,,,,,,0,,,,,,,0,,,,0,,,0,,,,0,,,0,,0.506,,0,
7030,1155247,"(6:59) (Shotgun) 28-D.Achane left end to LV 29 for -3 yards (98-M.Crosby). PENALTY on MIA-52-P.Paul, Offensive Holding, 10 yards, enforced at LV 26 - No Play.",MIA,LV,NOPL,14,2,6,59,0,10,3,3,1,5,74,4,0,0,0,1,0,0,,0,,,,,0,0,,,,,,,,,MIA,00-0039899,Offensive Holding,-10,NA,,,,,,,0,,,,,,,0,,,,0,,,0,,,,0,,,0,,-1.205,,0,5
7030,1155248,"(6:45) (Shotgun) 2-M.Willis left guard to LV 26 for 10 yards (17-N.Dean). PENALTY on MIA-55-A.Brewer, Offensive Holding, 10 yards, enforced at LV 36 - No Play.",MIA,LV,NOPL,23,2,6,45,0,10,3,3,1,15,64,4,0,0,0,1,0,0,,0,,,,,0,0,,,,,,,,,MIA,00-0036171,Offensive Holding,-10,NA,,,,,,,0,,,,,,,0,,,,0,,,0,,,,0,,,0,,-0.6,,0,5
7030,1155249,"(6:22) (Shotgun) 2-M.Willis pass short right to 6-M.Washington pushed ob at LV 47 for -1 yards (3-T.Johnson, 7-Q.Walker).",MIA,LV,PASS,47,2,6,22,0,10,3,3,1,25,54,3,-1,0,0,1,0,0,,0,,,,00-0038128,1,0,SR,00-0039880,,-7,00-0034376,00-0037074,,,,,,,,,,,,,,0,,,,,,,0,,,,0,,,0,,,,0,,,0,,-0.589,00-0038128,1,5
7030,1155250,(5:35) (Shotgun) 2-M.Willis pass deep right to 7-C.Douglas pushed ob at LV 22 for 25 yards (31-T.Stukes).,MIA,LV,PASS,41,2,5,35,0,10,3,3,2,26,53,3,25,1,0,1,0,0,,0,,,,00-0038128,1,0,DR,00-0041523,,17,00-0040868,,,,,,,,,,,,,,,0,,,,,,,0,,,,0,,,0,,,,0,,,0,,2.104,00-0038128,1,5
7030,1155251,"(4:54) 77-C.Wallace reported in as eligible. 28-D.Achane right guard to LV 23 for -1 yards (17-N.Dean, 7-Q.Walker).",MIA,LV,RUSH,42,2,4,54,0,10,3,3,3,1,78,4,-1,0,0,0,0,0,00-0039040,0,RG,00-0037615,00-0037074,,0,0,,,,,,,,,,,,,,,,,,,,0,,,,,,,0,,,,0,,,0,,,,0,,,0,,-1.9,,0,4
7030,1155252,"(4:12) 47-R.Patterson 41 yard field goal is GOOD, Center-46-T.Addington, Holder-48-B.Pinion. ** Injury Update: MIA-46-T.Addington has returned to the game.",MIA,LV,FGXP,4,2,4,12,0,10,3,3,4,2,77,4,0,1,0,0,0,3,,0,,,,,0,0,,,,,,,,,,,,,,,,,,,,0,,,,FG,00-0036816,41,1,,,,0,,,0,,,,0,,,0,,0.773,,0,
7030,1155253,47-R.Patterson kicks 64 yards from MIA 35 to LV 1. 23-D.Laube pushed ob at LV 46 for 45 yards (47-R.Patterson).,LV,MIA,KOFF,8,2,4,8,10,3,3,3,0,0,65,4,0,1,0,0,0,0,,0,,,,,0,0,,,,,,,,,,,,,,,,,,,,0,,,,,,,0,,,,0,,,0,00-0036816,64,19,0,00-0039407,45,0,,1.322,,0,
7030,1155254,(4:00) 4-M.Washington up the middle to MIA 46 for 8 yards (11-D.Trader; 16-M.Taaffe).,LV,MIA,RUSH,33,2,4,0,10,3,3,3,1,10,46,3,8,1,0,0,0,0,00-0040878,0,RM,00-0040182,00-0041528,,0,0,,,,,,,,,,,,,,,,,,,,0,,,,,,,0,,,,0,,,0,,,,0,,,0,,0.485,,0,4
7030,1155255,(3:27) 4-M.Washington left guard to MIA 28 for 18 yards (11-D.Trader).,LV,MIA,RUSH,41,2,3,27,10,3,3,3,2,2,54,3,18,1,1,0,0,0,00-0040878,0,LG,00-0040182,,,0,0,,,,,,,,,,,,,,,,,,,,0,,,,,,,0,,,,0,,,0,,,,0,,,0,,0.949,,0,4
7030,1155256,(2:46) 4-M.Washington left end to MIA 22 for 6 yards (10-J.Rodriguez).,LV,MIA,RUSH,46,2,2,46,10,3,3,3,1,10,72,4,6,1,0,0,0,0,00-0040878,0,LE,00-0041522,,,0,0,,,,,,,,,,,,,,,,,,,,0,,,,,,,0,,,,0,,,0,,,,0,,,0,,0.514,,0,4
7030,1155257,(2:00) 8-K.Cousins pass short right to 9-J.Nailor to MIA 15 for 7 yards (3-C.Johnson).,LV,MIA,PASS,39,2,2,0,10,3,3,3,2,4,78,4,7,1,1,0,0,0,,0,,,,00-0029604,1,0,SR,00-0037291,,5,00-0041533,,,,,,,,,,,,,,,0,,,,,,,0,,,,0,,,0,,,,0,,,0,,0.483,00-0029604,0,4
7030,1155258,(1:21) 8-K.Cousins pass incomplete short middle to 87-M.Mayer.,LV,MIA,PASS,4,2,1,21,10,3,3,3,1,10,85,5,0,0,0,0,0,0,,0,,,,00-0029604,0,0,SM,00-0039066,,15,,,,,,,,,,,,,,,,0,,,,,,,0,,,,0,,,0,,,,0,,,0,,-0.454,00-0029604,1,4
7030,1155259,(1:17) (Shotgun) 8-K.Cousins pass short left to 2-A.Jeanty to MIA 13 for 2 yards (10-J.Rodriguez).,LV,MIA,PASS,5,2,1,17,10,3,3,3,2,10,85,5,2,0,0,1,0,0,,0,,,,00-0029604,1,0,SL,00-0040122,,-4,00-0041522,,,,,,,,,,,,,,,0,,,,,,,0,,,,0,,,0,,,,0,,,0,,-0.55,00-0029604,0,4
7030,1155260,Timeout #1 by MIA at 01:12.,NA,NA,NOPL,0,2,1,12,0,0,0,0,0,0,NA,1,0,0,0,0,0,0,,0,,,,,0,0,,,,,,,,,,,,,,,,,,,,0,,,,,,,0,,,,0,,,0,,,,0,,,0,,0,,0,
7030,1155261,"(1:12) (Shotgun) 8-K.Cousins pass short middle to 2-A.Jeanty for 13 yards, TOUCHDOWN.",LV,MIA,PASS,5,2,1,12,10,3,3,2,3,8,87,5,13,1,1,1,0,6,,0,,,,00-0029604,1,0,SM,00-0040122,,8,,,,,,,,,,,,,,,,0,,,,,,,0,,,,0,,,0,,,,0,,,1,REC,3.254,00-0029604,1,5
7030,1155262,"14-M.Gay extra point is GOOD, Center-47-A.Ward, Holder-6-A.Cole.",LV,MIA,FGXP,0,2,1,7,16,3,3,2,0,0,85,5,0,1,0,0,0,1,,0,,,,,0,0,,,,,,,,,,,,,,,,,,,,0,,,,XP,00-0035269,33,1,,,,0,,,0,,,,0,,,0,,0.051,,0,
7030,1155263,14-M.Gay kicks 62 yards from LV 35 to MIA 3. 5-J.Wright to MIA 30 for 27 yards (82-C.White; 50-S.Olubi).,MIA,LV,KOFF,7,2,1,7,3,17,2,3,0,0,65,4,0,1,0,0,0,0,,0,,,,,0,0,,,,,,,,,,,,,,,,,,,,0,,,,,,,0,,,,0,,,0,00-0035269,62,35,0,00-0039874,27,0,,0.055,,0,
7030,1155264,(1:00) (Shotgun) 2-M.Willis pass incomplete deep middle to 18-C.Bell (26-D.Porter).,MIA,LV,PASS,8,2,1,0,3,17,2,3,1,10,30,2,0,0,0,1,0,0,,0,,,,00-0038128,0,0,DM,00-0041525,00-0040641,20,,,,,,,,,,,,,,,,0,,,,,,,0,,,,0,,,0,,,,0,,,0,,-0.281,00-0038128,0,5
7030,1155265,(:52) (Shotgun) 28-D.Achane up the middle to MIA 37 for 7 yards (3-T.Johnson; 31-T.Stukes).,MIA,LV,RUSH,24,2,0,52,3,17,2,3,2,10,30,2,7,0,0,1,0,0,00-0039040,0,RM,00-0034376,00-0040868,,0,0,,,,,,,,,,,,,,,,,,,,0,,,,,,,0,,,,0,,,0,,,,0,,,0,,-0.139,,0,5
7030,1155266,Timeout #2 by MIA at 00:28.,NA,NA,NOPL,0,2,0,28,0,0,0,0,0,0,NA,1,0,0,0,0,0,0,,0,,,,,0,0,,,,,,,,,,,,,,,,,,,,0,,,,,,,0,,,,0,,,0,,,,0,,,0,,0,,0,
7030,1155267,(:28) (Shotgun) 2-M.Willis pass short right to 7-C.Douglas pushed ob at LV 49 for 14 yards (5-E.Stokes).,MIA,LV,PASS,7,2,0,28,3,17,1,3,3,3,37,2,14,1,1,1,0,0,,0,,,,00-0038128,1,0,SR,00-0041523,,6,00-0036901,,,,,,,,,,,,,,,0,,,,,,,0,,,,0,,,0,,,,0,,,0,,0.949,00-0038128,1,5
7030,1155268,(:21) (Shotgun) 2-M.Willis pass incomplete deep right to 6-M.Washington.,MIA,LV,PASS,8,2,0,21,3,17,1,3,1,10,51,3,0,0,0,1,0,0,,0,,,,00-0038128,0,0,DR,00-0039880,,20,,,,,,,,,,,,,,,,0,,,,,,,0,,,,0,,,0,,,,0,,,0,,-0.451,00-0038128,1,5
7030,1155269,Timeout #1 by LV at 00:13.,NA,NA,NOPL,0,2,0,13,0,0,0,0,0,0,NA,1,0,0,0,0,0,0,,0,,,,,0,0,,,,,,,,,,,,,,,,,,,,0,,,,,,,0,,,,0,,,0,,,,0,,,0,,0,,0,
7030,1155270,(:13) (Shotgun) 2-M.Willis pass deep middle to 7-C.Douglas to LV 19 for 30 yards (7-Q.Walker).,MIA,LV,PASS,8,2,0,13,3,17,1,2,2,10,51,3,30,1,1,1,0,0,,0,,,,00-0038128,1,0,DM,00-0041523,,16,00-0037074,,,,,,,,,,,,,,,0,,,,,,,0,,,,0,,,0,,,,0,,,0,,1.551,00-0038128,1,5
7030,1155271,Timeout #3 by MIA at 00:05.,NA,NA,NOPL,0,2,0,5,0,0,0,0,0,0,NA,1,0,0,0,0,0,0,,0,,,,,0,0,,,,,,,,,,,,,,,,,,,,0,,,,,,,0,,,,0,,,0,,,,0,,,0,,0,,0,
7030,1155272,"(:05) 47-R.Patterson 37 yard field goal is GOOD, Center-46-T.Addington, Holder-48-B.Pinion.",MIA,LV,FGXP,5,2,0,5,3,17,0,2,1,10,81,5,0,1,0,0,0,3,,0,,,,,0,0,,,,,,,,,,,,,,,,,,,,0,,,,FG,00-0036816,37,1,,,,0,,,0,,,,0,,,0,,0.303,,0,
7030,1155273,"47-R.Patterson kicks 65 yards from MIA 35 to end zone, Touchback to the LV 35.",LV,MIA,KOFF,0,3,15,0,17,6,3,3,0,0,65,4,0,1,0,0,0,0,,0,,,,,0,0,,,,,,,,,,,,,,,,,,,,0,,,,,,,0,,,,0,,,0,00-0036816,65,65,1,,0,0,,0.52,,0,
7030,1155274,(15:00) 2-A.Jeanty left tackle to LV 38 for 3 yards (94-J.Phillips; 10-J.Rodriguez).,LV,MIA,RUSH,26,3,15,0,17,6,3,3,1,10,35,2,3,0,0,0,0,0,00-0040122,0,LT,00-0040175,00-0041522,,0,0,,,,,,,,,,,,,,,,,,,,0,,,,,,,0,,,,0,,,0,,,,0,,,0,,-0.26,,0,4
7030,1155275,"(14:34) (No Huddle, Shotgun) 8-K.Cousins pass deep left intended for 18-J.Bech INTERCEPTED by 16-M.Taaffe at MIA 46. 16-M.Taaffe to MIA 48 for 2 yards (18-J.Bech).",LV,MIA,PASS,5,3,14,34,17,6,3,3,2,7,38,2,0,0,0,1,1,0,,0,,,,00-0029604,0,0,DL,00-0040729,00-0041528,16,00-0040729,,,,,,,,,00-0041528,2,,,,,0,,,,,,,0,,,,0,,,0,,,,0,,,0,,-4.659,00-0029604,0,4
7030,1155276,(14:29) (Shotgun) 2-M.Willis pass deep right to 18-C.Bell to LV 27 for 25 yards (31-T.Stukes) [98-M.Crosby].,MIA,LV,PASS,35,3,14,29,6,17,3,3,1,10,48,3,25,1,1,1,0,0,,0,,,,00-0038128,1,0,DR,00-0041525,,22,00-0040868,,,,,,,,,,,,,,,0,,,,,,,0,,,,0,,,0,,,,0,,,0,,1.76,00-0038128,0,5
7030,1155277,"(13:54) (No Huddle) 2-M.Willis pass incomplete short right to 7-C.Douglas. Miami challenged the incomplete pass ruling, and the play was REVERSED. (No Huddle) 2-M.Willis pass short right to 7-C.Douglas ran ob at LV 14 for 13 yards.",MIA,LV,PASS,16,3,13,54,6,17,3,3,1,10,73,4,13,1,1,0,1,0,,0,,,,00-0038128,1,0,SR,00-0041523,,13,,,,,,,,,,,,,,,,0,,,,,,,0,,,,0,,,0,,,,0,,,0,,0.76,00-0038128,1,5
7030,1155278,"(13:38) PENALTY on MIA-74-K.Proctor, False Start, 5 yards, enforced at LV 14 - No Play.",MIA,LV,NOPL,7,3,13,38,6,17,3,3,1,10,86,5,0,0,0,0,0,0,,0,,,,,0,0,,,,,,,,,MIA,00-0041521,False Start,-5,NA,,,,,,,0,,,,,,,0,,,,0,,,0,,,,0,,,0,,-0.695,,0,
7030,1155279,(13:31) 28-D.Achane up the middle to LV 14 for 5 yards (17-N.Dean; 97-T.Hemingway).,MIA,LV,RUSH,39,3,13,31,6,17,3,3,1,15,81,5,5,1,0,0,0,0,00-0039040,0,RM,00-0037615,00-0040169,,0,0,,,,,,,,,,,,,,,,,,,,0,,,,,,,0,,,,0,,,0,,,,0,,,0,,0.303,,0,4
7030,1155280,"(12:52) (Shotgun) 2-M.Willis scrambles right end for 14 yards, TOUCHDOWN.",MIA,LV,RUSH,8,3,12,52,6,17,3,3,2,10,86,5,14,1,1,1,0,6,00-0038128,0,RE,,,,0,0,,,,,,,,,,,,,,,,,,,,0,,,,,,,0,,,,0,,,0,,,,0,,,1,RUSH,2.315,00-0038128,0,5
7030,1155281,"47-R.Patterson extra point is GOOD, Center-46-T.Addington, Holder-48-B.Pinion.",MIA,LV,FGXP,0,3,12,44,12,17,3,3,0,0,85,5,0,1,0,0,0,1,,0,,,,,0,0,,,,,,,,,,,,,,,,,,,,0,,,,XP,00-0036816,33,1,,,,0,,,0,,,,0,,,0,,0.051,,0,
7030,1155282,47-R.Patterson kicks 65 yards from MIA 35 to LV 0. 23-D.Laube pushed ob at 50 for 50 yards (47-R.Patterson).,LV,MIA,KOFF,7,3,12,44,17,13,3,3,0,0,65,4,0,1,0,0,0,0,,0,,,,,0,0,,,,,,,,,,,,,,,,,,,,0,,,,,,,0,,,,0,,,0,00-0036816,65,15,0,00-0039407,50,0,,1.386,,0,
7030,1155283,(12:37) 2-A.Jeanty up the middle to MIA 45 for 5 yards (10-J.Rodriguez; 11-D.Trader).,LV,MIA,RUSH,37,3,12,37,17,13,3,3,1,10,50,3,5,0,0,0,0,0,00-0040122,0,RM,00-0041522,00-0040182,,0,0,,,,,,,,,,,,,,,,,,,,0,,,,,,,0,,,,0,,,0,,,,0,,,0,,-0.05,,0,4
7030,1155284,(12:00) 8-K.Cousins pass deep left to 1-T.Tucker to MIA 24 for 21 yards (16-M.Taaffe) [94-J.Phillips].,LV,MIA,PASS,39,3,12,0,17,13,3,3,2,5,55,3,21,1,1,0,0,0,,0,,,,00-0029604,1,0,DL,00-0038563,,20,00-0041528,,,,,,,,,,,,,,,0,,,,,,,0,,,,0,,,0,,,,0,,,0,,1.725,00-0029604,0,4
7030,1155285,(11:21) 2-A.Jeanty right end pushed ob at MIA 16 for 8 yards (3-C.Johnson).,LV,MIA,RUSH,33,3,11,21,17,13,3,3,1,10,76,4,8,1,0,0,0,0,00-0040122,0,RE,00-0041533,,,0,0,,,,,,,,,,,,,,,,,,,,0,,,,,,,0,,,,0,,,0,,,,0,,,0,,0.372,,0,4
7030,1155286,(10:48) (Shotgun) 2-A.Jeanty right guard to MIA 13 for 3 yards (9-J.Uche; 20-J.Brooks).,LV,MIA,RUSH,42,3,10,48,17,13,3,3,2,2,84,5,3,1,1,1,0,0,00-0040122,0,RG,00-0036159,00-0036409,,0,0,,,,,,,,,,,,,,,,,,,,0,,,,,,,0,,,,0,,,0,,,,0,,,0,,0.13,,0,4
7030,1155287,"(10:06) 8-K.Cousins pass short left to 2-A.Jeanty for 13 yards, TOUCHDOWN.",LV,MIA,PASS,8,3,10,6,17,13,3,3,1,10,87,5,13,1,1,0,0,6,,0,,,,00-0029604,1,0,SL,00-0040122,,5,,,,,,,,,,,,,,,,0,,,,,,,0,,,,0,,,0,,,,0,,,1,REC,1.58,00-0029604,0,4
7030,1155288,"14-M.Gay extra point is GOOD, Center-47-A.Ward, Holder-6-A.Cole.",LV,MIA,FGXP,0,3,9,58,23,13,3,3,0,0,85,5,0,1,0,0,0,1,,0,,,,,0,0,,,,,,,,,,,,,,,,,,,,0,,,,XP,00-0035269,33,1,,,,0,,,0,,,,0,,,0,,0.051,,0,
7030,1155289,14-M.Gay kicks 59 yards from LV 35 to MIA 6. 6-M.Washington to MIA 23 for 17 yards (50-S.Olubi; 23-D.Laube).,MIA,LV,KOFF,5,3,9,58,13,24,3,3,0,0,65,4,0,0,0,0,0,0,,0,,,,,0,0,,,,,,,,,,,,,,,,,,,,0,,,,,,,0,,,,0,,,0,00-0035269,59,42,0,00-0039880,17,0,,-0.303,,0,
7030,1155290,(9:53) (Shotgun) 2-M.Willis pass incomplete short left to 89-W.Kacmarek.,MIA,LV,PASS,4,3,9,53,13,24,3,3,1,10,23,2,0,0,0,1,0,0,,0,,,,00-0038128,0,0,SL,00-0041524,,6,,,,,,,,,,,,,,,,0,,,,,,,0,,,,0,,,0,,,,0,,,0,,-0.636,00-0038128,0,5
7030,1155291,(9:49) (Shotgun) 2-M.Willis pass deep middle intended for 7-C.Douglas INTERCEPTED by 31-T.Stukes at LV 34. 31-T.Stukes to LV 34 for no gain (7-C.Douglas).,MIA,LV,PASS,8,3,9,49,13,24,3,3,2,10,23,2,0,0,0,1,0,0,,0,,,,00-0038128,0,0,DM,00-0041523,00-0040868,43,00-0041523,,,,,,,,,00-0040868,0,,,,,0,,,,,,,0,,,,0,,,0,,,,0,,,0,,-2.296,00-0038128,0,5
7030,1155292,(9:41) 2-A.Jeanty up the middle to LV 39 for 5 yards (10-J.Rodriguez; 94-J.Phillips).,LV,MIA,RUSH,36,3,9,41,24,13,3,3,1,10,34,2,5,0,0,0,0,0,00-0040122,0,RM,00-0041522,00-0040175,,0,0,,,,,,,,,,,,,,,,,,,,0,,,,,,,0,,,,0,,,0,,,,0,,,0,,-0.009,,0,4
7030,1155293,(9:05) 2-A.Jeanty right guard to LV 45 for 6 yards (98-C.Ferrell; 94-J.Phillips).,LV,MIA,RUSH,36,3,9,5,24,13,3,3,2,5,39,2,6,1,1,0,0,0,00-0040122,0,RG,00-0035692,00-0040175,,0,0,,,,,,,,,,,,,,,,,,,,0,,,,,,,0,,,,0,,,0,,,,0,,,0,,0.682,,0,4
7030,1155294,(8:29) 8-K.Cousins pass incomplete short left [20-J.Brooks].,LV,MIA,PASS,5,3,8,29,24,13,3,3,1,10,45,3,0,0,0,0,0,0,,0,,,,00-0029604,0,0,SL,,,0,,,,,,,,,,,,,,,,0,,,,,,,0,,,,0,,,0,,,,0,,,0,,-0.514,00-0029604,0,4
7030,1155295,(8:24) (Shotgun) 2-A.Jeanty right tackle to MIA 40 for 15 yards (23-Z.Anderson).,LV,MIA,RUSH,47,3,8,24,24,13,3,3,2,10,45,3,15,1,1,1,0,0,00-0040122,0,RT,00-0036677,,,0,0,,,,,,,,,,,,,,,,,,,,0,,,,,,,0,,,,0,,,0,,,,0,,,0,,1.401,,0,5
7030,1155296,(7:37) (Shotgun) 4-M.Washington left tackle to MIA 36 for 4 yards (9-J.Uche; 16-M.Taaffe).,LV,MIA,RUSH,42,3,7,37,24,13,3,3,1,10,60,4,4,0,0,1,0,0,00-0040878,0,LT,00-0036159,00-0041528,,0,0,,,,,,,,,,,,,,,,,,,,0,,,,,,,0,,,,0,,,0,,,,0,,,0,,-0.206,,0,4
7030,1155297,(6:55) 8-K.Cousins pass short right to 9-J.Nailor to MIA 24 for 12 yards (3-C.Johnson; 40-W.Gay).,LV,MIA,PASS,38,3,6,55,24,13,3,3,2,6,64,4,12,1,1,0,0,0,,0,,,,00-0029604,1,0,SR,00-0037291,,5,00-0041533,00-0036362,,,,,,,,,,,,,,0,,,,,,,0,,,,0,,,0,,,,0,,,0,,1.312,00-0029604,0,4
7030,1155298,(6:17) 2-A.Jeanty left guard to MIA 17 for 7 yards (23-Z.Anderson; 3-C.Johnson).,LV,MIA,RUSH,42,3,6,17,24,13,3,3,1,10,76,4,7,1,0,0,0,0,00-0040122,0,LG,00-0036677,00-0041533,,0,0,,,,,,,,,,,,,,,,,,,,0,,,,,,,0,,,,0,,,0,,,,0,,,0,,0.289,,0,4
7030,1155299,(5:35) 2-A.Jeanty up the middle to MIA 17 for no gain (94-J.Phillips; 93-Z.Biggers).,LV,MIA,RUSH,46,3,5,35,24,13,3,3,2,3,83,5,0,0,0,0,0,0,00-0040122,0,RM,00-0040175,00-0040248,,0,0,,,,,,,,,,,,,,,,,,,,0,,,,,,,0,,,,0,,,0,,,,0,,,0,,-0.69,,0,4
7030,1155300,(4:49) (Shotgun) 2-A.Jeanty left guard to MIA 10 for 7 yards (92-Z.Sieler; 3-C.Johnson).,LV,MIA,RUSH,38,3,4,49,24,13,3,3,3,3,83,5,7,1,1,1,0,0,00-0040122,0,LG,00-0034285,00-0041533,,0,0,,,,,,,,,,,,,,,,,,,,0,,,,,,,0,,,,0,,,0,,,,0,,,0,,0.963,,0,4
7030,1155301,(4:11) 8-K.Cousins pass incomplete short middle to 1-T.Tucker (3-C.Johnson).,LV,MIA,PASS,4,3,4,11,24,13,3,3,1,10,90,5,0,0,0,0,0,0,,0,,,,00-0029604,0,0,SM,00-0038563,00-0041533,4,,,,,,,,,,,,,,,,0,,,,,,,0,,,,0,,,0,,,,0,,,0,,-0.47,00-0029604,0,4
7030,1155302,(4:07) 4-M.Washington left guard to MIA 11 for -1 yards (4-J.Marshall).,LV,MIA,RUSH,42,3,4,7,24,13,3,3,2,10,90,5,-1,0,0,0,0,0,00-0040878,0,LG,00-0040178,,,0,0,,,,,,,,,,,,,,,,,,,,0,,,,,,,0,,,,0,,,0,,,,0,,,0,,-1.105,,0,5
7030,1155303,(3:25) (Shotgun) 8-K.Cousins pass short left to 2-A.Jeanty to MIA 7 for 4 yards (20-J.Brooks).,LV,MIA,PASS,44,3,3,25,24,13,3,3,3,11,89,5,4,0,0,1,0,0,,0,,,,00-0029604,1,0,SL,00-0040122,,5,00-0036409,,,,,,,,,,,,,,,0,,,,,,,0,,,,0,,,0,,,,0,,,0,,-0.881,00-0029604,1,5
7030,1155304,"(2:41) 14-M.Gay 25 yard field goal is GOOD, NULLIFIED by Penalty, Center-47-A.Ward, Holder-6-A.Cole. PENALTY on LV-76-C.Rogers, Offensive Offside, 5 yards, enforced at MIA 7 - No Play.",LV,MIA,NOPL,3,3,2,41,24,13,3,3,4,7,93,5,0,0,0,0,0,0,,0,,,,,0,0,,,,,,,,,LV,00-0040150,Offensive Offside,-5,NA,,,,,,,0,,,,,,,0,,,,0,,,0,,,,0,,,0,,-0.082,,0,
7030,1155305,"(2:38) 14-M.Gay 30 yard field goal is GOOD, Center-47-A.Ward, Holder-6-A.Cole.",LV,MIA,FGXP,4,3,2,38,24,13,3,3,4,12,88,5,0,1,0,0,0,3,,0,,,,,0,0,,,,,,,,,,,,,,,,,,,,0,,,,FG,00-0035269,30,1,,,,0,,,0,,,,0,,,0,,0.127,,0,
7030,1155306,14-M.Gay kicks 62 yards from LV 35 to MIA 3. 5-J.Wright pushed ob at LV 18 for 79 yards (82-C.White).,MIA,LV,KOFF,13,3,2,34,13,27,3,3,0,0,65,4,0,1,0,0,0,0,,0,,,,,0,0,,,,,,,,,,,,,,,,,,,,0,,,,,,,0,,,,0,,,0,00-0035269,62,-17,0,00-0039874,79,0,,3.826,,0,
7030,1155307,(2:21) (Shotgun) 28-D.Achane left guard to LV 15 for 3 yards (97-T.Hemingway; 94-F.Fatukasi).,MIA,LV,RUSH,42,3,2,21,13,27,3,3,1,10,82,5,3,0,0,1,0,0,00-0039040,0,LG,00-0040169,00-0034275,,0,0,,,,,,,,,,,,,,,,,,,,0,,,,,,,0,,,,0,,,0,,,,0,,,0,,-0.234,,0,4
7030,1155308,(1:39) 28-D.Achane left end to LV 13 for 2 yards (11-J.Chinn).,MIA,LV,RUSH,45,3,1,39,13,27,3,3,2,7,85,5,2,0,0,0,0,0,00-0039040,0,LE,00-0036293,,,0,0,,,,,,,,,,,,,,,,,,,,0,,,,,,,0,,,,0,,,0,,,,0,,,0,,-0.441,,0,4
7030,1155309,(:54) (Shotgun) 2-M.Willis sacked at LV 23 for -10 yards (17-N.Dean).,MIA,LV,PASS,43,3,0,54,13,27,3,3,3,5,87,5,-10,0,0,1,0,0,,0,,,,,0,0,,,,,,,00-0037615,,,,,,,,,,,,,0,,,,,,,0,,,,0,,,0,,,,0,,,0,,-2.014,00-0038128,1,5
7030,1155310,"(:11) 47-R.Patterson 41 yard field goal is No Good, Wide Left, Center-46-T.Addington, Holder-48-B.Pinion.",MIA,LV,FGXP,4,3,0,11,13,27,3,3,4,15,77,4,0,0,0,0,0,0,,0,,,,,0,0,,,,,,,,,,,,,,,,,,,,0,,,,FG,00-0036816,41,0,,,,0,,,0,,,,0,,,0,,-4.087,,0,
7030,1155311,(:07) 8-K.Cousins pass incomplete deep left to 19-M.Benson.,LV,MIA,PASS,7,3,0,7,27,13,3,3,1,10,31,2,0,0,0,0,0,0,,0,,,,00-0029604,0,0,DL,00-0040894,,32,,,,,,,,,,,,,,,,0,,,,,,,0,,,,0,,,0,,,,0,,,0,,-0.569,00-0029604,0,4
7030,1155312,(15:00) (Shotgun) 8-K.Cousins pass incomplete deep right to 9-J.Nailor.,LV,MIA,PASS,5,4,15,0,27,13,3,3,2,10,31,2,0,0,0,1,0,0,,0,,,,00-0029604,0,0,DR,00-0037291,,29,,,,,,,,,,,,,,,,0,,,,,,,0,,,,0,,,0,,,,0,,,0,,-0.813,00-0029604,0,5
7030,1155313,(14:55) (Shotgun) 8-K.Cousins pass short left to 2-A.Jeanty to LV 39 for 8 yards (20-J.Brooks).,LV,MIA,PASS,40,4,14,55,27,13,3,3,3,10,31,2,8,0,0,1,0,0,,0,,,,00-0029604,1,0,SL,00-0040122,,7,00-0036409,,,,,,,,,,,,,,,0,,,,,,,0,,,,0,,,0,,,,0,,,0,,-0.774,00-0029604,0,5
7030,1155314,"(14:15) 6-A.Cole punts 61 yards to end zone, Center-47-A.Ward, Touchback.",LV,MIA,PUNT,8,4,14,15,27,13,3,3,4,2,39,2,0,0,0,0,0,0,,0,,,,,0,0,,,,,,,,,,,,,,,,,,,,0,,,,,,,0,00-0035190,61,61,1,,0,0,,,,0,,,0,,-0.515,,0,
7030,1155315,(14:07) (Shotgun) 2-M.Willis pass short right to 28-D.Achane to MIA 24 for 4 yards (99-T.Booker; 95-K.Paye) [96-J.Laulu].,MIA,LV,PASS,49,4,14,7,13,27,3,3,1,10,20,2,4,0,0,1,0,0,,0,,,,00-0038128,1,0,SR,00-0039040,,-7,00-0037262,00-0036479,,,,,,,,,,,,,,0,,,,,,,0,,,,0,,,0,,,,0,,,0,,-0.229,00-0038128,0,5
7030,1155316,(13:18) (Shotgun) 2-M.Willis pass incomplete short left to 6-M.Washington [95-K.Paye].,MIA,LV,PASS,4,4,13,18,13,27,3,3,2,6,24,2,0,0,0,1,0,0,,0,,,,00-0038128,0,0,SL,00-0039880,,7,,,,,,,,,,,,,,,,0,,,,,,,0,,,,0,,,0,,,,0,,,0,,-0.795,00-0038128,0,5
7030,1155317,(13:14) (Shotgun) 2-M.Willis sacked at MIA 20 for -4 yards (98-M.Crosby).,MIA,LV,PASS,42,4,13,14,13,27,3,3,3,6,24,2,-4,0,0,1,0,0,,0,,,,,0,0,,,,,,,00-0034973,,,,,,,,,,,,,0,,,,,,,0,,,,0,,,0,,,,0,,,0,,-1.632,00-0038128,0,5
7030,1155318,"(12:32) 48-B.Pinion punts 47 yards to LV 33, Center-46-T.Addington. 19-M.Benson to LV 45 for 12 yards (46-T.Addington).",MIA,LV,PUNT,11,4,12,32,13,27,3,3,4,10,20,2,0,0,0,0,0,0,,0,,,,,0,0,,,,,,,,,,,,,,,,,,,,0,,,,,,,0,00-0032065,47,35,0,00-0040894,12,0,,,,0,,,0,,-0.738,,0,
7030,1155319,"(12:21) PENALTY on LV-81-D.Young, False Start, 5 yards, enforced at LV 45 - No Play.",LV,MIA,NOPL,0,4,12,21,27,13,3,3,1,10,45,3,0,0,0,0,0,0,,0,,,,,0,0,,,,,,,,,LV,00-0037093,False Start,-5,NA,,,,,,,0,,,,,,,0,,,,0,,,0,,,,0,,,0,,-0.613,,0,
7030,1155320,"(12:21) 8-K.Cousins pass incomplete short middle to 23-D.Laube (93-Z.Biggers). PENALTY on MIA-8-J.Brents, Illegal Contact, 5 yards, enforced at LV 40 - No Play.",LV,MIA,NOPL,6,4,12,21,27,13,3,3,1,15,40,3,0,1,1,0,0,0,,0,,,,00-0029604,0,0,,,,0,,,,,MIA,00-0039156,Illegal Contact,5,NA,,,,,,,0,,,,,,,0,,,,0,,,0,,,,0,,,0,,0.636,00-0029604,0,5
7030,1155321,(12:15) 2-A.Jeanty right end to LV 41 for -4 yards (92-Z.Sieler).,LV,MIA,RUSH,43,4,12,15,27,13,3,3,1,10,45,3,-4,0,0,0,0,0,00-0040122,0,RE,00-0034285,,,0,0,,,,,,,,,,,,,,,,,,,,0,,,,,,,0,,,,0,,,0,,,,0,,,0,,-1.213,,0,4
7030,1155322,Timeout #1 by LV at 11:32.,NA,NA,NOPL,0,4,11,32,0,0,0,0,0,0,NA,1,0,0,0,0,0,0,,0,,,,,0,0,,,,,,,,,,,,,,,,,,,,0,,,,,,,0,,,,0,,,0,,,,0,,,0,,0,,0,
7030,1155323,(11:32) (Shotgun) 8-K.Cousins pass deep middle intended for 9-J.Nailor INTERCEPTED by 11-D.Trader at MIA 42. 11-D.Trader to LV 44 for 14 yards (23-D.Laube; 58-J.Powers-Johnson).,LV,MIA,PASS,10,4,11,32,27,13,2,3,2,14,41,3,0,0,0,1,0,0,,0,,,,00-0029604,0,0,DM,00-0037291,00-0040182,17,00-0039407,00-0039735,,,,,,,,00-0040182,14,,,,,0,,,,,,,0,,,,0,,,0,,,,0,,,0,,-4.651,00-0029604,1,5
7030,1155324,(11:22) (Shotgun) 2-M.Willis pass incomplete short left to 28-D.Achane (94-F.Fatukasi).,MIA,LV,PASS,5,4,11,22,13,27,3,2,1,10,56,3,0,0,0,1,0,0,,0,,,,00-0038128,0,0,SL,00-0039040,00-0034275,-7,,,,,,,,,,,,,,,,0,,,,,,,0,,,,0,,,0,,,,0,,,0,,-0.518,00-0038128,0,5
7030,1155325,(11:17) (Shotgun) 2-M.Willis pass incomplete deep right to 6-M.Washington.,MIA,LV,PASS,7,4,11,17,13,27,3,2,2,10,56,3,0,0,0,1,0,0,,0,,,,00-0038128,0,0,DR,00-0039880,,28,,,,,,,,,,,,,,,,0,,,,,,,0,,,,0,,,0,,,,0,,,0,,-0.85,00-0038128,0,5
7030,1155326,(11:10) (Shotgun) 2-M.Willis sacked at MIA 48 for -8 yards (sack split by 95-K.Paye and 98-M.Crosby).,MIA,LV,PASS,40,4,11,10,13,27,3,2,3,10,56,3,-8,0,0,1,0,0,,0,,,,,0,0,,,,,,,00-0036479,00-0034973,,,,,,,,,,,,0,,,,,,,0,,,,0,,,0,,,,0,,,0,,-2.232,00-0038128,1,5
7030,1155327,"(10:30) 48-B.Pinion punts 40 yards to LV 12, Center-46-T.Addington, fair catch by 23-D.Laube.",MIA,LV,PUNT,7,4,10,30,13,27,3,2,4,18,48,3,0,0,0,0,0,0,,0,,,,,0,0,,,,,,,,,,,,,,,,,,,,0,,,,,,,0,00-0032065,40,40,0,00-0039407,0,1,,,,0,,,0,,-0.221,,0,
7030,1155328,(10:23) 2-A.Jeanty up the middle to LV 12 for no gain (10-J.Rodriguez).,LV,MIA,RUSH,37,4,10,23,27,13,2,3,1,10,12,1,0,0,0,0,0,0,00-0040122,0,RM,00-0041522,,,0,0,,,,,,,,,,,,,,,,,,,,0,,,,,,,0,,,,0,,,0,,,,0,,,0,,-0.588,,0,4
7030,1155329,(9:46) (Shotgun) 2-A.Jeanty right end to LV 16 for 4 yards (23-Z.Anderson; 10-J.Rodriguez).,LV,MIA,RUSH,42,4,9,46,27,13,2,3,2,10,12,1,4,0,0,1,0,0,00-0040122,0,RE,00-0036677,00-0041522,,0,0,,,,,,,,,,,,,,,,,,,,0,,,,,,,0,,,,0,,,0,,,,0,,,0,,-0.453,,0,5
7030,1155330,Timeout #2 by LV at 09:04.,NA,NA,NOPL,0,4,9,4,0,0,0,0,0,0,NA,1,0,0,0,0,0,0,,0,,,,,0,0,,,,,,,,,,,,,,,,,,,,0,,,,,,,0,,,,0,,,0,,,,0,,,0,,0,,0,
7030,1155331,(9:04) (Shotgun) 8-K.Cousins pass short left to 87-M.Mayer to LV 24 for 8 yards (9-J.Uche).,LV,MIA,PASS,42,4,9,4,27,13,1,3,3,6,16,1,8,1,1,1,0,0,,0,,,,00-0029604,1,0,SL,00-0039066,,4,00-0036159,,,,,,,,,,,,,,,0,,,,,,,0,,,,0,,,0,,,,0,,,0,,1.744,00-0029604,1,5
7030,1155332,(8:22) 2-A.Jeanty right guard to LV 27 for 3 yards (44-C.Robinson; 10-J.Rodriguez).,LV,MIA,RUSH,38,4,8,22,27,13,1,3,1,10,24,2,3,0,0,0,0,0,00-0040122,0,RG,00-0039911,00-0041522,,0,0,,,,,,,,,,,,,,,,,,,,0,,,,,,,0,,,,0,,,0,,,,0,,,0,,-0.249,,0,4
7030,1155333,(7:44) 8-K.Cousins pass short left to 87-M.Mayer to LV 25 for -2 yards (23-Z.Anderson).,LV,MIA,PASS,47,4,7,44,27,13,1,3,2,7,27,2,-2,0,0,0,0,0,,0,,,,00-0029604,1,0,SL,00-0039066,,-2,00-0036677,,,,,,,,,,,,,,,0,,,,,,,0,,,,0,,,0,,,,0,,,0,,-1.054,00-0029604,0,4
7030,1155334,(6:57) (Shotgun) 8-K.Cousins up the middle to LV 22 for -3 yards (90-M.Herring).,LV,MIA,RUSH,47,4,6,57,27,13,1,3,3,9,25,2,-3,0,0,1,0,0,00-0029604,0,RM,00-0036682,,,0,0,,,,,,,,,,,,,,,,,,,,0,,,,,,,0,,,,0,,,0,,,,0,,,0,,-1.522,,0,5
7030,1155335,"(6:10) 6-A.Cole punts 72 yards to MIA 6, Center-47-A.Ward. 6-M.Washington to MIA 23 for 17 yards (93-P.Johnson).",LV,MIA,PUNT,12,4,6,10,27,13,1,3,4,12,22,2,0,1,0,0,0,0,,0,,,,,0,0,,,,,,,,,,,,,,,,,,,,0,,,,,,,0,00-0035190,72,55,0,00-0039880,17,0,,,,0,,,0,,0.374,,0,
7030,1155336,"(5:58) (Shotgun) 2-M.Willis pass incomplete short middle to 7-C.Douglas. PENALTY on LV-7-Q.Walker, Defensive Pass Interference, 4 yards, enforced at MIA 23 - No Play.",MIA,LV,NOPL,4,4,5,58,13,27,3,1,1,10,23,2,0,1,1,1,0,0,,0,,,,00-0038128,0,0,,,,0,,,,,LV,00-0037074,Defensive Pass Interference,4,NA,,,,,,,0,,,,,,,0,,,,0,,,0,,,,0,,,0,,0.203,00-0038128,0,5
7030,1155337,(5:54) (Shotgun) 5-J.Wright up the middle to MIA 26 for -1 yards (99-T.Booker).,MIA,LV,RUSH,33,4,5,54,13,27,3,1,1,10,27,2,-1,0,0,1,0,0,00-0039874,0,RM,00-0037262,,,0,0,,,,,,,,,,,,,,,,,,,,0,,,,,,,0,,,,0,,,0,,,,0,,,0,,-0.901,,0,5
7030,1155338,(5:21) (Shotgun) 2-M.Willis pass deep middle to 6-M.Washington to LV 44 for 30 yards (31-T.Stukes). LV-26-D.Porter was injured during the play.,MIA,LV,PASS,30,4,5,21,13,27,3,1,2,11,26,2,30,1,1,1,0,0,,0,,,,00-0038128,1,0,DM,00-0039880,,18,00-0040868,,,,,,,,,,,,,,,0,,,,,,,0,,,,0,,,0,,,,0,,,0,,2.716,00-0038128,0,5
7030,1155339,(4:51) (Shotgun) 2-M.Willis pass incomplete short left to 21-K.Coleman (35-H.Masses) [99-T.Booker].,MIA,LV,PASS,5,4,4,51,13,27,3,1,1,10,56,3,0,0,0,1,0,0,,0,,,,00-0038128,0,0,SL,00-0041529,00-0040889,14,,,,,,,,,,,,,,,,0,,,,,,,0,,,,0,,,0,,,,0,,,0,,-0.457,00-0038128,0,5
7030,1155340,(4:46) (Shotgun) 2-M.Willis scrambles up the middle to LV 41 for 3 yards (17-N.Dean).,MIA,LV,RUSH,36,4,4,46,13,27,3,1,2,10,56,3,3,0,0,1,0,0,00-0038128,0,RM,00-0037615,,,0,0,,,,,,,,,,,,,,,,,,,,0,,,,,,,0,,,,0,,,0,,,,0,,,0,,-0.664,00-0038128,0,5
7030,1155341,(4:10) (Shotgun) 2-M.Willis pass incomplete short middle to 7-C.Douglas (97-T.Hemingway).,MIA,LV,PASS,6,4,4,10,13,27,3,1,3,7,59,3,0,0,0,1,0,0,,0,,,,00-0038128,0,0,SM,00-0041523,00-0040169,-5,,,,,,,,,,,,,,,,0,,,,,,,0,,,,0,,,0,,,,0,,,0,,-1.635,00-0038128,0,5
7030,1155342,"(4:04) (Shotgun) PENALTY on MIA, Delay of Game, 5 yards, enforced at LV 41 - No Play.",MIA,LV,NOPL,0,4,4,4,13,27,3,1,4,7,59,3,0,0,0,1,0,0,,0,,,,,0,0,,,,,,,,,MIA,,Delay of Game,-5,NA,,,,,,,0,,,,,,,0,,,,0,,,0,,,,0,,,0,,-0.339,,0,
7030,1155343,(4:04) (Shotgun) 2-M.Willis pass incomplete short right to 21-K.Coleman.,MIA,LV,PASS,6,4,4,4,13,27,3,1,4,12,54,3,0,0,0,1,0,0,,0,,,,00-0038128,0,0,SR,00-0041529,,10,,,,,,,,,,,,,,,,0,,,,,,,0,,,,0,,,0,,,,0,,,0,,-2.518,00-0038128,0,5
7030,1155344,(3:58) 2-A.Jeanty left tackle to LV 47 for no gain (20-J.Brooks).,LV,MIA,RUSH,7,4,3,58,27,13,1,3,1,10,47,3,0,0,0,0,0,0,00-0040122,0,LT,00-0036409,,,0,0,,,,,,,,,,,,,,,,,,,,0,,,,,,,0,,,,0,,,0,,,,0,,,0,,-0.456,,0,4
7030,1155345,Timeout #1 by MIA at 03:51.,NA,NA,NOPL,0,4,3,51,0,0,0,0,0,0,NA,1,0,0,0,0,0,0,,0,,,,,0,0,,,,,,,,,,,,,,,,,,,,0,,,,,,,0,,,,0,,,0,,,,0,,,0,,0,,0,
7030,1155346,(3:51) 2-A.Jeanty up the middle to LV 44 for -3 yards (92-Z.Sieler).,LV,MIA,RUSH,5,4,3,51,27,13,1,2,2,10,47,3,-3,0,0,0,0,0,00-0040122,0,RM,00-0034285,,,0,0,,,,,,,,,,,,,,,,,,,,0,,,,,,,0,,,,0,,,0,,,,0,,,0,,-1.361,,0,4
7030,1155347,Timeout #2 by MIA at 03:46.,NA,NA,NOPL,0,4,3,46,0,0,0,0,0,0,NA,1,0,0,0,0,0,0,,0,,,,,0,0,,,,,,,,,,,,,,,,,,,,0,,,,,,,0,,,,0,,,0,,,,0,,,0,,0,,0,
7030,1155348,(3:46) 4-M.Washington left guard to LV 47 for 3 yards (93-Z.Biggers).,LV,MIA,RUSH,6,4,3,46,27,13,1,1,3,13,44,3,3,0,0,0,0,0,00-0040878,0,LG,00-0040248,,,0,0,,,,,,,,,,,,,,,,,,,,0,,,,,,,0,,,,0,,,0,,,,0,,,0,,-1.238,,0,4
7030,1155349,Timeout #3 by MIA at 03:40.,NA,NA,NOPL,0,4,3,40,0,0,0,0,0,0,NA,1,0,0,0,0,0,0,,0,,,,,0,0,,,,,,,,,,,,,,,,,,,,0,,,,,,,0,,,,0,,,0,,,,0,,,0,,0,,0,
7030,1155350,"(3:40) (Punt formation) PENALTY on LV-47-A.Ward, False Start, 5 yards, enforced at LV 47 - No Play.",LV,MIA,NOPL,0,4,3,40,27,13,1,0,4,10,47,3,0,0,0,0,0,0,,0,,,,,0,0,,,,,,,,,LV,00-0038360,False Start,-5,NA,,,,,,,0,,,,,,,0,,,,0,,,0,,,,0,,,0,,-0.21,,0,
7030,1155351,"(3:40) 6-A.Cole punts 55 yards to MIA 3, impetus ends at MIA 1, Center-47-A.Ward, downed by LV-81-D.Young.",LV,MIA,PUNT,11,4,3,40,27,13,1,0,4,15,42,3,0,1,0,0,0,0,,0,,,,,0,0,,,,,,,,,,,,,,,,,,,,0,,,,,,,0,00-0035190,57,57,0,,0,0,,,,0,,,0,,0.334,,0,
7030,1155352,(3:29) (Shotgun) 2-M.Willis pass short left to 28-D.Achane to MIA 8 for 5 yards (7-Q.Walker).,MIA,LV,PASS,18,4,3,29,13,27,0,1,1,10,3,1,5,0,0,1,0,0,,0,,,,00-0038128,1,0,SL,00-0039040,,5,00-0037074,,,,,,,,,,,,,,,0,,,,,,,0,,,,0,,,0,,,,0,,,0,,-0.085,00-0038128,0,5
7030,1155353,"(3:11) (No Huddle, Shotgun) 2-M.Willis pass incomplete short right to 6-M.Washington (98-M.Crosby). PENALTY on LV-35-H.Masses, Illegal Use of Hands, 5 yards, enforced at MIA 8 - No Play.",MIA,LV,NOPL,4,4,3,11,13,27,0,1,2,5,8,1,0,1,1,1,1,0,,0,,,,00-0038128,0,0,,,,0,,,,,LV,00-0040889,Illegal Use of Hands,5,NA,,,,,,,0,,,,,,,0,,,,0,,,0,,,,0,,,0,,0.735,00-0038128,0,5
7030,1155354,"(3:07) (Shotgun) 2-M.Willis pass short left to 28-D.Achane ran ob at MIA 29 for 16 yards. PENALTY on MIA-73-A.Jackson, Illegal Use of Hands, 6 yards, enforced at MIA 13 - No Play.",MIA,LV,NOPL,6,4,3,7,13,27,0,1,1,10,13,1,0,0,0,1,0,0,,0,,,,00-0038128,0,0,,,,0,,,,,MIA,00-0036248,Illegal Use of Hands,-6,NA,,,,,,,0,,,,,,,0,,,,0,,,0,,,,0,,,0,,-0.652,00-0038128,0,5
7030,1155355,(3:01) (Shotgun) 2-M.Willis sacked at MIA 1 for -6 yards (95-K.Paye).,MIA,LV,PASS,41,4,3,1,13,27,0,1,1,16,7,1,-6,0,0,1,0,0,,0,,,,,0,0,,,,,,,00-0036479,,,,,,,,,,,,,0,,,,,,,0,,,,0,,,0,,,,0,,,0,,-0.875,00-0038128,0,5
7030,1155356,"(2:20) (Shotgun) 2-M.Willis scrambles left end to MIA 10 for 9 yards (17-N.Dean). FUMBLES (17-N.Dean), ball out of bounds at MIA 13. The fumble was assisted by replay.",MIA,LV,RUSH,20,4,2,20,13,27,0,1,2,22,1,1,9,1,0,1,0,0,00-0038128,0,LE,00-0037615,,,0,0,,,,,,,,,,,,,,,,00-0038128,,0,00-0037615,0,,,,,,,0,,,,0,,,0,,,,0,,,0,,0.114,00-0038128,0,5
7030,1155357,"(2:00) (Shotgun) 2-M.Willis pass deep middle to 6-M.Washington to MIA 36 for 26 yards (11-J.Chinn). FUMBLES (11-J.Chinn), RECOVERED by LV-7-Q.Walker at MIA 34.",MIA,LV,PASS,9,4,2,0,13,27,0,1,3,13,10,1,24,0,0,1,0,0,,0,,,,00-0038128,1,0,DM,00-0039880,,20,00-0036293,,,,,,,,,,,00-0039880,00-0037074,0,00-0036293,1,,,,,,,0,,,,0,,,0,,,,0,,,0,,-1.838,00-0038128,0,5
7030,1155358,(1:51) 8-K.Cousins kneels to MIA 37 for -3 yards.,LV,MIA,RUSH,44,4,1,51,27,13,1,0,1,10,66,4,-3,0,0,0,0,0,00-0029604,1,,,,,0,0,,,,,,,,,,,,,,,,,,,,0,,,,,,,0,,,,0,,,0,,,,0,,,0,,-0.633,,0,
7030,1155359,(1:07) 8-K.Cousins kneels to MIA 39 for -2 yards.,LV,MIA,RUSH,31,4,1,7,27,13,1,0,2,13,63,4,-2,0,0,0,0,0,00-0029604,1,,,,,0,0,,,,,,,,,,,,,,,,,,,,0,,,,,,,0,,,,0,,,0,,,,0,,,0,,-0.177,,0,
7030,1155360,(:36) 8-K.Cousins kneels to MIA 40 for -1 yards.,LV,MIA,RUSH,0,4,0,36,27,13,1,0,3,15,61,4,-1,0,0,0,0,0,00-0029604,1,,,,,0,0,,,,,,,,,,,,,,,,,,,,0,,,,,,,0,,,,0,,,0,,,,0,,,0,,-1.266,,0,
7031,1155361,"28-T.Smack kicks 65 yards from GB 35 to end zone, Touchback to the MIN 35.",MIN,GB,KOFF,0,1,15,0,0,0,3,3,0,0,65,4,0,1,0,0,0,0,,0,,,,,0,0,,,,,,,,,,,,,,,,,,,,0,,,,,,,0,,,,0,,,0,00-0040899,65,65,1,,0,0,,0.52,,0,
7031,1155362,(15:00) (Shotgun) 33-A.Jones up the middle to MIN 34 for -1 yards (25-K.Nixon).,MIN,GB,RUSH,37,1,15,0,0,0,3,3,1,10,35,2,-1,0,0,1,0,0,00-0033293,0,RM,00-0035133,,,0,0,,,,,,,,,,,,,,,,,,,,0,,,,,,,0,,,,0,,,0,,,,0,,,0,,-0.774,,0,4
7031,1155363,(14:23) (Shotgun) 1-K.Murray pass deep right intended for 14-J.Jennings INTERCEPTED by 25-K.Nixon [44-Z.Franklin] at GB 36. 25-K.Nixon to GB 47 for 11 yards (87-T.Hockenson).,MIN,GB,PASS,9,1,14,23,0,0,3,3,2,11,34,2,0,0,0,1,0,0,,0,,,,00-0035228,0,0,DR,00-0036259,00-0035133,30,00-0035229,,,,,,,,,00-0035133,11,,,,,0,,,,,,,0,,,,0,,,0,,,,0,,,0,,-4.074,00-0035228,0,5
7031,1155364,(14:14) 10-J.Love pass incomplete short middle to 85-T.Kraft [15-D.Turner].,GB,MIN,PASS,4,1,14,14,0,0,3,3,1,10,47,3,0,0,0,0,0,0,,0,,,,00-0036264,0,0,SM,00-0038996,,12,,,,,,,,,,,,,,,,0,,,,,,,0,,,,0,,,0,,,,0,,,0,,-0.569,00-0036264,0,4
7031,1155365,(14:10) 30-C.Brooks left tackle to MIN 39 for 14 yards (26-T.Jackson).,GB,MIN,RUSH,41,1,14,10,0,0,3,3,2,10,47,3,14,1,1,0,0,0,00-0038685,0,LT,00-0037301,,,0,0,,,,,,,,,,,,,,,,,,,,0,,,,,,,0,,,,0,,,0,,,,0,,,0,,1.569,,0,4
7031,1155366,"(13:29) (Shotgun) PENALTY on GB-77-J.Morgan, False Start, 5 yards, enforced at MIN 39 - No Play.",GB,MIN,NOPL,19,1,13,29,0,0,3,3,1,10,61,4,0,0,0,1,0,0,,0,,,,,0,0,,,,,,,,,GB,00-0039904,False Start,-5,NA,,,,,,,0,,,,,,,0,,,,0,,,0,,,,0,,,0,,-0.789,,0,
7031,1155367,(13:10) 30-C.Brooks left guard to MIN 41 for 3 yards (44-J.Metellus; 55-E.Wilson).,GB,MIN,RUSH,45,1,13,10,0,0,3,3,1,15,56,3,3,0,0,0,0,0,00-0038685,0,LG,00-0036348,00-0033336,,0,0,,,,,,,,,,,,,,,,,,,,0,,,,,,,0,,,,0,,,0,,,,0,,,0,,-0.26,,0,4
7031,1155368,(12:25) (Shotgun) 10-J.Love pass incomplete deep middle to 85-T.Kraft.,GB,MIN,PASS,3,1,12,25,0,0,3,3,2,12,59,3,0,0,0,1,0,0,,0,,,,00-0036264,0,0,DM,00-0038996,,24,,,,,,,,,,,,,,,,0,,,,,,,0,,,,0,,,0,,,,0,,,0,,-1.02,00-0036264,1,5
7031,1155369,(12:22) (Shotgun) 10-J.Love pass incomplete deep right to 0-M.Golden [43-A.Van Ginkel].,GB,MIN,PASS,6,1,12,22,0,0,3,3,3,12,59,3,0,0,0,1,0,0,,0,,,,00-0036264,0,0,DR,00-0040667,,31,,,,,,,,,,,,,,,,0,,,,,,,0,,,,0,,,0,,,,0,,,0,,-1.126,00-0036264,0,5
7031,1155370,"(12:16) 28-T.Smack 59 yard field goal is GOOD, Center-42-M.Orzech, Holder-19-D.Whelan.",GB,MIN,FGXP,5,1,12,16,0,0,3,3,4,12,59,3,0,1,0,0,0,3,,0,,,,,0,0,,,,,,,,,,,,,,,,,,,,0,,,,FG,00-0040899,59,1,,,,0,,,0,,,,0,,,0,,2.71,,0,
7031,1155371,28-T.Smack kicks 64 yards from GB 35 to MIN 1. 4-M.Price to MIN 30 for 29 yards (36-K.Hadden).,MIN,GB,KOFF,5,1,12,11,0,3,3,3,0,0,65,4,0,1,0,0,0,0,,0,,,,,0,0,,,,,,,,,,,,,,,,,,,,0,,,,,,,0,,,,0,,,0,00-0040899,64,35,0,00-0040506,29,0,,0.309,,0,
7031,1155372,(12:06) 1-K.Murray pass incomplete short right.,MIN,GB,PASS,6,1,12,6,0,3,3,3,1,10,30,2,0,0,0,0,0,0,,0,,,,00-0035228,0,0,SR,,,4,,,,,,,,,,,,,,,,0,,,,,,,0,,,,0,,,0,,,,0,,,0,,-0.589,00-0035228,0,4
7031,1155373,(12:00) 33-A.Jones left end to MIN 36 for 6 yards (99-B.Sorrell).,MIN,GB,RUSH,41,1,12,0,0,3,3,3,2,10,30,2,6,0,0,0,0,0,00-0033293,0,LE,00-0040010,,,0,0,,,,,,,,,,,,,,,,,,,,0,,,,,,,0,,,,0,,,0,,,,0,,,0,,-0.122,,0,5
7031,1155374,(11:19) (Shotgun) 1-K.Murray pass short right to 18-J.Jefferson to MIN 45 for 9 yards (25-K.Nixon).,MIN,GB,PASS,42,1,11,19,0,3,3,3,3,4,36,2,9,1,1,1,0,0,,0,,,,00-0035228,1,0,SR,00-0036322,,9,00-0035133,,,,,,,,,,,,,,,0,,,,,,,0,,,,0,,,0,,,,0,,,0,,1.527,00-0035228,1,5
7031,1155375,"(10:37) 27-J.Mason left end to MIN 41 for -4 yards (56-E.Cooper, 51-D.Dennis-Sutton).",MIN,GB,RUSH,40,1,10,37,0,3,3,3,1,10,45,3,-4,0,0,0,0,0,00-0037525,0,LE,00-0039850,00-0040877,,0,0,,,,,,,,,,,,,,,,,,,,0,,,,,,,0,,,,0,,,0,,,,0,,,0,,-1.198,,0,4
7031,1155376,(9:57) (Shotgun) 1-K.Murray scrambles left end ran ob at MIN 48 for 7 yards (2-B.Cisse).,MIN,GB,RUSH,40,1,9,57,0,3,3,3,2,14,41,3,7,0,0,1,0,0,00-0035228,0,LE,00-0041470,,,0,0,,,,,,,,,,,,,,,,,,,,0,,,,,,,0,,,,0,,,0,,,,0,,,0,,-0.004,00-0035228,0,5
7031,1155377,"(9:17) (Shotgun) PENALTY on MIN-75-B.O'Neill, False Start, 5 yards, enforced at MIN 48 - No Play.",MIN,GB,NOPL,20,1,9,17,0,3,3,3,3,7,48,3,0,0,0,1,0,0,,0,,,,,0,0,,,,,,,,,MIN,00-0034158,False Start,-5,NA,,,,,,,0,,,,,,,0,,,,0,,,0,,,,0,,,0,,-0.722,,0,
7031,1155378,"(8:57) (Shotgun) PENALTY on MIN-64-B.Brandel, False Start, 5 yards, enforced at MIN 43 - No Play.",MIN,GB,NOPL,14,1,8,57,0,3,3,3,3,12,43,3,0,0,0,1,0,0,,0,,,,,0,0,,,,,,,,,MIN,00-0036347,False Start,-5,NA,,,,,,,0,,,,,,,0,,,,0,,,0,,,,0,,,0,,-0.439,,0,
7031,1155379,(8:43) (Shotgun) 1-K.Murray pass short right to 87-T.Hockenson to MIN 45 for 7 yards (29-X.McKinney).,MIN,GB,PASS,30,1,8,43,0,3,3,3,3,17,38,2,7,0,0,1,0,0,,0,,,,00-0035228,1,0,SR,00-0035229,,-5,00-0036388,,,,,,,,,,,,,,,0,,,,,,,0,,,,0,,,0,,,,0,,,0,,-0.768,00-0035228,0,5
7031,1155380,"(8:13) 19-B.Thorson punts 36 yards to GB 19, Center-42-A.DePaola, fair catch by 23-S.Moore.",MIN,GB,PUNT,17,1,8,13,0,3,3,3,4,10,45,3,0,0,0,0,0,0,,0,,,,,0,0,,,,,,,,,,,,,,,,,,,,0,,,,,,,0,00-0041581,36,36,0,00-0038090,0,1,,,,0,,,0,,-0.349,,0,
7031,1155381,"(7:56) (Shotgun) 10-J.Love pass short right to 18-J.Smith to GB 23 for 4 yards (7-B.Murphy). Minnesota challenged the pass completion ruling, and the play was REVERSED. (Shotgun) 10-J.Love pass incomplete short right to 18-J.Smith (7-B.Murphy).",GB,MIN,PASS,2,1,7,56,3,0,3,3,1,10,19,1,0,0,0,1,0,0,,0,,,,00-0036264,0,0,SR,00-0033858,00-0035236,4,,,,,,,,,,,,,,,,0,,,,,,,0,,,,0,,,0,,,,0,,,0,,-0.652,00-0036264,0,4
7031,1155382,"(7:54) (Shotgun) 10-J.Love pass deep middle to 9-C.Watson for 81 yards, TOUCHDOWN. MIN-2-I.Rodgers was injured during the play.",GB,MIN,PASS,11,1,7,54,3,0,3,3,2,10,19,1,81,1,1,1,0,6,,0,,,,00-0036264,1,0,DM,00-0038124,,16,,,,,,,,,,,,,,,,0,,,,,,,0,,,,0,,,0,,,,0,,,1,REC,7.049,00-0036264,0,5
7031,1155383,"28-T.Smack extra point is No Good, Wide Right, Center-42-M.Orzech, Holder-19-D.Whelan.",GB,MIN,FGXP,0,1,7,43,9,0,3,3,0,0,85,5,0,0,0,0,0,0,,0,,,,,0,0,,,,,,,,,,,,,,,,,,,,0,,,,XP,00-0040899,33,0,,,,0,,,0,,,,0,,,0,,-0.949,,0,
7031,1155384,28-T.Smack kicks 61 yards from GB 35 to MIN 4. 4-M.Price to MIN 30 for 26 yards (99-B.Sorrell).,MIN,GB,KOFF,5,1,7,43,0,9,3,3,0,0,65,4,0,1,0,0,0,0,,0,,,,,0,0,,,,,,,,,,,,,,,,,,,,0,,,,,,,0,,,,0,,,0,00-0040899,61,35,0,00-0040506,26,0,,0.296,,0,
7031,1155385,(7:38) 27-J.Mason right end to MIN 31 for 1 yard (95-D.Wyatt).,MIN,GB,RUSH,40,1,7,38,0,9,3,3,1,10,30,2,1,0,0,0,0,0,00-0037525,0,RE,00-0037075,,,0,0,,,,,,,,,,,,,,,,,,,,0,,,,,,,0,,,,0,,,0,,,,0,,,0,,-0.553,,0,4
7031,1155386,(6:58) (Shotgun) 1-K.Murray pass short left to 18-J.Jefferson to MIN 33 for 2 yards (7-J.Bullard).,MIN,GB,PASS,42,1,6,58,0,9,3,3,2,9,31,2,2,0,0,1,0,0,,0,,,,00-0035228,1,0,SL,00-0036322,,-3,00-0039867,,,,,,,,,,,,,,,0,,,,,,,0,,,,0,,,0,,,,0,,,0,,-0.564,00-0035228,0,5
7031,1155387,"(6:16) (Shotgun) 1-K.Murray scrambles right end to MIN 35 for 2 yards (90-L.Van Ness). MIN-1-K.Murray was injured during the play. PENALTY on GB-7-J.Bullard, Unnecessary Roughness, 15 yards, enforced at MIN 35.",MIN,GB,RUSH,18,1,6,16,0,9,3,3,3,7,33,2,2,1,1,1,0,0,00-0035228,0,RE,00-0039112,,,0,0,,,,,,,,,GB,00-0039867,Unnecessary Roughness,15,NA,,,,,,,0,,,,,,,0,,,,0,,,0,,,,0,,,0,,2.295,00-0035228,0,5
7031,1155388,(5:58) 27-J.Mason right tackle to GB 46 for 4 yards (57-B.Cox).,MIN,GB,RUSH,45,1,5,58,0,9,3,3,1,10,50,3,4,0,0,0,0,0,00-0037525,0,RT,00-0038463,,,0,0,,,,,,,,,,,,,,,,,,,,0,,,,,,,0,,,,0,,,0,,,,0,,,0,,-0.229,,0,4
7031,1155389,(5:13) 11-C.Wentz pass incomplete deep right to 18-J.Jefferson.,MIN,GB,PASS,5,1,5,13,0,9,3,3,2,6,54,3,0,0,0,0,0,0,,0,,,,00-0032950,0,0,DR,00-0036322,,16,,,,,,,,,,,,,,,,0,,,,,,,0,,,,0,,,0,,,,0,,,0,,-0.868,00-0032950,0,4
7031,1155390,(5:08) (Shotgun) 11-C.Wentz pass short right to 18-J.Jefferson pushed ob at GB 37 for 9 yards (25-K.Nixon).,MIN,GB,PASS,36,1,5,8,0,9,3,3,3,6,54,3,9,1,1,1,0,0,,0,,,,00-0032950,1,0,SR,00-0036322,,9,00-0035133,,,,,,,,,,,,,,,0,,,,,,,0,,,,0,,,0,,,,0,,,0,,1.835,00-0032950,0,5
7031,1155391,(4:32) (Shotgun) 33-A.Jones up the middle to GB 29 for 8 yards (33-E.Williams).,MIN,GB,RUSH,41,1,4,32,0,9,3,3,1,10,63,4,8,1,0,1,0,0,00-0033293,0,RM,00-0039813,,,0,0,,,,,,,,,,,,,,,,,,,,0,,,,,,,0,,,,0,,,0,,,,0,,,0,,0.484,,0,4
7031,1155392,(3:51) 33-A.Jones left guard to GB 25 for 4 yards (95-D.Wyatt).,MIN,GB,RUSH,44,1,3,51,0,9,3,3,2,2,71,4,4,1,1,0,0,0,00-0033293,0,LG,00-0037075,,,0,0,,,,,,,,,,,,,,,,,,,,0,,,,,,,0,,,,0,,,0,,,,0,,,0,,0.283,,0,4
7031,1155393,(3:07) 27-J.Mason left end pushed ob at GB 21 for 4 yards (33-E.Williams).,MIN,GB,RUSH,36,1,3,7,0,9,3,3,1,10,75,4,4,0,0,0,0,0,00-0037525,0,LE,00-0039813,,,0,0,,,,,,,,,,,,,,,,,,,,0,,,,,,,0,,,,0,,,0,,,,0,,,0,,-0.121,,0,4
7031,1155394,(2:31) (Shotgun) 11-C.Wentz scrambles up the middle to GB 20 for 1 yard (57-B.Cox).,MIN,GB,RUSH,45,1,2,31,0,9,3,3,2,6,79,4,1,0,0,1,0,0,00-0032950,0,RM,00-0038463,,,0,0,,,,,,,,,,,,,,,,,,,,0,,,,,,,0,,,,0,,,0,,,,0,,,0,,-0.479,00-0032950,0,5
7031,1155395,(1:46) (Shotgun) 11-C.Wentz pass incomplete short left to 3-J.Addison.,MIN,GB,PASS,4,1,1,46,0,9,3,3,3,5,80,5,0,0,0,1,0,0,,0,,,,00-0032950,0,0,SL,00-0038994,,11,,,,,,,,,,,,,,,,0,,,,,,,0,,,,0,,,0,,,,0,,,0,,-1.62,00-0032950,1,5
7031,1155396,"(1:42) 16-W.Reichard 38 yard field goal is GOOD, Center-42-A.DePaola, Holder-19-B.Thorson.",MIN,GB,FGXP,4,1,1,42,0,9,3,3,4,5,80,5,0,1,0,0,0,3,,0,,,,,0,0,,,,,,,,,,,,,,,,,,,,0,,,,FG,00-0039404,38,1,,,,0,,,0,,,,0,,,0,,0.56,,0,
7031,1155397,16-W.Reichard kicks 64 yards from MIN 35 to GB 1. 16-B.Melton pushed ob at MIN 40 for 59 yards (23-J.Pierre).,GB,MIN,KOFF,8,1,1,38,9,3,3,3,0,0,65,4,0,1,0,0,0,0,,0,,,,,0,0,,,,,,,,,,,,,,,,,,,,0,,,,,,,0,,,,0,,,0,00-0039404,64,5,0,00-0037091,59,0,,2.247,,0,
7031,1155398,(1:30) 71-A.Belton reported in as eligible. 32-M.Lloyd left tackle to MIN 35 for 5 yards (61-J.Redmond). ** Injury Update: MIN-2-I.Rodgers has returned to the game.,GB,MIN,RUSH,37,1,1,30,9,3,3,3,1,10,60,4,5,1,0,0,0,0,00-0039811,0,LT,00-0038778,,,0,0,,,,,,,,,,,,,,,,,,,,0,,,,,,,0,,,,0,,,0,,,,0,,,0,,0.029,,0,4
7031,1155399,(:53) 32-M.Lloyd left end to MIN 37 for -2 yards (0-I.Pace).,GB,MIN,RUSH,21,1,0,53,9,3,3,3,2,5,65,4,-2,0,0,0,0,0,00-0039811,0,LE,00-0038807,,,0,0,,,,,,,,,,,,,,,,,,,,0,,,,,,,0,,,,0,,,0,,,,0,,,0,,-1.226,,0,4
7031,1155400,"(:32) (No Huddle, Shotgun) 10-J.Love pass short left to 9-C.Watson to MIN 27 for 10 yards (7-B.Murphy).",GB,MIN,PASS,23,1,0,32,9,3,3,3,3,7,63,4,10,1,1,1,1,0,,0,,,,00-0036264,1,0,SL,00-0038124,,5,00-0035236,,,,,,,,,,,,,,,0,,,,,,,0,,,,0,,,0,,,,0,,,0,,2.116,00-0036264,0,4
7031,1155401,(:09) (No Huddle) 10-J.Love pass incomplete short right to 0-M.Golden.,GB,MIN,PASS,2,1,0,9,9,3,3,3,1,10,73,4,0,0,0,0,1,0,,0,,,,00-0036264,0,0,SR,00-0040667,,6,,,,,,,,,,,,,,,,0,,,,,,,0,,,,0,,,0,,,,0,,,0,,-0.476,00-0036264,0,4
7031,1155402,(:07) (Shotgun) 32-M.Lloyd left tackle to MIN 26 for 1 yard (61-J.Redmond).,GB,MIN,RUSH,7,1,0,7,9,3,3,3,2,10,73,4,1,0,0,1,0,0,00-0039811,0,LT,00-0038778,,,0,0,,,,,,,,,,,,,,,,,,,,0,,,,,,,0,,,,0,,,0,,,,0,,,0,,-0.619,,0,5
7031,1155403,(15:00) (Shotgun) 10-J.Love pass short right to 9-C.Watson to MIN 20 for 6 yards (2-I.Rodgers).,GB,MIN,PASS,50,2,15,0,9,3,3,3,3,9,74,4,6,0,0,1,0,0,,0,,,,00-0036264,1,0,SR,00-0038124,,6,00-0036222,,,,,,,,,,,,,,,0,,,,,,,0,,,,0,,,0,,,,0,,,0,,-0.688,00-0036264,0,5
7031,1155404,"(14:10) (Shotgun) PENALTY on GB-10-J.Love, False Start, 5 yards, enforced at MIN 20 - No Play.",GB,MIN,NOPL,14,2,14,10,9,3,3,3,4,3,80,5,0,0,0,1,0,0,,0,,,,,0,0,,,,,,,,,GB,00-0036264,False Start,-5,NA,,,,,,,0,,,,,,,0,,,,0,,,0,,,,0,,,0,,-0.456,,0,
7031,1155405,"(13:56) 28-T.Smack 43 yard field goal is GOOD, Center-42-M.Orzech, Holder-19-D.Whelan.",GB,MIN,FGXP,4,2,13,56,9,3,3,3,4,8,75,4,0,1,0,0,0,3,,0,,,,,0,0,,,,,,,,,,,,,,,,,,,,0,,,,FG,00-0040899,43,1,,,,0,,,0,,,,0,,,0,,0.945,,0,
7031,1155406,28-T.Smack kicks 59 yards from GB 35 to MIN 6. 4-M.Price ran ob at MIN 40 for 34 yards (21-B.St-Juste).,MIN,GB,KOFF,6,2,13,52,3,12,3,3,0,0,65,4,0,1,0,0,0,0,,0,,,,,0,0,,,,,,,,,,,,,,,,,,,,0,,,,,,,0,,,,0,,,0,00-0040899,59,25,0,00-0040506,34,0,,0.786,,0,
7031,1155407,(13:46) 27-J.Mason right guard to MIN 48 for 8 yards (33-E.Williams).,MIN,GB,RUSH,40,2,13,46,3,12,3,3,1,10,40,3,8,1,0,0,0,0,00-0037525,0,RG,00-0039813,,,0,0,,,,,,,,,,,,,,,,,,,,0,,,,,,,0,,,,0,,,0,,,,0,,,0,,0.563,,0,5
7031,1155408,(13:06) (Shotgun) 27-J.Mason up the middle to MIN 49 for 1 yard (95-D.Wyatt).,MIN,GB,RUSH,26,2,13,6,3,12,3,3,2,2,48,3,1,0,0,1,0,0,00-0037525,0,RM,00-0037075,,,0,0,,,,,,,,,,,,,,,,,,,,0,,,,,,,0,,,,0,,,0,,,,0,,,0,,-0.449,,0,5
7031,1155409,(12:40) (No Huddle) 11-C.Wentz up the middle to 50 for 1 yard (90-L.Van Ness).,MIN,GB,RUSH,30,2,12,40,3,12,3,3,3,1,49,3,1,1,1,0,1,0,00-0032950,0,RM,00-0039112,,,0,0,,,,,,,,,,,,,,,,,,,,0,,,,,,,0,,,,0,,,0,,,,0,,,0,,0.524,,0,5
7031,1155410,"(12:10) (No Huddle, Shotgun) 27-J.Mason right guard to GB 49 for 1 yard (44-Z.Franklin; 55-C.McClellan).",MIN,GB,RUSH,44,2,12,10,3,12,3,3,1,10,50,3,1,0,0,1,1,0,00-0037525,0,RG,00-0034431,00-0040869,,0,0,,,,,,,,,,,,,,,,,,,,0,,,,,,,0,,,,0,,,0,,,,0,,,0,,-0.517,,0,5
7031,1155411,(11:26) (Shotgun) 11-C.Wentz pass incomplete short middle to 33-A.Jones.,MIN,GB,PASS,5,2,11,26,3,12,3,3,2,9,51,3,0,0,0,1,0,0,,0,,,,00-0032950,0,0,SM,00-0033293,,4,,,,,,,,,,,,,,,,0,,,,,,,0,,,,0,,,0,,,,0,,,0,,-0.884,00-0032950,0,5
7031,1155412,(11:21) (Shotgun) 11-C.Wentz pass short right to 31-D.Dallas to GB 48 for 1 yard (56-E.Cooper).,MIN,GB,PASS,41,2,11,21,3,12,3,3,3,9,51,3,1,0,0,1,0,0,,0,,,,00-0032950,1,0,SR,00-0036425,,1,00-0039850,,,,,,,,,,,,,,,0,,,,,,,0,,,,0,,,0,,,,0,,,0,,-1.625,00-0032950,1,5
7031,1155413,"(10:40) 19-B.Thorson punts 34 yards to GB 14, Center-42-A.DePaola, fair catch by 23-S.Moore.",MIN,GB,PUNT,6,2,10,40,3,12,3,3,4,8,52,3,0,0,0,0,0,0,,0,,,,,0,0,,,,,,,,,,,,,,,,,,,,0,,,,,,,0,00-0041581,34,34,0,00-0038090,0,1,,,,0,,,0,,-0.385,,0,
7031,1155414,(10:34) 10-J.Love pass deep left to 85-T.Kraft to GB 44 for 30 yards (7-B.Murphy) [50-L.Rodriguez].,GB,MIN,PASS,41,2,10,34,12,3,3,3,1,10,14,1,30,1,1,0,0,0,,0,,,,00-0036264,1,0,DL,00-0038996,,20,00-0035236,,,,,,,,,,,,,,,0,,,,,,,0,,,,0,,,0,,,,0,,,0,,1.858,00-0036264,0,4
7031,1155415,(9:53) 32-M.Lloyd right tackle to GB 46 for 2 yards (55-E.Wilson).,GB,MIN,RUSH,35,2,9,53,12,3,3,3,1,10,44,3,2,0,0,0,0,0,00-0039811,0,RT,00-0033336,,,0,0,,,,,,,,,,,,,,,,,,,,0,,,,,,,0,,,,0,,,0,,,,0,,,0,,-0.428,,0,4
7031,1155416,(9:18) 10-J.Love pass incomplete deep left to 11-J.Reed.,GB,MIN,PASS,3,2,9,18,12,3,3,3,2,8,46,3,0,0,0,0,0,0,,0,,,,00-0036264,0,0,DL,00-0039146,,18,,,,,,,,,,,,,,,,0,,,,,,,0,,,,0,,,0,,,,0,,,0,,-0.826,00-0036264,0,4
7031,1155417,(9:15) (Shotgun) 10-J.Love pass short left to 0-M.Golden to MIN 49 for 5 yards (2-I.Rodgers).,GB,MIN,PASS,47,2,9,15,12,3,3,3,3,8,46,3,5,0,0,1,0,0,,0,,,,00-0036264,1,0,SL,00-0040667,,3,00-0036222,,,,,,,,,,,,,,,0,,,,,,,0,,,,0,,,0,,,,0,,,0,,-1.015,00-0036264,0,5
7031,1155418,"(8:28) 19-D.Whelan punts 45 yards to MIN 4, Center-42-M.Orzech, downed by GB-16-B.Melton.",GB,MIN,PUNT,8,2,8,28,12,3,3,3,4,3,51,3,0,0,0,0,0,0,,0,,,,,0,0,,,,,,,,,,,,,,,,,,,,0,,,,,,,0,00-0037547,45,45,0,,0,0,,,,0,,,0,,-0.165,,0,
7031,1155419,(8:20) 33-A.Jones up the middle to MIN 10 for 6 yards (96-J.Ford). The player down by contact was assisted by replay.,MIN,GB,RUSH,41,2,8,20,3,12,3,3,1,10,4,1,6,1,0,0,0,0,00-0033293,0,RM,00-0037094,,,0,0,,,,,,,,,,,,,,,,,,,,0,,,,,,,0,,,,0,,,0,,,,0,,,0,,0.274,,0,4
7031,1155420,(7:39) 33-A.Jones left end to MIN 10 for no gain (90-L.Van Ness).,MIN,GB,RUSH,46,2,7,39,3,12,3,3,2,4,10,1,0,0,0,0,0,0,00-0033293,0,LE,00-0039112,,,0,0,,,,,,,,,,,,,,,,,,,,0,,,,,,,0,,,,0,,,0,,,,0,,,0,,-0.904,,0,4
7031,1155421,(6:53) (Shotgun) 11-C.Wentz sacked at MIN 5 for -5 yards (90-L.Van Ness).,MIN,GB,PASS,45,2,6,53,3,12,3,3,3,4,10,1,-5,0,0,1,0,0,,0,,,,,0,0,,,,,,,00-0039112,,,,,,,,,,,,,0,,,,,,,0,,,,0,,,0,,,,0,,,0,,-1.64,00-0032950,0,5
7031,1155422,"(6:08) 19-B.Thorson punts 43 yards to MIN 48, Center-42-A.DePaola. 23-S.Moore to MIN 36 for 12 yards (42-A.DePaola; 29-Jac.Thomas).",MIN,GB,PUNT,12,2,6,8,3,12,3,3,4,9,5,1,0,0,0,0,0,0,,0,,,,,0,0,,,,,,,,,,,,,,,,,,,,0,,,,,,,0,00-0041581,43,31,0,00-0038090,12,0,,,,0,,,0,,-1.419,,0,
7031,1155423,"(5:56) PENALTY on GB-67-D.Jennings, False Start, 5 yards, enforced at MIN 36 - No Play.",GB,MIN,NOPL,0,2,5,56,12,3,3,3,1,10,64,4,0,0,0,0,0,0,,0,,,,,0,0,,,,,,,,,GB,00-0039272,False Start,-5,NA,,,,,,,0,,,,,,,0,,,,0,,,0,,,,0,,,0,,-0.684,,0,
7031,1155424,(5:56) 10-J.Love pass incomplete short right [15-D.Turner].,GB,MIN,PASS,4,2,5,56,12,3,3,3,1,15,59,3,0,0,0,0,0,0,,0,,,,00-0036264,0,0,SR,,,-9,,,,,,,,,,,,,,,,0,,,,,,,0,,,,0,,,0,,,,0,,,0,,-0.523,00-0036264,0,4
7031,1155425,"(5:52) (Shotgun) 30-C.Brooks right end to MIN 37 for 4 yards (7-B.Murphy). PENALTY on GB-75-S.Rhyan, Offensive Holding, 10 yards, enforced at MIN 41 - No Play.",GB,MIN,NOPL,18,2,5,52,12,3,3,3,2,15,59,3,0,0,0,1,0,0,,0,,,,,0,0,,,,,,,,,GB,00-0037076,Offensive Holding,-10,NA,,,,,,,0,,,,,,,0,,,,0,,,0,,,,0,,,0,,-0.617,,0,5
7031,1155426,(5:34) (Shotgun) 10-J.Love pass incomplete short left to 30-C.Brooks [55-E.Wilson].,GB,MIN,PASS,3,2,5,34,12,3,3,3,2,25,49,3,0,0,0,1,0,0,,0,,,,00-0036264,0,0,SL,00-0038685,,-6,,,,,,,,,,,,,,,,0,,,,,,,0,,,,0,,,0,,,,0,,,0,,-0.907,00-0036264,0,5
7031,1155427,(5:31) (Shotgun) 10-J.Love pass incomplete short left to 11-J.Reed.,GB,MIN,PASS,3,2,5,31,12,3,3,3,3,25,49,3,0,0,0,1,0,0,,0,,,,00-0036264,0,0,SL,00-0039146,,4,,,,,,,,,,,,,,,,0,,,,,,,0,,,,0,,,0,,,,0,,,0,,-0.982,00-0036264,0,5
7031,1155428,"(5:28) 19-D.Whelan punts 49 yards to MIN 2, Center-42-M.Orzech. 4-M.Price ran ob at MIN 15 for 13 yards (58-I.McDuffie).",GB,MIN,PUNT,10,2,5,28,12,3,3,3,4,25,49,3,0,0,0,0,0,0,,0,,,,,0,0,,,,,,,,,,,,,,,,,,,,0,,,,,,,0,00-0037547,49,36,0,00-0040506,13,0,,,,0,,,0,,-0.257,,0,
7031,1155429,(5:18) 11-C.Wentz sacked at MIN 7 for -8 yards (sack split by 25-K.Nixon and 96-J.Ford).,MIN,GB,PASS,42,2,5,18,3,12,3,3,1,10,15,1,-8,0,0,0,0,0,,0,,,,,0,0,,,,,,,00-0035133,00-0037094,,,,,,,,,,,,0,,,,,,,0,,,,0,,,0,,,,0,,,0,,-1.378,00-0032950,0,4
7031,1155430,"(4:36) (Shotgun) PENALTY on GB-57-B.Cox, Neutral Zone Infraction, 5 yards, enforced at MIN 7 - No Play.",MIN,GB,NOPL,22,2,4,36,3,12,3,3,2,18,7,1,0,1,0,1,0,0,,0,,,,,0,0,,,,,,,,,GB,00-0038463,Neutral Zone Infraction,5,NA,,,,,,,0,,,,,,,0,,,,0,,,0,,,,0,,,0,,0.484,,0,
7031,1155431,(4:14) (Shotgun) 11-C.Wentz pass short middle to 87-T.Hockenson to MIN 17 for 5 yards (44-Z.Franklin).,MIN,GB,PASS,31,2,4,14,3,12,3,3,2,13,12,1,5,0,0,1,0,0,,0,,,,00-0032950,1,0,SM,00-0035229,,4,00-0034431,,,,,,,,,,,,,,,0,,,,,,,0,,,,0,,,0,,,,0,,,0,,-0.181,00-0032950,1,5
7031,1155432,"(3:43) (No Huddle, Shotgun) 11-C.Wentz pass short middle to 18-J.Jefferson to MIN 34 for 17 yards (33-E.Williams). PENALTY on GB-33-E.Williams, Unnecessary Roughness, 15 yards, enforced at MIN 34.",MIN,GB,PASS,21,2,3,43,3,12,3,3,3,8,17,1,17,1,1,1,1,0,,0,,,,00-0032950,1,0,SM,00-0036322,,15,00-0039813,,,,GB,00-0039813,Unnecessary Roughness,15,NA,,,,,,,0,,,,,,,0,,,,0,,,0,,,,0,,,0,,3.117,00-0032950,0,5
7031,1155433,(3:22) 27-J.Mason right guard to GB 47 for 4 yards (94-K.Brooks; 44-Z.Franklin).,MIN,GB,RUSH,42,2,3,22,3,12,3,3,1,10,49,3,4,0,0,0,0,0,00-0037525,0,RG,00-0038398,00-0034431,,0,0,,,,,,,,,,,,,,,,,,,,0,,,,,,,0,,,,0,,,0,,,,0,,,0,,-0.084,,0,5
7031,1155434,(2:40) (Shotgun) 11-C.Wentz pass incomplete short right to 84-J.Oliver.,MIN,GB,PASS,3,2,2,40,3,12,3,3,2,6,53,3,0,0,0,1,0,0,,0,,,,00-0032950,0,0,SR,00-0035249,,-4,,,,,,,,,,,,,,,,0,,,,,,,0,,,,0,,,0,,,,0,,,0,,-0.609,00-0032950,0,5
7031,1155435,(2:37) (Shotgun) 11-C.Wentz pass short middle to 87-T.Hockenson to GB 39 for 8 yards (33-E.Williams).,MIN,GB,PASS,35,2,2,37,3,12,3,3,3,6,53,3,8,1,1,1,0,0,,0,,,,00-0032950,1,0,SM,00-0035229,,8,00-0039813,,,,,,,,,,,,,,,0,,,,,,,0,,,,0,,,0,,,,0,,,0,,1.505,00-0032950,1,5
7031,1155436,"(2:02) (No Huddle, Shotgun) 11-C.Wentz pass deep left to 18-J.Jefferson for 39 yards, TOUCHDOWN. Penalty on GB-90-L.Van Ness, Defensive Offside, declined.",MIN,GB,PASS,7,2,2,2,3,12,3,3,1,10,61,4,39,1,1,1,1,6,,0,,,,00-0032950,1,0,DL,00-0036322,,39,,,,,,,,,,,,,,,,0,,,,,,,0,,,,0,,,0,,,,0,,,1,REC,3.797,00-0032950,0,5
7031,1155437,"16-W.Reichard extra point is GOOD, Center-42-A.DePaola, Holder-19-B.Thorson.",MIN,GB,FGXP,0,2,1,55,9,12,3,3,0,0,85,5,0,1,0,0,0,1,,0,,,,,0,0,,,,,,,,,,,,,,,,,,,,0,,,,XP,00-0039404,33,1,,,,0,,,0,,,,0,,,0,,0.051,,0,
7031,1155438,16-W.Reichard kicks 63 yards from MIN 35 to GB 2. 16-B.Melton to GB 26 for 24 yards (31-D.Dallas).,GB,MIN,KOFF,6,2,1,55,12,10,3,3,0,0,65,4,0,1,0,0,0,0,,0,,,,,0,0,,,,,,,,,,,,,,,,,,,,0,,,,,,,0,,,,0,,,0,00-0039404,63,39,0,00-0037091,24,0,,0.012,,0,
7031,1155439,(1:49) (Shotgun) 30-C.Brooks left guard to GB 28 for 2 yards (50-L.Rodriguez).,GB,MIN,RUSH,30,2,1,49,12,10,3,3,1,10,26,2,2,0,0,1,0,0,00-0038685,0,LG,00-0039421,,,0,0,,,,,,,,,,,,,,,,,,,,0,,,,,,,0,,,,0,,,0,,,,0,,,0,,-0.222,,0,5
7031,1155440,"(1:19) (No Huddle, Shotgun) 10-J.Love pass short left to 85-T.Kraft to MIN 49 for 23 yards (7-B.Murphy).",GB,MIN,PASS,32,2,1,19,12,10,3,3,2,8,28,2,23,1,1,1,1,0,,0,,,,00-0036264,1,0,SL,00-0038996,,14,00-0035236,,,,,,,,,,,,,,,0,,,,,,,0,,,,0,,,0,,,,0,,,0,,1.396,00-0036264,0,5
7031,1155441,"(:47) (No Huddle, Shotgun) 10-J.Love pass incomplete deep right to 9-C.Watson [22-H.Smith].",GB,MIN,PASS,6,2,0,47,12,10,3,3,1,10,51,3,0,0,0,1,1,0,,0,,,,00-0036264,0,0,DR,00-0038124,,42,,,,,,,,,,,,,,,,0,,,,,,,0,,,,0,,,0,,,,0,,,0,,-0.263,00-0036264,0,5
7031,1155442,(:41) (Shotgun) 10-J.Love pass short left to 16-B.Melton ran ob at MIN 39 for 10 yards [15-D.Turner].,GB,MIN,PASS,5,2,0,41,12,10,3,3,2,10,51,3,10,1,1,1,0,0,,0,,,,00-0036264,1,0,SL,00-0037091,,10,,,,,,,,,,,,,,,,0,,,,,,,0,,,,0,,,0,,,,0,,,0,,0.996,00-0036264,0,5
7031,1155443,"(:36) (Shotgun) 10-J.Love pass deep left to 9-C.Watson to MIN 7 for 32 yards (7-B.Murphy). Penalty on MIN-7-B.Murphy, Defensive Pass Interference, declined.",GB,MIN,PASS,6,2,0,36,12,10,3,3,1,10,61,4,32,1,1,1,0,0,,0,,,,00-0036264,1,0,DL,00-0038124,,32,00-0035236,,,,,,,,,,,,,,,0,,,,,,,0,,,,0,,,0,,,,0,,,0,,2.311,00-0036264,0,5
7031,1155444,(:30) (Shotgun) 30-C.Brooks right guard to MIN 2 for 5 yards (51-B.Cashman).,GB,MIN,RUSH,12,2,0,30,12,10,3,3,1,7,93,5,5,1,0,1,0,0,00-0038685,0,RG,00-0035276,,,0,0,,,,,,,,,,,,,,,,,,,,0,,,,,,,0,,,,0,,,0,,,,0,,,0,,0.276,,0,4
7031,1155445,Timeout #1 by GB at 00:18.,NA,NA,NOPL,0,2,0,18,0,0,0,0,0,0,NA,1,0,0,0,0,0,0,,0,,,,,0,0,,,,,,,,,,,,,,,,,,,,0,,,,,,,0,,,,0,,,0,,,,0,,,0,,0,,0,
7031,1155446,"(:18) 10-J.Love pass short right to 9-C.Watson for 2 yards, TOUCHDOWN.",GB,MIN,PASS,4,2,0,18,12,10,2,3,2,2,98,5,2,1,1,0,0,6,,0,,,,00-0036264,1,0,SR,00-0038124,,2,,,,,,,,,,,,,,,,0,,,,,,,0,,,,0,,,0,,,,0,,,1,REC,1.599,00-0036264,0,4
7031,1155447,"28-T.Smack extra point is GOOD, Center-42-M.Orzech, Holder-19-D.Whelan.",GB,MIN,FGXP,0,2,0,14,18,10,2,3,0,0,85,5,0,1,0,0,0,1,,0,,,,,0,0,,,,,,,,,,,,,,,,,,,,0,,,,XP,00-0040899,33,1,,,,0,,,0,,,,0,,,0,,0.051,,0,
7031,1155448,28-T.Smack kicks 55 yards from GB 35 to MIN 10. 4-M.Price to MIN 32 for 22 yards (58-I.McDuffie; 31-N.Niemann).,MIN,GB,KOFF,5,2,0,14,10,19,3,2,0,0,65,4,0,0,0,0,0,0,,0,,,,,0,0,,,,,,,,,,,,,,,,,,,,0,,,,,,,0,,,,0,,,0,00-0040899,55,33,0,00-0040506,22,0,,-0.237,,0,
7031,1155449,(:09) 11-C.Wentz kneels to MIN 31 for -1 yards.,MIN,GB,RUSH,9,2,0,9,10,19,3,2,1,10,32,2,-1,0,0,0,0,0,00-0032950,1,,,,,0,0,,,,,,,,,,,,,,,,,,,,0,,,,,,,0,,,,0,,,0,,,,0,,,0,,0,,0,
7031,1155450,"16-W.Reichard kicks 63 yards from MIN 35 to GB 2. 16-B.Melton to GB 24 for 22 yards (29-Jac.Thomas). PENALTY on GB-51-D.Dennis-Sutton, Offensive Holding, 10 yards, enforced at GB 24.",GB,MIN,KOFF,6,3,15,0,19,10,3,3,0,0,65,4,0,0,0,0,0,0,,0,,,,,0,0,,,,,,,,,GB,00-0040877,Offensive Holding,-10,NA,,,,,,,0,,,,,,,0,,,,0,,,0,00-0039404,63,41,0,00-0037091,22,0,,-0.806,,0,
7031,1155451,(14:54) (Shotgun) 32-M.Lloyd left end to GB 26 for 12 yards (26-T.Jackson).,GB,MIN,RUSH,41,3,14,54,19,10,3,3,1,10,14,1,12,1,1,1,0,0,00-0039811,0,LE,00-0037301,,,0,0,,,,,,,,,,,,,,,,,,,,0,,,,,,,0,,,,0,,,0,,,,0,,,0,,0.89,,0,4
7031,1155452,(14:13) 10-J.Love pass short left to 85-T.Kraft to GB 38 for 12 yards (7-B.Murphy).,GB,MIN,PASS,40,3,14,13,19,10,3,3,1,10,26,2,12,1,1,0,0,0,,0,,,,00-0036264,1,0,SL,00-0038996,,11,00-0035236,,,,,,,,,,,,,,,0,,,,,,,0,,,,0,,,0,,,,0,,,0,,0.77,00-0036264,0,4
7031,1155453,"(13:33) 30-C.Brooks up the middle to GB 37 for -1 yards (51-B.Cashman, 61-J.Redmond).",GB,MIN,RUSH,46,3,13,33,19,10,3,3,1,10,38,2,-1,0,0,0,0,0,00-0038685,0,RM,00-0035276,00-0038778,,0,0,,,,,,,,,,,,,,,,,,,,0,,,,,,,0,,,,0,,,0,,,,0,,,0,,-0.797,,0,4
7031,1155454,(12:47) 10-J.Love pass incomplete deep right.,GB,MIN,PASS,6,3,12,47,19,10,3,3,2,11,37,2,0,0,0,0,0,0,,0,,,,00-0036264,0,0,DR,,,24,,,,,,,,,,,,,,,,0,,,,,,,0,,,,0,,,0,,,,0,,,0,,-0.907,00-0036264,0,5
7031,1155455,(12:41) (Shotgun) 30-C.Brooks left end to GB 38 for 1 yard (15-D.Turner).,GB,MIN,RUSH,32,3,12,41,19,10,3,3,3,11,37,2,1,0,0,1,0,0,00-0038685,0,LE,00-0039924,,,0,0,,,,,,,,,,,,,,,,,,,,0,,,,,,,0,,,,0,,,0,,,,0,,,0,,-1.219,,0,5
7031,1155456,"(12:09) 19-D.Whelan punts 22 yards to MIN 40, Center-42-M.Orzech, out of bounds.",GB,MIN,PUNT,6,3,12,9,19,10,3,3,4,10,38,2,0,0,0,0,0,0,,0,,,,,0,0,,,,,,,,,,,,,,,,,,,,0,,,,,,,0,00-0037547,22,22,0,,0,0,,,,0,,,0,,-1.532,,0,
7031,1155457,(12:03) 11-C.Wentz pass incomplete short right to 84-J.Oliver [25-K.Nixon].,MIN,GB,PASS,3,3,12,3,10,19,3,3,1,10,40,3,0,0,0,0,0,0,,0,,,,00-0032950,0,0,SR,00-0035249,,0,,,,,,,,,,,,,,,,0,,,,,,,0,,,,0,,,0,,,,0,,,0,,-0.542,00-0032950,0,4
7031,1155458,(12:00) 33-A.Jones up the middle to MIN 44 for 4 yards (99-B.Sorrell).,MIN,GB,RUSH,47,3,12,0,10,19,3,3,2,10,40,3,4,0,0,0,0,0,00-0033293,0,RM,00-0040010,,,0,0,,,,,,,,,,,,,,,,,,,,0,,,,,,,0,,,,0,,,0,,,,0,,,0,,-0.514,,0,5
7031,1155459,(11:13) (Shotgun) 11-C.Wentz pass incomplete deep right to 3-J.Addison.,MIN,GB,PASS,6,3,11,13,10,19,3,3,3,6,44,3,0,0,0,1,0,0,,0,,,,00-0032950,0,0,DR,00-0038994,,16,,,,,,,,,,,,,,,,0,,,,,,,0,,,,0,,,0,,,,0,,,0,,-1.658,00-0032950,0,5
7031,1155460,"(11:07) 19-B.Thorson punts 48 yards to GB 8, Center-42-A.DePaola. 23-S.Moore pushed ob at GB 13 for 5 yards (41-J.Golday). ** Injury Update: GB-81-J.Whyle has returned to the game.",MIN,GB,PUNT,12,3,11,7,10,19,3,3,4,6,44,3,0,0,0,0,0,0,,0,,,,,0,0,,,,,,,,,,,,,,,,,,,,0,,,,,,,0,00-0041581,48,43,0,00-0038090,5,0,,,,0,,,0,,-0.092,,0,
7031,1155461,(10:55) 71-A.Belton reported in as eligible. 10-J.Love pass short right to 0-M.Golden ran ob at GB 26 for 13 yards [15-D.Turner].,GB,MIN,PASS,29,3,10,55,19,10,3,3,1,10,13,1,13,1,1,0,0,0,,0,,,,00-0036264,1,0,SR,00-0040667,,13,,,,,,,,,,,,,,,,0,,,,,,,0,,,,0,,,0,,,,0,,,0,,0.891,00-0036264,0,4
7031,1155462,(10:26) (Shotgun) 32-M.Lloyd right guard to GB 32 for 6 yards (17-K.Van Noy).,GB,MIN,RUSH,37,3,10,26,19,10,3,3,1,10,26,2,6,1,0,1,0,0,00-0039811,0,RG,00-0031360,,,0,0,,,,,,,,,,,,,,,,,,,,0,,,,,,,0,,,,0,,,0,,,,0,,,0,,0.26,,0,4
7031,1155463,(9:49) 32-M.Lloyd right tackle to GB 36 for 4 yards (55-E.Wilson).,GB,MIN,RUSH,44,3,9,49,19,10,3,3,2,4,32,2,4,1,1,0,0,0,00-0039811,0,RT,00-0033336,,,0,0,,,,,,,,,,,,,,,,,,,,0,,,,,,,0,,,,0,,,0,,,,0,,,0,,0.402,,0,4
7031,1155464,(9:05) 32-M.Lloyd left end to GB 37 for 1 yard (43-A.Van Ginkel).,GB,MIN,RUSH,37,3,9,5,19,10,3,3,1,10,36,2,1,0,0,0,0,0,00-0039811,0,LE,00-0035272,,,0,0,,,,,,,,,,,,,,,,,,,,0,,,,,,,0,,,,0,,,0,,,,0,,,0,,-0.557,,0,4
7031,1155465,(8:28) 30-C.Brooks left end to GB 42 for 5 yards (7-B.Murphy).,GB,MIN,RUSH,25,3,8,28,19,10,3,3,2,9,37,2,5,0,0,0,0,0,00-0038685,0,LE,00-0035236,,,0,0,,,,,,,,,,,,,,,,,,,,0,,,,,,,0,,,,0,,,0,,,,0,,,0,,-0.164,,0,4
7031,1155466,"(8:03) (No Huddle, Shotgun) 10-J.Love pass short left to 11-J.Reed to GB 48 for 6 yards (7-B.Murphy).",GB,MIN,PASS,40,3,8,3,19,10,3,3,3,4,42,3,6,1,1,1,1,0,,0,,,,00-0036264,1,0,SL,00-0039146,,6,00-0035236,,,,,,,,,,,,,,,0,,,,,,,0,,,,0,,,0,,,,0,,,0,,1.512,00-0036264,0,4
7031,1155467,(7:23) 32-M.Lloyd left tackle to 50 for 2 yards (51-B.Cashman).,GB,MIN,RUSH,36,3,7,23,19,10,3,3,1,10,48,3,2,0,0,0,0,0,00-0039811,0,LT,00-0035276,,,0,0,,,,,,,,,,,,,,,,,,,,0,,,,,,,0,,,,0,,,0,,,,0,,,0,,-0.473,,0,4
7031,1155468,(6:47) 10-J.Love pass deep right to 18-J.Smith to MIN 7 for 43 yards (2-I.Rodgers).,GB,MIN,PASS,48,3,6,47,19,10,3,3,2,8,50,3,43,1,1,0,0,0,,0,,,,00-0036264,1,0,DR,00-0033858,,19,00-0036222,,,,,,,,,,,,,,,0,,,,,,,0,,,,0,,,0,,,,0,,,0,,3.483,00-0036264,0,4
7031,1155469,"(5:59) 32-M.Lloyd left tackle to MIN 8 for -1 yards (90-T.Ingram-Dawkins, 50-L.Rodriguez).",GB,MIN,RUSH,39,3,5,59,19,10,3,3,1,7,93,5,-1,0,0,0,0,0,00-0039811,0,LT,00-0040173,00-0039421,,0,0,,,,,,,,,,,,,,,,,,,,0,,,,,,,0,,,,0,,,0,,,,0,,,0,,-0.692,,0,4
7031,1155470,(5:20) (Shotgun) 10-J.Love pass incomplete short left to 0-M.Golden.,GB,MIN,PASS,5,3,5,20,19,10,3,3,2,8,92,5,0,0,0,1,0,0,,0,,,,00-0036264,0,0,SL,00-0040667,,8,,,,,,,,,,,,,,,,0,,,,,,,0,,,,0,,,0,,,,0,,,0,,-0.715,00-0036264,0,4
7031,1155471,Timeout #1 by MIN at 05:15.,NA,NA,NOPL,0,3,5,15,0,0,0,0,0,0,NA,1,0,0,0,0,0,0,,0,,,,,0,0,,,,,,,,,,,,,,,,,,,,0,,,,,,,0,,,,0,,,0,,,,0,,,0,,0,,0,
7031,1155472,(5:15) (Shotgun) 10-J.Love pass incomplete short right to 11-J.Reed [51-B.Cashman].,GB,MIN,PASS,3,3,5,15,19,10,3,2,3,8,92,5,0,0,0,1,0,0,,0,,,,00-0036264,0,0,SR,00-0039146,,4,,,,,,,,,,,,,,,,0,,,,,,,0,,,,0,,,0,,,,0,,,0,,-1.216,00-0036264,0,4
7031,1155473,"(5:12) 28-T.Smack 26 yard field goal is GOOD, Center-42-M.Orzech, Holder-19-D.Whelan.",GB,MIN,FGXP,3,3,5,12,19,10,3,2,4,8,92,5,0,1,0,0,0,3,,0,,,,,0,0,,,,,,,,,,,,,,,,,,,,0,,,,FG,00-0040899,26,1,,,,0,,,0,,,,0,,,0,,0.054,,0,
7031,1155474,28-T.Smack kicks 61 yards from GB 35 to MIN 4. 4-M.Price to GB 28 for 68 yards (54-K.Welch).,MIN,GB,KOFF,10,3,5,9,10,22,2,3,0,0,65,4,0,1,0,0,0,0,,0,,,,,0,0,,,,,,,,,,,,,,,,,,,,0,,,,,,,0,,,,0,,,0,00-0040899,61,-7,0,00-0040506,68,0,,2.851,,0,
7031,1155475,(4:59) (Shotgun) 11-C.Wentz pass short middle to 84-J.Oliver to GB 19 for 9 yards (56-E.Cooper).,MIN,GB,PASS,36,3,4,59,10,22,2,3,1,10,72,4,9,1,0,1,0,0,,0,,,,00-0032950,1,0,SM,00-0035249,,4,00-0039850,,,,,,,,,,,,,,,0,,,,,,,0,,,,0,,,0,,,,0,,,0,,0.691,00-0032950,0,4
7031,1155476,(4:23) 27-J.Mason up the middle to GB 19 for no gain (56-E.Cooper).,MIN,GB,RUSH,41,3,4,23,10,22,2,3,2,1,81,5,0,0,0,0,0,0,00-0037525,0,RM,00-0039850,,,0,0,,,,,,,,,,,,,,,,,,,,0,,,,,,,0,,,,0,,,0,,,,0,,,0,,-0.515,,0,4
7031,1155477,(3:42) 33-A.Jones left guard to GB 18 for 1 yard (56-E.Cooper).,MIN,GB,RUSH,44,3,3,42,10,22,2,3,3,1,81,5,1,1,1,0,0,0,00-0033293,0,LG,00-0039850,,,0,0,,,,,,,,,,,,,,,,,,,,0,,,,,,,0,,,,0,,,0,,,,0,,,0,,0.543,,0,4
7031,1155478,(2:58) (Shotgun) 11-C.Wentz pass incomplete short left to 87-T.Hockenson (2-B.Cisse).,MIN,GB,PASS,5,3,2,58,10,22,2,3,1,10,82,5,0,0,0,1,0,0,,0,,,,00-0032950,0,0,SL,00-0035229,00-0041470,-6,,,,,,,,,,,,,,,,0,,,,,,,0,,,,0,,,0,,,,0,,,0,,-0.48,00-0032950,0,5
7031,1155479,(2:53) 33-A.Jones right guard to GB 16 for 2 yards (98-J.Hargrave).,MIN,GB,RUSH,42,3,2,53,10,22,2,3,2,10,82,5,2,0,0,0,0,0,00-0033293,0,RG,00-0033109,,,0,0,,,,,,,,,,,,,,,,,,,,0,,,,,,,0,,,,0,,,0,,,,0,,,0,,-0.755,,0,5
7031,1155480,"(2:11) (Shotgun) 11-C.Wentz pass deep middle to 87-T.Hockenson for 16 yards, TOUCHDOWN.",MIN,GB,PASS,3,3,2,11,10,22,2,3,3,8,84,5,16,1,1,1,0,6,,0,,,,00-0032950,1,0,DM,00-0035229,,16,,,,,,,,,,,,,,,,0,,,,,,,0,,,,0,,,0,,,,0,,,1,REC,3.096,00-0032950,0,5
7031,1155481,"16-W.Reichard extra point is GOOD, Center-42-A.DePaola, Holder-19-B.Thorson.",MIN,GB,FGXP,0,3,2,8,16,22,2,3,0,0,85,5,0,1,0,0,0,1,,0,,,,,0,0,,,,,,,,,,,,,,,,,,,,0,,,,XP,00-0039404,33,1,,,,0,,,0,,,,0,,,0,,0.051,,0,
7031,1155482,16-W.Reichard kicks 61 yards from MIN 35 to GB 4. 26-K.Johnson to GB 29 for 25 yards (0-I.Pace).,GB,MIN,KOFF,4,3,2,8,22,17,3,2,0,0,65,4,0,1,0,0,0,0,,0,,,,,0,0,,,,,,,,,,,,,,,,,,,,0,,,,,,,0,,,,0,,,0,00-0039404,61,36,0,00-0040142,25,0,,0.261,,0,
7031,1155483,(2:04) (Shotgun) 32-M.Lloyd left end to GB 35 for 6 yards (7-B.Murphy; 51-B.Cashman).,GB,MIN,RUSH,40,3,2,4,22,17,3,2,1,10,29,2,6,1,0,1,0,0,00-0039811,0,LE,00-0035236,00-0035276,,0,0,,,,,,,,,,,,,,,,,,,,0,,,,,,,0,,,,0,,,0,,,,0,,,0,,0.059,,0,4
7031,1155484,(1:24) 10-J.Love pass short right to 0-M.Golden to GB 42 for 7 yards (61-J.Redmond).,GB,MIN,PASS,42,3,1,24,22,17,3,2,2,4,35,2,7,1,1,0,0,0,,0,,,,00-0036264,1,0,SR,00-0040667,,1,00-0038778,,,,,,,,,,,,,,,0,,,,,,,0,,,,0,,,0,,,,0,,,0,,0.63,00-0036264,0,4
7031,1155485,(:42) 10-J.Love sacked at GB 32 for -10 yards (50-L.Rodriguez).,GB,MIN,PASS,42,3,0,42,22,17,3,2,1,10,42,3,-10,0,0,0,0,0,,0,,,,,0,0,,,,,,,00-0039421,,,,,,,,,,,,,0,,,,,,,0,,,,0,,,0,,,,0,,,0,,-1.443,00-0036264,0,5
7031,1155486,(15:00) (Shotgun) 10-J.Love pass deep middle to 0-M.Golden to MIN 26 for 42 yards (44-J.Metellus).,GB,MIN,PASS,48,4,15,0,22,17,3,2,2,20,32,2,42,1,1,1,0,0,,0,,,,00-0036264,1,0,DM,00-0040667,,20,00-0036348,,,,,,,,,,,,,,,0,,,,,,,0,,,,0,,,0,,,,0,,,0,,3.49,00-0036264,0,5
7031,1155487,(14:12) 71-A.Belton reported in as eligible. 32-M.Lloyd left tackle to MIN 22 for 4 yards (51-B.Cashman).,GB,MIN,RUSH,40,4,14,12,22,17,3,2,1,10,74,4,4,0,0,0,0,0,00-0039811,0,LT,00-0035276,,,0,0,,,,,,,,,,,,,,,,,,,,0,,,,,,,0,,,,0,,,0,,,,0,,,0,,-0.156,,0,4
7031,1155488,(13:32) 10-J.Love pass incomplete short right to 85-T.Kraft.,GB,MIN,PASS,7,4,13,32,22,17,3,2,2,6,78,4,0,0,0,0,0,0,,0,,,,00-0036264,0,0,SR,00-0038996,,1,,,,,,,,,,,,,,,,0,,,,,,,0,,,,0,,,0,,,,0,,,0,,-0.636,00-0036264,0,4
7031,1155489,(13:25) (Shotgun) 10-J.Love pass incomplete short middle to 0-M.Golden.,GB,MIN,PASS,4,4,13,25,22,17,3,2,3,6,78,4,0,0,0,1,0,0,,0,,,,00-0036264,0,0,SM,00-0040667,,9,,,,,,,,,,,,,,,,0,,,,,,,0,,,,0,,,0,,,,0,,,0,,-1.217,00-0036264,0,5
7031,1155490,"(13:21) 28-T.Smack 40 yard field goal is GOOD, NULLIFIED by Penalty, Center-42-M.Orzech, Holder-19-D.Whelan. PENALTY on MIN-15-D.Turner, Defensive Offside, 5 yards, enforced at MIN 22 - No Play.",GB,MIN,NOPL,4,4,13,21,22,17,3,2,4,6,78,4,0,1,0,0,0,0,,0,,,,,0,0,,,,,,,,,MIN,00-0039924,Defensive Offside,5,NA,,,,,,,0,,,,,,,0,,,,0,,,0,,,,0,,,0,,1.016,,0,
7031,1155491,(13:17) 10-J.Love right guard to MIN 17 for no gain (97-D.Orange). (Virtual Measurement).,GB,MIN,RUSH,6,4,13,17,22,17,3,2,4,1,83,5,0,0,0,0,0,0,00-0036264,0,RG,00-0041046,,,0,0,,,,,,,,,,,,,,,,,,,,0,,,,,,,0,,,,0,,,0,,,,0,,,0,,-4.352,,0,4
7031,1155492,"(13:11) PENALTY on GB-96-J.Ford, Encroachment, 5 yards, enforced at MIN 17 - No Play.",MIN,GB,NOPL,0,4,13,11,17,22,2,3,1,10,17,1,0,1,0,0,0,0,,0,,,,,0,0,,,,,,,,,GB,00-0037094,Encroachment,5,NA,,,,,,,0,,,,,,,0,,,,0,,,0,,,,0,,,0,,0.552,,0,
7031,1155493,(13:11) (Shotgun) 11-C.Wentz pass short left to 84-J.Oliver to MIN 35 for 13 yards (29-X.McKinney).,MIN,GB,PASS,42,4,13,11,17,22,2,3,1,5,22,2,13,1,1,1,0,0,,0,,,,00-0032950,1,0,SL,00-0035249,,13,00-0036388,,,,,,,,,,,,,,,0,,,,,,,0,,,,0,,,0,,,,0,,,0,,0.431,00-0032950,0,4
7031,1155494,(12:29) 33-A.Jones left tackle to MIN 40 for 5 yards (96-J.Ford).,MIN,GB,RUSH,44,4,12,29,17,22,2,3,1,10,35,2,5,0,0,0,0,0,00-0033293,0,LT,00-0037094,,,0,0,,,,,,,,,,,,,,,,,,,,0,,,,,,,0,,,,0,,,0,,,,0,,,0,,-0.007,,0,4
7031,1155495,(11:45) 11-C.Wentz sacked at MIN 34 for -6 yards (56-E.Cooper).,MIN,GB,PASS,42,4,11,45,17,22,2,3,2,5,40,3,-6,0,0,0,0,0,,0,,,,,0,0,,,,,,,00-0039850,,,,,,,,,,,,,0,,,,,,,0,,,,0,,,0,,,,0,,,0,,-1.659,00-0032950,0,4
7031,1155496,"(11:03) (Shotgun) 11-C.Wentz sacked at MIN 24 for -10 yards (sack split by 56-E.Cooper and 95-D.Wyatt). PENALTY on GB-7-J.Bullard, Illegal Contact, 5 yards, enforced at MIN 34 - No Play.",MIN,GB,NOPL,21,4,11,3,17,22,2,3,3,11,34,2,0,1,1,1,0,0,,0,,,,00-0032950,0,0,,,,0,,,,,GB,00-0039867,Illegal Contact,5,NA,,,,,,,0,,,,,,,0,,,,0,,,0,,,,0,,,0,,1.987,00-0032950,1,5
7031,1155497,(10:42) 27-J.Mason up the middle to MIN 44 for 5 yards (44-Z.Franklin).,MIN,GB,RUSH,41,4,10,42,17,22,2,3,1,10,39,2,5,0,0,0,0,0,00-0037525,0,RM,00-0034431,,,0,0,,,,,,,,,,,,,,,,,,,,0,,,,,,,0,,,,0,,,0,,,,0,,,0,,-0.069,,0,5
7031,1155498,(10:01) (Shotgun) 11-C.Wentz pass short right to 18-J.Jefferson to MIN 46 for 2 yards (25-K.Nixon; 56-E.Cooper).,MIN,GB,PASS,49,4,10,1,17,22,2,3,2,5,44,3,2,0,0,1,0,0,,0,,,,00-0032950,1,0,SR,00-0036322,,-2,00-0035133,00-0039850,,,,,,,,,,,,,,0,,,,,,,0,,,,0,,,0,,,,0,,,0,,-0.531,00-0032950,0,5
7031,1155499,"(9:12) (Shotgun) 11-C.Wentz pass incomplete short middle to 87-T.Hockenson (55-C.McClellan). PENALTY on GB-55-C.McClellan, Roughing the Passer, 15 yards, enforced at MIN 46 - No Play.",MIN,GB,NOPL,3,4,9,12,17,22,2,3,3,3,46,3,0,1,1,1,0,0,,0,,,,00-0032950,0,0,,,,0,,,,,GB,00-0040869,Roughing the Passer,15,NA,,,,,,,0,,,,,,,0,,,,0,,,0,,,,0,,,0,,1.865,00-0032950,0,5
7031,1155500,(9:09) 27-J.Mason left end to GB 11 for 28 yards (33-E.Williams).,MIN,GB,RUSH,49,4,9,9,17,22,2,3,1,10,61,4,28,1,1,0,0,0,00-0037525,0,LE,00-0039813,,,0,0,,,,,,,,,,,,,,,,,,,,0,,,,,,,0,,,,0,,,0,,,,0,,,0,,1.674,,0,4
7031,1155501,(8:20) 11-C.Wentz pass short right to 18-J.Jefferson to GB 6 for 5 yards (57-B.Cox).,MIN,GB,PASS,44,4,8,20,17,22,2,3,1,10,89,5,5,1,0,0,0,0,,0,,,,00-0032950,1,0,SR,00-0036322,,-1,00-0038463,,,,,,,,,,,,,,,0,,,,,,,0,,,,0,,,0,,,,0,,,0,,0.19,00-0032950,0,4
7031,1155502,(7:36) 27-J.Mason right guard to GB 6 for no gain (96-J.Ford).,MIN,GB,RUSH,47,4,7,36,17,22,2,3,2,5,94,5,0,0,0,0,0,0,00-0037525,0,RG,00-0037094,,,0,0,,,,,,,,,,,,,,,,,,,,0,,,,,,,0,,,,0,,,0,,,,0,,,0,,-0.963,,0,4
7031,1155503,"(6:49) (Shotgun) 11-C.Wentz pass short middle intended for 3-J.Addison INTERCEPTED by 33-E.Williams [98-J.Hargrave] at GB -4. 33-E.Williams to GB 13 for 17 yards (33-A.Jones). PENALTY on GB-29-X.McKinney, Defensive Holding, 3 yards, enforced at GB 6 - No Play.",MIN,GB,NOPL,7,4,6,49,17,22,2,3,3,5,94,5,0,1,1,1,0,0,,0,,,,00-0032950,0,0,,,,0,,,,,GB,00-0036388,Defensive Holding,3,NA,,,,,,,0,,,,,,,0,,,,0,,,0,,,,0,,,0,,1.731,00-0032950,0,5
7031,1155504,"(6:42) 33-A.Jones left end for 3 yards, TOUCHDOWN.",MIN,GB,RUSH,5,4,6,42,17,22,2,3,1,3,97,5,3,1,1,0,0,6,00-0033293,0,LE,,,,0,0,,,,,,,,,,,,,,,,,,,,0,,,,,,,0,,,,0,,,0,,,,0,,,1,RUSH,0.912,,0,4
7031,1155505,TWO-POINT CONVERSION ATTEMPT. 11-C.Wentz pass to 18-J.Jefferson is complete. ATTEMPT SUCCEEDS.,MIN,GB,PASS,0,4,6,37,23,22,2,3,0,0,98,5,2,1,0,0,0,2,,0,,,,00-0032950,0,0,,00-0036322,,0,,,,,,,,,,,,,,,,0,,,,,,,0,,,,0,,,0,,,,0,,,0,,1.053,00-0032950,1,5
7031,1155506,16-W.Reichard kicks 62 yards from MIN 35 to GB 3. 26-K.Johnson to GB 30 for 27 yards (0-I.Pace).,GB,MIN,KOFF,4,4,6,37,22,25,3,2,0,0,65,4,0,1,0,0,0,0,,0,,,,,0,0,,,,,,,,,,,,,,,,,,,,0,,,,,,,0,,,,0,,,0,00-0039404,62,35,0,00-0040142,27,0,,0.366,,0,
7031,1155507,"(6:33) 32-M.Lloyd up the middle to GB 27 for -3 yards (51-B.Cashman, 90-T.Ingram-Dawkins).",GB,MIN,RUSH,41,4,6,33,22,25,3,2,1,10,30,2,-3,0,0,0,0,0,00-0039811,0,RM,00-0035276,00-0040173,,0,0,,,,,,,,,,,,,,,,,,,,0,,,,,,,0,,,,0,,,0,,,,0,,,0,,-1.331,,0,4
7031,1155508,"(5:52) (Shotgun) 10-J.Love sacked at GB 18 for -9 yards (15-D.Turner). FUMBLES (15-D.Turner) [15-D.Turner], recovered by GB-50-Z.Bako-Bewele at GB 16. 50-Z.Bako-Bewele to GB 23 for 7 yards (97-D.Orange).",GB,MIN,PASS,51,4,5,52,22,25,3,2,2,13,27,2,-4,0,0,1,0,0,,0,,,,,0,0,,,,,,,00-0039924,,,,,,,,,00-0036264,00-0037817,0,00-0039924,0,,,,,,,0,,,,0,,,0,,,,0,,,0,,-1.009,00-0036264,0,4
7031,1155509,"(5:01) (Shotgun) 10-J.Love sacked at GB 11 for -12 yards (sack split by 43-A.Van Ginkel and 51-B.Cashman). FUMBLES (43-A.Van Ginkel) [51-B.Cashman], RECOVERED by MIN-43-A.Van Ginkel at GB 8. 43-A.Van Ginkel to GB 1 for 7 yards (50-Z.Bako-Bewele).",GB,MIN,PASS,9,4,5,1,22,25,3,2,3,17,23,2,-15,0,0,1,0,0,,0,,,,,0,0,,,,,,,00-0035272,00-0035276,,,,,,,,00-0036264,00-0035272,7,00-0035272,1,,,,,,,0,,,,0,,,0,,,,0,,,0,,-5.844,00-0036264,1,5
7031,1155510,"(4:52) 27-J.Mason right guard for 1 yard, TOUCHDOWN. Penalty on GB-99-B.Sorrell, Defensive Offside, declined.",MIN,GB,RUSH,4,4,4,52,25,22,2,3,1,1,99,5,1,1,1,0,0,6,00-0037525,0,RG,,,,0,0,,,,,,,,,,,,,,,,,,,,0,,,,,,,0,,,,0,,,0,,,,0,,,1,RUSH,0.562,,0,4
7031,1155511,"16-W.Reichard extra point is GOOD, Center-42-A.DePaola, Holder-19-B.Thorson.",MIN,GB,FGXP,0,4,4,48,31,22,2,3,0,0,85,5,0,1,0,0,0,1,,0,,,,,0,0,,,,,,,,,,,,,,,,,,,,0,,,,XP,00-0039404,33,1,,,,0,,,0,,,,0,,,0,,0.051,,0,
7031,1155512,16-W.Reichard kicks 59 yards from MIN 35 to GB 6. 16-B.Melton to GB 25 for 19 yards (29-Jac.Thomas). ** Injury Update: GB-16-B.Melton has returned to the game.,GB,MIN,KOFF,4,4,4,48,22,32,3,2,0,0,65,4,0,0,0,0,0,0,,0,,,,,0,0,,,,,,,,,,,,,,,,,,,,0,,,,,,,0,,,,0,,,0,00-0039404,59,40,0,00-0037091,19,0,,-0.019,,0,
7031,1155513,(4:44) (Shotgun) 10-J.Love pass short middle to 11-J.Reed to GB 32 for 7 yards (23-J.Pierre).,GB,MIN,PASS,23,4,4,44,22,32,3,2,1,10,25,2,7,1,0,1,0,0,,0,,,,00-0036264,1,0,SM,00-0039146,,5,00-0035795,,,,,,,,,,,,,,,0,,,,,,,0,,,,0,,,0,,,,0,,,0,,0.471,00-0036264,0,5
7031,1155514,"(4:21) (No Huddle, Shotgun) 10-J.Love pass short middle intended for 9-C.Watson INTERCEPTED by 23-J.Pierre (22-H.Smith) at GB 42. 23-J.Pierre pushed ob at GB 14 for 28 yards (10-J.Love).",GB,MIN,PASS,8,4,4,21,22,32,3,2,2,3,32,2,0,0,0,1,1,0,,0,,,,00-0036264,0,0,SM,00-0038124,00-0029606,10,00-0036264,,,,,,,,,00-0035795,28,,,,,0,,,,,,,0,,,,0,,,0,,,,0,,,0,,-6.609,00-0036264,0,5
7031,1155515,(4:13) 33-A.Jones up the middle to GB 12 for 2 yards (29-X.McKinney).,MIN,GB,RUSH,4,4,4,13,32,22,2,3,1,10,86,5,2,0,0,0,0,0,00-0033293,0,RM,00-0036388,,,0,0,,,,,,,,,,,,,,,,,,,,0,,,,,,,0,,,,0,,,0,,,,0,,,0,,-0.466,,0,4
7031,1155516,Timeout #1 by GB at 04:09.,NA,NA,NOPL,0,4,4,9,0,0,0,0,0,0,NA,1,0,0,0,0,0,0,,0,,,,,0,0,,,,,,,,,,,,,,,,,,,,0,,,,,,,0,,,,0,,,0,,,,0,,,0,,0,,0,
7031,1155517,(4:09) 27-J.Mason left end to GB 9 for 3 yards (94-K.Brooks; 33-E.Williams).,MIN,GB,RUSH,6,4,4,9,32,22,2,2,2,8,88,5,3,0,0,0,0,0,00-0037525,0,LE,00-0038398,00-0039813,,0,0,,,,,,,,,,,,,,,,,,,,0,,,,,,,0,,,,0,,,0,,,,0,,,0,,-0.427,,0,4
7031,1155518,Timeout #2 by GB at 04:03.,NA,NA,NOPL,0,4,4,3,0,0,0,0,0,0,NA,1,0,0,0,0,0,0,,0,,,,,0,0,,,,,,,,,,,,,,,,,,,,0,,,,,,,0,,,,0,,,0,,,,0,,,0,,0,,0,
7031,1155519,"(4:03) 11-C.Wentz pass short right to 18-J.Jefferson for 9 yards, TOUCHDOWN.",MIN,GB,PASS,8,4,4,3,32,22,2,1,3,5,91,5,9,1,1,0,0,6,,0,,,,00-0032950,1,0,SR,00-0036322,,-2,,,,,,,,,,,,,,,,0,,,,,,,0,,,,0,,,0,,,,0,,,1,REC,2.945,00-0032950,0,4
7031,1155520,"16-W.Reichard extra point is GOOD, Center-42-A.DePaola, Holder-19-B.Thorson.",MIN,GB,FGXP,0,4,3,55,38,22,2,1,0,0,85,5,0,1,0,0,0,1,,0,,,,,0,0,,,,,,,,,,,,,,,,,,,,0,,,,XP,00-0039404,33,1,,,,0,,,0,,,,0,,,0,,0.051,,0,
7031,1155521,"16-W.Reichard kicks 65 yards from MIN 35 to end zone, Touchback to the GB 35.",GB,MIN,KOFF,0,4,3,55,22,39,1,2,0,0,65,4,0,1,0,0,0,0,,0,,,,,0,0,,,,,,,,,,,,,,,,,,,,0,,,,,,,0,,,,0,,,0,00-0039404,65,65,1,,0,0,,0.579,,0,
7031,1155522,(3:55) (Shotgun) 10-J.Love pass incomplete short left to 0-M.Golden.,GB,MIN,PASS,3,4,3,55,22,39,1,2,1,10,35,2,0,0,0,1,0,0,,0,,,,00-0036264,0,0,SL,00-0040667,,11,,,,,,,,,,,,,,,,0,,,,,,,0,,,,0,,,0,,,,0,,,0,,-0.535,00-0036264,0,5
7031,1155523,(3:52) (Shotgun) 10-J.Love pass short middle to 9-C.Watson to MIN 49 for 16 yards (44-J.Metellus).,GB,MIN,PASS,22,4,3,52,22,39,1,2,2,10,35,2,16,1,1,1,0,0,,0,,,,00-0036264,1,0,SM,00-0038124,,14,00-0036348,,,,,,,,,,,,,,,0,,,,,,,0,,,,0,,,0,,,,0,,,0,,1.365,00-0036264,0,5
7031,1155524,"(3:30) (No Huddle, Shotgun) 10-J.Love sacked at GB 46 for -5 yards (43-A.Van Ginkel). The player down by contact was assisted by replay.",GB,MIN,PASS,21,4,3,30,22,39,1,2,1,10,51,3,-5,0,0,1,1,0,,0,,,,,0,0,,,,,,,00-0035272,,,,,,,,,,,,,0,,,,,,,0,,,,0,,,0,,,,0,,,0,,-1.093,00-0036264,0,5
7031,1155525,(3:09) (Shotgun) 10-J.Love pass deep right to 0-M.Golden to MIN 34 for 20 yards (23-J.Pierre) [15-D.Turner].,GB,MIN,PASS,31,4,3,9,22,39,1,2,2,15,46,3,20,1,1,1,0,0,,0,,,,00-0036264,1,0,DR,00-0040667,,16,00-0035795,,,,,,,,,,,,,,,0,,,,,,,0,,,,0,,,0,,,,0,,,0,,1.87,00-0036264,1,5
7031,1155526,"(2:38) (No Huddle, Shotgun) 10-J.Love pass incomplete short right to 11-J.Reed.",GB,MIN,PASS,3,4,2,38,22,39,1,2,1,10,66,4,0,0,0,1,1,0,,0,,,,00-0036264,0,0,SR,00-0039146,,7,,,,,,,,,,,,,,,,0,,,,,,,0,,,,0,,,0,,,,0,,,0,,-0.469,00-0036264,0,5
7031,1155527,(2:35) (Shotgun) 10-J.Love pass short middle to 11-J.Reed to MIN 27 for 7 yards (23-J.Pierre).,GB,MIN,PASS,22,4,2,35,22,39,1,2,2,10,66,4,7,1,0,1,0,0,,0,,,,00-0036264,1,0,SM,00-0039146,,6,00-0035795,,,,,,,,,,,,,,,0,,,,,,,0,,,,0,,,0,,,,0,,,0,,0.306,00-0036264,0,5
7031,1155528,"(2:13) (No Huddle, Shotgun) 10-J.Love pass short middle to 18-J.Smith to MIN 20 for 7 yards (22-H.Smith).",GB,MIN,PASS,13,4,2,13,22,39,1,2,3,3,73,4,7,1,1,1,1,0,,0,,,,00-0036264,1,0,SM,00-0033858,,1,00-0029606,,,,,,,,,,,,,,,0,,,,,,,0,,,,0,,,0,,,,0,,,0,,1.132,00-0036264,0,5
7031,1155529,(2:00) (Shotgun) 10-J.Love pass incomplete deep left to 32-M.Lloyd (23-J.Pierre) [15-D.Turner].,GB,MIN,PASS,5,4,2,0,22,39,1,2,1,10,80,5,0,0,0,1,0,0,,0,,,,00-0036264,0,0,DL,00-0039811,00-0035795,18,,,,,,,,,,,,,,,,0,,,,,,,0,,,,0,,,0,,,,0,,,0,,-0.513,00-0036264,0,5
7031,1155530,(1:55) (Shotgun) 10-J.Love pass short right to 0-M.Golden to MIN 12 for 8 yards (44-J.Metellus).,GB,MIN,PASS,20,4,1,55,22,39,1,2,2,10,80,5,8,1,0,1,0,0,,0,,,,00-0036264,1,0,SR,00-0040667,,7,00-0036348,,,,,,,,,,,,,,,0,,,,,,,0,,,,0,,,0,,,,0,,,0,,0.546,00-0036264,0,5
7031,1155531,"(1:35) (No Huddle, Shotgun) 10-J.Love pass incomplete short middle to 0-M.Golden.",GB,MIN,PASS,4,4,1,35,22,39,1,2,3,2,88,5,0,0,0,1,1,0,,0,,,,00-0036264,0,0,SM,00-0040667,,12,,,,,,,,,,,,,,,,0,,,,,,,0,,,,0,,,0,,,,0,,,0,,-1.582,00-0036264,0,5
7031,1155532,(1:31) (Shotgun) 10-J.Love pass incomplete short middle to 23-S.Moore.,GB,MIN,PASS,3,4,1,31,22,39,1,2,4,2,88,5,0,0,0,1,0,0,,0,,,,00-0036264,0,0,SM,00-0038090,,12,,,,,,,,,,,,,,,,0,,,,,,,0,,,,0,,,0,,,,0,,,0,,-3.661,00-0036264,1,5
7031,1155533,(1:28) 27-J.Mason right tackle to MIN 15 for 3 yards (57-B.Cox).,MIN,GB,RUSH,38,4,1,28,39,22,2,1,1,10,12,1,3,0,0,0,0,0,00-0037525,0,RT,00-0038463,,,0,0,,,,,,,,,,,,,,,,,,,,0,,,,,,,0,,,,0,,,0,,,,0,,,0,,-0.639,,0,4
7031,1155534,(:50) 11-C.Wentz kneels to MIN 14 for -1 yards.,MIN,GB,RUSH,17,4,0,50,39,22,2,1,2,7,15,1,-1,0,0,0,0,0,00-0032950,1,,,,,0,0,,,,,,,,,,,,,,,,,,,,0,,,,,,,0,,,,0,,,0,,,,0,,,0,,0,,0,
7031,1155535,(:33) 11-C.Wentz kneels to MIN 13 for -1 yards.,MIN,GB,RUSH,0,4,0,33,39,22,2,1,3,8,14,1,-1,0,0,0,0,0,00-0032950,1,,,,,0,0,,,,,,,,,,,,,,,,,,,,0,,,,,,,0,,,,0,,,0,,,,0,,,0,,0,,0,
7032,1155536,4-J.Elliott kicks 62 yards from PHI 35 to WAS 3. 83-J.Lane to WAS 36 for 33 yards (35-M.Carter).,WAS,PHI,KOFF,7,1,15,0,0,0,3,3,0,0,65,4,0,1,0,0,0,0,,0,,,,,0,0,,,,,,,,,,,,,,,,,,,,0,,,,,,,0,,,,0,,,0,00-0033787,62,29,0,00-0040164,33,0,,0.772,,0,
7032,1155537,(14:53) 22-J.Croskey-Merritt left tackle to WAS 47 for 11 yards (29-M.Epps; 11-J.Campbell).,WAS,PHI,RUSH,42,1,14,53,0,0,3,3,1,10,36,2,11,1,1,0,0,0,00-0040242,0,LT,00-0034993,00-0040708,,0,0,,,,,,,,,,,,,,,,,,,,0,,,,,,,0,,,,0,,,0,,,,0,,,0,,0.79,,0,5
7032,1155538,(14:11) 1-R.White left tackle to WAS 47 for no gain (90-J.Davis).,WAS,PHI,RUSH,43,1,14,11,0,0,3,3,1,10,47,3,0,0,0,0,0,0,00-0037256,0,LT,00-0037073,,,0,0,,,,,,,,,,,,,,,,,,,,0,,,,,,,0,,,,0,,,0,,,,0,,,0,,-0.491,,0,4
7032,1155539,(13:28) (Shotgun) 5-J.Daniels pass incomplete short left to 17-T.McLaurin. The incomplete pass was assisted by replay.,WAS,PHI,PASS,3,1,13,28,0,0,3,3,2,10,47,3,0,0,0,1,0,0,,0,,,,00-0039910,0,0,SL,00-0035659,,3,,,,,,,,,,,,,,,,0,,,,,,,0,,,,0,,,0,,,,0,,,0,,-0.904,00-0039910,0,5
7032,1155540,"(13:25) (Shotgun) 5-J.Daniels pass short right to 3-S.Diggs to PHI 40 for 13 yards (29-M.Epps). Penalty on PHI-33-C.DeJean, Illegal Contact, declined.",WAS,PHI,PASS,26,1,13,25,0,0,3,3,3,10,47,3,13,1,1,1,0,0,,0,,,,00-0039910,1,0,SR,00-0031588,,12,00-0034993,,,,,,,,,,,,,,,0,,,,,,,0,,,,0,,,0,,,,0,,,0,,2.34,00-0039910,1,5
7032,1155541,(12:59) 5-J.Daniels pass incomplete short right.,WAS,PHI,PASS,8,1,12,59,0,0,3,3,1,10,60,4,0,0,0,0,0,0,,0,,,,00-0039910,0,0,SR,,,10,,,,,,,,,,,,,,,,0,,,,,,,0,,,,0,,,0,,,,0,,,0,,-0.566,00-0039910,0,4
7032,1155542,(12:51) (Shotgun) 22-J.Croskey-Merritt right guard to PHI 40 for no gain (90-J.Davis).,WAS,PHI,RUSH,43,1,12,51,0,0,3,3,2,10,60,4,0,0,0,1,0,0,00-0040242,0,RG,00-0037073,,,0,0,,,,,,,,,,,,,,,,,,,,0,,,,,,,0,,,,0,,,0,,,,0,,,0,,-0.864,,0,5
7032,1155543,(12:08) (Shotgun) 1-R.White up the middle to PHI 37 for 3 yards (3-N.Smith; 97-M.Ojomo).,WAS,PHI,RUSH,39,1,12,8,0,0,3,3,3,10,60,4,3,0,0,1,0,0,00-0037256,0,RM,00-0039013,00-0038412,,0,0,,,,,,,,,,,,,,,,,,,,0,,,,,,,0,,,,0,,,0,,,,0,,,0,,-1.242,,0,5
7032,1155544,"(11:29) 19-D.Stevens 55 yard field goal is GOOD, Center-69-T.Ott, Holder-10-T.Way.",WAS,PHI,FGXP,6,1,11,29,0,0,3,3,4,7,63,4,0,1,0,0,0,3,,0,,,,,0,0,,,,,,,,,,,,,,,,,,,,0,,,,FG,00-0041182,55,1,,,,0,,,0,,,,0,,,0,,2.395,,0,
7032,1155545,"19-D.Stevens kicks 65 yards from WAS 35 to end zone, Touchback to the PHI 35.",PHI,WAS,KOFF,0,1,11,23,0,3,3,3,0,0,65,4,0,1,0,0,0,0,,0,,,,,0,0,,,,,,,,,,,,,,,,,,,,0,,,,,,,0,,,,0,,,0,00-0041182,65,65,1,,0,0,,0.582,,0,
7032,1155546,(11:23) 1-J.Hurts pass incomplete short right to 26-S.Barkley.,PHI,WAS,PASS,5,1,11,23,0,3,3,3,1,10,35,2,0,0,0,0,0,0,,0,,,,00-0036389,0,0,SR,00-0034844,,4,,,,,,,,,,,,,,,,0,,,,,,,0,,,,0,,,0,,,,0,,,0,,-0.547,00-0036389,0,4
7032,1155547,(11:18) 26-S.Barkley right guard to PHI 40 for 5 yards (25-N.Cross; 97-T.Settle).,PHI,WAS,RUSH,44,1,11,18,0,3,3,3,2,10,35,2,5,0,0,0,0,0,00-0034844,0,RG,00-0037616,00-0034397,,0,0,,,,,,,,,,,,,,,,,,,,0,,,,,,,0,,,,0,,,0,,,,0,,,0,,-0.246,,0,4
7032,1155548,(10:34) (Shotgun) 1-J.Hurts scrambles left tackle ran ob at PHI 46 for 6 yards (0-M.Sainristil).,PHI,WAS,RUSH,37,1,10,34,0,3,3,3,3,5,40,3,6,1,1,1,0,0,00-0036389,0,LT,00-0039898,,,0,0,,,,,,,,,,,,,,,,,,,,0,,,,,,,0,,,,0,,,0,,,,0,,,0,,1.577,00-0036389,0,5
7032,1155549,(9:57) 26-S.Barkley left end to PHI 45 for -1 yards (98-O.Oweh).,PHI,WAS,RUSH,34,1,9,57,0,3,3,3,1,10,46,3,-1,0,0,0,0,0,00-0034844,0,LE,00-0036940,,,0,0,,,,,,,,,,,,,,,,,,,,0,,,,,,,0,,,,0,,,0,,,,0,,,0,,-0.814,,0,4
7032,1155550,(9:23) (Shotgun) 1-J.Hurts pass short left to 9-M.Lemon pushed ob at PHI 48 for 3 yards (2-A.Robertson).,PHI,WAS,PASS,36,1,9,23,0,3,3,3,2,11,45,3,3,0,0,1,0,0,,0,,,,00-0036389,1,0,SL,00-0040867,,2,00-0036375,,,,,,,,,,,,,,,0,,,,,,,0,,,,0,,,0,,,,0,,,0,,-0.5,00-0036389,0,5
7032,1155551,(8:47) (Shotgun) 1-J.Hurts pass incomplete short left to 13-D.Wicks (29-R.Douglas).,PHI,WAS,PASS,4,1,8,47,0,3,3,3,3,8,48,3,0,0,0,1,0,0,,0,,,,00-0036389,0,0,SL,00-0038393,00-0033551,5,,,,,,,,,,,,,,,,0,,,,,,,0,,,,0,,,0,,,,0,,,0,,-1.606,00-0036389,1,5
7032,1155552,"(8:43) 10-B.Mann punts 46 yards to WAS 6, Center-41-R.Underwood, out of bounds.",PHI,WAS,PUNT,10,1,8,43,0,3,3,3,4,8,48,3,0,1,0,0,0,0,,0,,,,,0,0,,,,,,,,,,,,,,,,,,,,0,,,,,,,0,00-0036313,46,46,0,,0,0,,,,0,,,0,,0.379,,0,
7032,1155553,(8:33) (Shotgun) 22-J.Croskey-Merritt left guard to WAS 6 for no gain (29-M.Epps).,WAS,PHI,RUSH,40,1,8,33,3,0,3,3,1,10,6,1,0,0,0,1,0,0,00-0040242,0,LG,00-0034993,,,0,0,,,,,,,,,,,,,,,,,,,,0,,,,,,,0,,,,0,,,0,,,,0,,,0,,-0.614,,0,5
7032,1155554,(7:53) (Shotgun) 5-J.Daniels pass incomplete short middle to 3-S.Diggs.,WAS,PHI,PASS,5,1,7,53,3,0,3,3,2,10,6,1,0,0,0,1,0,0,,0,,,,00-0039910,0,0,SM,00-0031588,,3,,,,,,,,,,,,,,,,0,,,,,,,0,,,,0,,,0,,,,0,,,0,,-0.673,00-0039910,0,5
7032,1155555,(7:48) (Shotgun) 5-J.Daniels pass incomplete deep right to 6-D.Brown.,WAS,PHI,PASS,6,1,7,48,3,0,3,3,3,10,6,1,0,0,0,1,0,0,,0,,,,00-0039910,0,0,DR,00-0036626,,45,,,,,,,,,,,,,,,,0,,,,,,,0,,,,0,,,0,,,,0,,,0,,-1.133,00-0039910,1,5
7032,1155556,"(7:42) 10-T.Way punts 54 yards to PHI 40, Center-69-T.Ott. 85-B.Covey to PHI 39 for -1 yards (18-T.Owens).",WAS,PHI,PUNT,10,1,7,42,3,0,3,3,4,10,6,1,0,1,0,0,0,0,,0,,,,,0,0,,,,,,,,,,,,,,,,,,,,0,,,,,,,0,00-0030140,54,55,0,00-0037132,-1,0,,,,0,,,0,,0.368,,0,
7032,1155557,"(7:32) 26-S.Barkley left end to PHI 44 for 5 yards (2-A.Robertson; 4-F.Luvu). PENALTY on PHI-51-C.Jurgens, Offensive Holding, 10 yards, enforced at PHI 40.",PHI,WAS,RUSH,25,1,7,32,0,3,3,3,1,10,39,2,1,0,0,0,0,0,00-0034844,0,LE,00-0036375,00-0034302,,0,0,,,,,,,,,PHI,00-0038112,Offensive Holding,-10,NA,,,,,,,0,,,,,,,0,,,,0,,,0,,,,0,,,0,,-0.842,,0,4
7032,1155558,(7:07) (Shotgun) 1-J.Hurts pass short right to 9-M.Lemon to PHI 25 for -5 yards (25-N.Cross).,PHI,WAS,PASS,42,1,7,7,0,3,3,3,1,19,30,2,-5,0,0,1,0,0,,0,,,,00-0036389,1,0,SR,00-0040867,,-5,00-0037616,,,,,,,,,,,,,,,0,,,,,,,0,,,,0,,,0,,,,0,,,0,,-1.097,00-0036389,0,5
7032,1155559,(6:25) (Shotgun) 1-J.Hurts pass short middle to 6-D.Smith to PHI 37 for 12 yards (20-Q.Martin).,PHI,WAS,PASS,44,1,6,25,0,3,3,3,2,24,25,2,12,1,0,1,0,0,,0,,,,00-0036389,1,0,SM,00-0036912,,11,00-0039149,,,,,,,,,,,,,,,0,,,,,,,0,,,,0,,,0,,,,0,,,0,,0.102,00-0036389,0,5
7032,1155560,(5:41) (Shotgun) 1-J.Hurts sacked at PHI 28 for -9 yards (4-F.Luvu).,PHI,WAS,PASS,32,1,5,41,0,3,3,3,3,12,37,2,-9,0,0,1,0,0,,0,,,,,0,0,,,,,,,00-0034302,,,,,,,,,,,,,0,,,,,,,0,,,,0,,,0,,,,0,,,0,,-1.653,00-0036389,1,5
7032,1155561,"(5:09) 10-B.Mann punts 64 yards to WAS 8, Center-41-R.Underwood. 83-J.Lane to WAS 22 for 14 yards (80-D.Cooper).",PHI,WAS,PUNT,12,1,5,9,0,3,3,3,4,21,28,2,0,1,0,0,0,0,,0,,,,,0,0,,,,,,,,,,,,,,,,,,,,0,,,,,,,0,00-0036313,64,50,0,00-0040164,14,0,,,,0,,,0,,0.695,,0,
7032,1155562,(4:57) 1-R.White left tackle to WAS 26 for 4 yards (3-N.Smith).,WAS,PHI,RUSH,42,1,4,57,3,0,3,3,1,10,22,2,4,1,0,0,0,0,00-0037256,0,LT,00-0039013,,,0,0,,,,,,,,,,,,,,,,,,,,0,,,,,,,0,,,,0,,,0,,,,0,,,0,,0.062,,0,4
7032,1155563,(4:15) 5-J.Daniels pass short left to 87-J.Bates to WAS 31 for 5 yards (57-A.Epenesa; 90-J.Davis).,WAS,PHI,PASS,44,1,4,15,3,0,3,3,2,6,26,2,5,1,0,0,0,0,,0,,,,00-0039910,1,0,SL,00-0036628,,-4,00-0036192,00-0037073,,,,,,,,,,,,,,0,,,,,,,0,,,,0,,,0,,,,0,,,0,,0.316,00-0039910,0,4
7032,1155564,(3:31) 71-A.Wylie reported in as eligible. 1-R.White up the middle to WAS 31 for no gain (98-J.Carter; 53-Z.Baun).,WAS,PHI,RUSH,42,1,3,31,3,0,3,3,3,1,31,2,0,0,0,0,0,0,00-0037256,0,RM,00-0038386,00-0036418,,0,0,,,,,,,,,,,,,,,,,,,,0,,,,,,,0,,,,0,,,0,,,,0,,,0,,-1.644,,0,4
7032,1155565,"(2:49) 10-T.Way punts 60 yards to PHI 9, Center-69-T.Ott. 85-B.Covey to PHI 24 for 15 yards (56-K.Medrano).",WAS,PHI,PUNT,11,1,2,49,3,0,3,3,4,1,31,2,0,0,0,0,0,0,,0,,,,,0,0,,,,,,,,,,,,,,,,,,,,0,,,,,,,0,00-0030140,60,45,0,00-0037132,15,0,,,,0,,,0,,-0.283,,0,
7032,1155566,(2:38) 26-S.Barkley right end to PHI 30 for 6 yards (0-M.Sainristil).,PHI,WAS,RUSH,41,1,2,38,0,3,3,3,1,10,24,2,6,1,0,0,0,0,00-0034844,0,RE,00-0039898,,,0,0,,,,,,,,,,,,,,,,,,,,0,,,,,,,0,,,,0,,,0,,,,0,,,0,,0.464,,0,4
7032,1155567,(1:57) 1-J.Hurts pass deep right to 13-D.Wicks to WAS 6 for 64 yards (39-J.Reaves).,PHI,WAS,PASS,55,1,1,57,0,3,3,3,2,4,30,2,64,1,1,0,0,0,,0,,,,00-0036389,1,0,DR,00-0038393,,43,00-0034465,,,,,,,,,,,,,,,0,,,,,,,0,,,,0,,,0,,,,0,,,0,,4.174,00-0036389,0,4
7032,1155568,Timeout #1 by PHI at 01:02.,NA,NA,NOPL,0,1,1,2,0,0,0,0,0,0,NA,1,0,0,0,0,0,0,,0,,,,,0,0,,,,,,,,,,,,,,,,,,,,0,,,,,,,0,,,,0,,,0,,,,0,,,0,,0,,0,
7032,1155569,"(1:02) 26-S.Barkley left tackle to WAS 2 for 4 yards (4-F.Luvu). PENALTY on PHI-51-C.Jurgens, Offensive Holding, 10 yards, enforced at WAS 6 - No Play.",PHI,WAS,NOPL,23,1,1,2,0,3,2,3,1,6,94,5,0,0,0,0,0,0,,0,,,,,0,0,,,,,,,,,PHI,00-0038112,Offensive Holding,-10,NA,,,,,,,0,,,,,,,0,,,,0,,,0,,,,0,,,0,,-1.315,,0,4
7032,1155570,(:39) (Shotgun) 26-S.Barkley up the middle to WAS 18 for -2 yards (99-J.Kinlaw).,PHI,WAS,RUSH,39,1,0,39,0,3,2,3,1,16,84,5,-2,0,0,1,0,0,00-0034844,0,RM,00-0036260,,,0,0,,,,,,,,,,,,,,,,,,,,0,,,,,,,0,,,,0,,,0,,,,0,,,0,,-0.699,,0,4
7032,1155571,(15:00) (Shotgun) 26-S.Barkley right tackle to WAS 17 for 1 yard (25-N.Cross).,PHI,WAS,RUSH,43,2,15,0,0,3,2,3,2,18,82,5,1,0,0,1,0,0,00-0034844,0,RT,00-0037616,,,0,0,,,,,,,,,,,,,,,,,,,,0,,,,,,,0,,,,0,,,0,,,,0,,,0,,-0.62,,0,5
7032,1155572,"(14:17) (Shotgun) 1-J.Hurts pass deep right to 88-D.Goedert for 17 yards, TOUCHDOWN.",PHI,WAS,PASS,6,2,14,17,0,3,2,3,3,17,83,5,17,1,1,1,0,6,,0,,,,00-0036389,1,0,DR,00-0034351,,17,,,,,,,,,,,,,,,,0,,,,,,,0,,,,0,,,0,,,,0,,,1,REC,3.926,00-0036389,1,5
7032,1155573,"4-J.Elliott extra point is GOOD, Center-41-R.Underwood, Holder-10-B.Mann.",PHI,WAS,FGXP,0,2,14,11,6,3,2,3,0,0,85,5,0,1,0,0,0,1,,0,,,,,0,0,,,,,,,,,,,,,,,,,,,,0,,,,XP,00-0033787,33,1,,,,0,,,0,,,,0,,,0,,0.068,,0,
7032,1155574,4-J.Elliott kicks 62 yards from PHI 35 to WAS 3. 1-R.White to WAS 32 for 29 yards (80-D.Cooper).,WAS,PHI,KOFF,7,2,14,11,3,7,3,2,0,0,65,4,0,1,0,0,0,0,,0,,,,,0,0,,,,,,,,,,,,,,,,,,,,0,,,,,,,0,,,,0,,,0,00-0033787,62,33,0,00-0037256,29,0,,0.451,,0,
7032,1155575,(14:04) (Shotgun) 5-J.Daniels pass short left to 85-C.Okonkwo to WAS 33 for 1 yard (27-Q.Mitchell).,WAS,PHI,PASS,43,2,14,4,3,7,3,2,1,10,32,2,1,0,0,1,0,0,,0,,,,00-0039910,1,0,SL,00-0037809,,1,00-0039888,,,,,,,,,,,,,,,0,,,,,,,0,,,,0,,,0,,,,0,,,0,,-0.504,00-0039910,0,4
7032,1155576,(13:21) (Shotgun) 5-J.Daniels pass incomplete deep middle to 17-T.McLaurin.,WAS,PHI,PASS,5,2,13,21,3,7,3,2,2,9,33,2,0,0,0,1,0,0,,0,,,,00-0039910,0,0,DM,00-0035659,,20,,,,,,,,,,,,,,,,0,,,,,,,0,,,,0,,,0,,,,0,,,0,,-0.715,00-0039910,0,5
7032,1155577,(13:16) (Shotgun) 5-J.Daniels pass incomplete deep right to 3-S.Diggs.,WAS,PHI,PASS,8,2,13,16,3,7,3,2,3,9,33,2,0,0,0,1,0,0,,0,,,,00-0039910,0,0,DR,00-0031588,,22,,,,,,,,,,,,,,,,0,,,,,,,0,,,,0,,,0,,,,0,,,0,,-1.311,00-0039910,0,5
7032,1155578,"(13:08) 10-T.Way punts 51 yards to PHI 16, Center-69-T.Ott. 85-B.Covey pushed ob at PHI 27 for 11 yards (58-J.Magee).",WAS,PHI,PUNT,10,2,13,8,3,7,3,2,4,9,33,2,0,0,0,0,0,0,,0,,,,,0,0,,,,,,,,,,,,,,,,,,,,0,,,,,,,0,00-0030140,51,40,0,00-0037132,11,0,,,,0,,,0,,-0.133,,0,
7032,1155579,(12:58) 26-S.Barkley left tackle to PHI 31 for 4 yards (25-N.Cross).,PHI,WAS,RUSH,38,2,12,58,7,3,2,3,1,10,27,2,4,0,0,0,0,0,00-0034844,0,LT,00-0037616,,,0,0,,,,,,,,,,,,,,,,,,,,0,,,,,,,0,,,,0,,,0,,,,0,,,0,,-0.139,,0,5
7032,1155580,(12:20) (Shotgun) 1-J.Hurts pass incomplete short left to 9-M.Lemon [45-K.Chaisson].,PHI,WAS,PASS,4,2,12,20,7,3,2,3,2,6,31,2,0,0,0,1,0,0,,0,,,,00-0036389,0,0,SL,00-0040867,,8,,,,,,,,,,,,,,,,0,,,,,,,0,,,,0,,,0,,,,0,,,0,,-0.785,00-0036389,0,5
7032,1155581,(12:16) (Shotgun) 1-J.Hurts pass incomplete deep right to 13-D.Wicks.,PHI,WAS,PASS,5,2,12,16,7,3,2,3,3,6,31,2,0,0,0,1,0,0,,0,,,,00-0036389,0,0,DR,00-0038393,,22,,,,,,,,,,,,,,,,0,,,,,,,0,,,,0,,,0,,,,0,,,0,,-1.24,00-0036389,1,5
7032,1155582,"(12:11) 10-B.Mann punts 62 yards to WAS 7, Center-41-R.Underwood. 83-J.Lane to WAS 16 for 9 yards (80-D.Cooper).",PHI,WAS,PUNT,10,2,12,11,7,3,2,3,4,6,31,2,0,1,0,0,0,0,,0,,,,,0,0,,,,,,,,,,,,,,,,,,,,0,,,,,,,0,00-0036313,62,53,0,00-0040164,9,0,,,,0,,,0,,0.472,,0,
7032,1155583,(12:01) 5-J.Daniels scrambles right end ran ob at WAS 18 for 2 yards (11-J.Campbell).,WAS,PHI,RUSH,37,2,12,1,3,7,3,2,1,10,16,1,2,0,0,0,0,0,00-0039910,0,RE,00-0040708,,,0,0,,,,,,,,,,,,,,,,,,,,0,,,,,,,0,,,,0,,,0,,,,0,,,0,,-0.483,00-0039910,0,4
7032,1155584,(11:24) 22-J.Croskey-Merritt left guard to WAS 27 for 9 yards (53-Z.Baun).,WAS,PHI,RUSH,42,2,11,24,3,7,3,2,2,8,18,1,9,1,1,0,0,0,00-0040242,0,LG,00-0036418,,,0,0,,,,,,,,,,,,,,,,,,,,0,,,,,,,0,,,,0,,,0,,,,0,,,0,,1.202,,0,5
7032,1155585,"(10:42) (Shotgun) 5-J.Daniels scrambles right end to WAS 32 for 5 yards (53-Z.Baun; 33-C.DeJean). PENALTY on WAS-22-J.Croskey-Merritt, Offensive Holding, 10 yards, enforced at WAS 27 - No Play.",WAS,PHI,NOPL,23,2,10,42,3,7,3,2,1,10,27,2,0,0,0,1,0,0,,0,,,,00-0039910,0,0,,,,0,,,,,WAS,00-0040242,Offensive Holding,-10,NA,,,,,,,0,,,,,,,0,,,,0,,,0,,,,0,,,0,,-0.995,00-0039910,0,5
7032,1155586,(10:19) (Shotgun) 5-J.Daniels pass incomplete short middle to 3-S.Diggs (53-Z.Baun).,WAS,PHI,PASS,4,2,10,19,3,7,3,2,1,20,17,1,0,0,0,1,0,0,,0,,,,00-0039910,0,0,SM,00-0031588,00-0036418,4,,,,,,,,,,,,,,,,0,,,,,,,0,,,,0,,,0,,,,0,,,0,,-0.562,00-0039910,1,5
7032,1155587,(10:15) (Shotgun) 5-J.Daniels pass short left to 22-J.Croskey-Merritt to WAS 10 for -7 yards (53-Z.Baun).,WAS,PHI,PASS,42,2,10,15,3,7,3,2,2,20,17,1,-7,0,0,1,0,0,,0,,,,00-0039910,1,0,SL,00-0040242,,-7,00-0036418,,,,,,,,,,,,,,,0,,,,,,,0,,,,0,,,0,,,,0,,,0,,-1.342,00-0039910,0,5
7032,1155588,(9:33) (Shotgun) 1-R.White up the middle to WAS 19 for 9 yards (11-J.Campbell).,WAS,PHI,RUSH,36,2,9,33,3,7,3,2,3,27,10,1,9,0,0,1,0,0,00-0037256,0,RM,00-0040708,,,0,0,,,,,,,,,,,,,,,,,,,,0,,,,,,,0,,,,0,,,0,,,,0,,,0,,-0.132,,0,6
7032,1155589,"(8:57) 10-T.Way punts 55 yards to PHI 26, Center-69-T.Ott. 85-B.Covey to PHI 38 for 12 yards (18-T.Owens).",WAS,PHI,PUNT,11,2,8,57,3,7,3,2,4,18,19,1,0,1,0,0,0,0,,0,,,,,0,0,,,,,,,,,,,,,,,,,,,,0,,,,,,,0,00-0030140,55,43,0,00-0037132,12,0,,,,0,,,0,,0.056,,0,
7032,1155590,(8:46) 1-J.Hurts pass incomplete short right.,PHI,WAS,PASS,10,2,8,46,7,3,2,3,1,10,38,2,0,0,0,0,0,0,,0,,,,00-0036389,0,0,SR,,,2,,,,,,,,,,,,,,,,0,,,,,,,0,,,,0,,,0,,,,0,,,0,,-0.479,00-0036389,1,5
7032,1155591,(8:36) (Shotgun) 26-S.Barkley left end to PHI 46 for 8 yards (54-L.Chenal; 25-N.Cross).,PHI,WAS,RUSH,26,2,8,36,7,3,2,3,2,10,38,2,8,1,0,1,0,0,00-0034844,0,LE,00-0037819,00-0037616,,0,0,,,,,,,,,,,,,,,,,,,,0,,,,,,,0,,,,0,,,0,,,,0,,,0,,0.393,,0,5
7032,1155592,"(8:10) (No Huddle, Shotgun) 26-S.Barkley right guard to WAS 12 for 42 yards (39-J.Reaves; 25-N.Cross).",PHI,WAS,RUSH,49,2,8,10,7,3,2,3,3,2,46,3,42,1,1,1,1,0,00-0034844,0,RG,00-0034465,00-0037616,,0,0,,,,,,,,,,,,,,,,,,,,0,,,,,,,0,,,,0,,,0,,,,0,,,0,,3.332,,0,5
7032,1155593,(7:21) 8-T.Bigsby up the middle to WAS 9 for 3 yards (96-S.Tuttle; 4-F.Luvu).,PHI,WAS,RUSH,46,2,7,21,7,3,2,3,1,10,88,5,3,0,0,0,0,0,00-0038555,0,RM,00-0035409,00-0034302,,0,0,,,,,,,,,,,,,,,,,,,,0,,,,,,,0,,,,0,,,0,,,,0,,,0,,-0.317,,0,4
7032,1155594,"(6:35) (Shotgun) 1-J.Hurts pass short left to 13-D.Wicks for 9 yards, TOUCHDOWN.",PHI,WAS,PASS,8,2,6,35,7,3,2,3,2,7,91,5,9,1,1,1,0,6,,0,,,,00-0036389,1,0,SL,00-0038393,,9,,,,,,,,,,,,,,,,0,,,,,,,0,,,,0,,,0,,,,0,,,1,REC,2.431,00-0036389,1,4
7032,1155595,"4-J.Elliott extra point is GOOD, Center-41-R.Underwood, Holder-10-B.Mann.",PHI,WAS,FGXP,0,2,6,27,13,3,2,3,0,0,85,5,0,1,0,0,0,1,,0,,,,,0,0,,,,,,,,,,,,,,,,,,,,0,,,,XP,00-0033787,33,1,,,,0,,,0,,,,0,,,0,,0.068,,0,
7032,1155596,4-J.Elliott kicks 62 yards from PHI 35 to WAS 3. 1-R.White to WAS 33 for 30 yards (42-S.Mondon; 80-D.Cooper).,WAS,PHI,KOFF,6,2,6,27,3,14,3,2,0,0,65,4,0,1,0,0,0,0,,0,,,,,0,0,,,,,,,,,,,,,,,,,,,,0,,,,,,,0,,,,0,,,0,00-0033787,62,32,0,00-0037256,30,0,,0.522,,0,
7032,1155597,(6:21) (Shotgun) 22-J.Croskey-Merritt right tackle to WAS 44 for 11 yards (29-M.Epps).,WAS,PHI,RUSH,22,2,6,21,3,14,3,2,1,10,33,2,11,1,1,1,0,0,00-0040242,0,RT,00-0034993,,,0,0,,,,,,,,,,,,,,,,,,,,0,,,,,,,0,,,,0,,,0,,,,0,,,0,,0.669,,0,5
7032,1155598,"(5:59) (No Huddle, Shotgun) 5-J.Daniels pass short middle to 3-S.Diggs to PHI 41 for 15 yards (33-C.DeJean).",WAS,PHI,PASS,22,2,5,59,3,14,3,2,1,10,44,3,15,1,1,1,1,0,,0,,,,00-0039910,1,0,SM,00-0031588,,12,00-0039841,,,,,,,,,,,,,,,0,,,,,,,0,,,,0,,,0,,,,0,,,0,,1.014,00-0039910,0,5
7032,1155599,"(5:37) (No Huddle, Shotgun) 5-J.Daniels pass incomplete deep right to 85-C.Okonkwo.",WAS,PHI,PASS,9,2,5,37,3,14,3,2,1,10,59,3,0,0,0,1,1,0,,0,,,,00-0039910,0,0,DR,00-0037809,,25,,,,,,,,,,,,,,,,0,,,,,,,0,,,,0,,,0,,,,0,,,0,,-0.437,00-0039910,0,5
7032,1155600,"(5:28) (Shotgun) PENALTY on WAS, Delay of Game, 5 yards, enforced at PHI 41 - No Play.",WAS,PHI,NOPL,0,2,5,28,3,14,3,2,2,10,59,3,0,0,0,1,0,0,,0,,,,,0,0,,,,,,,,,WAS,,Delay of Game,-5,NA,,,,,,,0,,,,,,,0,,,,0,,,0,,,,0,,,0,,-0.779,,0,
7032,1155601,(5:28) (Shotgun) 5-J.Daniels pass incomplete deep right.,WAS,PHI,PASS,9,2,5,28,3,14,3,2,2,15,54,3,0,0,0,1,0,0,,0,,,,00-0039910,0,0,DR,,,16,,,,,,,,,,,,,,,,0,,,,,,,0,,,,0,,,0,,,,0,,,0,,-0.865,00-0039910,0,5
7032,1155602,(5:19) (Shotgun) 5-J.Daniels scrambles left tackle pushed ob at PHI 32 for 14 yards (53-Z.Baun).,WAS,PHI,RUSH,38,2,5,19,3,14,3,2,3,15,54,3,14,1,0,1,0,0,00-0039910,0,LT,00-0036418,,,0,0,,,,,,,,,,,,,,,,,,,,0,,,,,,,0,,,,0,,,0,,,,0,,,0,,1.042,00-0039910,0,5
7032,1155603,(4:41) (Shotgun) 22-J.Croskey-Merritt up the middle to PHI 28 for 4 yards (90-J.Davis; 53-Z.Baun).,WAS,PHI,RUSH,43,2,4,41,3,14,3,2,4,1,68,4,4,1,1,1,0,0,00-0040242,0,RM,00-0037073,00-0036418,,0,0,,,,,,,,,,,,,,,,,,,,0,,,,,,,0,,,,0,,,0,,,,0,,,0,,1.58,,0,5
7032,1155604,(3:58) 22-J.Croskey-Merritt left guard to PHI 19 for 9 yards (58-J.Hunt).,WAS,PHI,RUSH,25,2,3,58,3,14,3,2,1,10,72,4,9,1,0,0,0,0,00-0040242,0,LG,00-0039740,,,0,0,,,,,,,,,,,,,,,,,,,,0,,,,,,,0,,,,0,,,0,,,,0,,,0,,0.668,,0,5
7032,1155605,"(3:33) (No Huddle, Shotgun) 5-J.Daniels right tackle to PHI 19 for no gain (17-A.Ebiketie).",WAS,PHI,RUSH,42,2,3,33,3,14,3,2,2,1,81,5,0,0,0,1,1,0,00-0039910,0,RT,00-0038116,,,0,0,,,,,,,,,,,,,,,,,,,,0,,,,,,,0,,,,0,,,0,,,,0,,,0,,-0.597,,0,5
7032,1155606,(2:51) (Shotgun) 1-R.White right guard to PHI 17 for 2 yards (53-Z.Baun).,WAS,PHI,RUSH,41,2,2,51,3,14,3,2,3,1,81,5,2,1,1,1,0,0,00-0037256,0,RG,00-0036418,,,0,0,,,,,,,,,,,,,,,,,,,,0,,,,,,,0,,,,0,,,0,,,,0,,,0,,0.592,,0,5
7032,1155607,(2:10) (Shotgun) 5-J.Daniels pass incomplete short right.,WAS,PHI,PASS,7,2,2,10,3,14,3,2,1,10,83,5,0,0,0,1,0,0,,0,,,,00-0039910,0,0,SR,,,14,,,,,,,,,,,,,,,,0,,,,,,,0,,,,0,,,0,,,,0,,,0,,-0.426,00-0039910,0,5
7032,1155608,(2:03) (Shotgun) 5-J.Daniels pass short middle to 14-A.Williams to PHI 1 for 16 yards (33-C.DeJean).,WAS,PHI,PASS,7,2,2,3,3,14,3,2,2,10,83,5,16,1,1,1,0,0,,0,,,,00-0039910,1,0,SM,00-0041040,,13,00-0039841,,,,,,,,,,,,,,,0,,,,,,,0,,,,0,,,0,,,,0,,,0,,2.235,00-0039910,0,5
7032,1155609,"(1:56) 22-J.Croskey-Merritt left guard for 1 yard, TOUCHDOWN.",WAS,PHI,RUSH,3,2,1,56,3,14,3,2,1,1,99,5,1,1,1,0,0,6,00-0040242,0,LG,,,,0,0,,,,,,,,,,,,,,,,,,,,0,,,,,,,0,,,,0,,,0,,,,0,,,1,RUSH,0.65,,0,4
7032,1155610,"19-D.Stevens extra point is Blocked (98-J.Carter), Center-69-T.Ott, Holder-10-T.Way.",WAS,PHI,FGXP,0,2,1,53,9,14,3,2,0,0,85,5,0,0,0,0,0,0,,0,,,,,0,0,,,,,,,,,,,,,,,,,,,,0,,00-0038386,,XP,00-0041182,33,0,,,,0,,,0,,,,0,,,0,,-0.932,,0,
7032,1155611,19-D.Stevens kicks 65 yards from WAS 35 to PHI 0. 8-T.Bigsby ran ob at PHI 29 for 29 yards (39-J.Reaves).,PHI,WAS,KOFF,5,2,1,53,14,9,2,3,0,0,65,4,0,1,0,0,0,0,,0,,,,,0,0,,,,,,,,,,,,,,,,,,,,0,,,,,,,0,,,,0,,,0,00-0041182,65,36,0,00-0038555,29,0,,0.17,,0,
7032,1155612,(1:48) (Shotgun) 1-J.Hurts scrambles right end to PHI 34 for 5 yards (0-M.Sainristil).,PHI,WAS,RUSH,27,2,1,48,14,9,2,3,1,10,29,2,5,0,0,1,0,0,00-0036389,0,RE,00-0039898,,,0,0,,,,,,,,,,,,,,,,,,,,0,,,,,,,0,,,,0,,,0,,,,0,,,0,,-0.094,00-0036389,1,5
7032,1155613,"(1:21) (No Huddle, Shotgun) 1-J.Hurts pass short right to 88-D.Goedert to PHI 39 for 5 yards (2-A.Robertson; 4-F.Luvu).",PHI,WAS,PASS,22,2,1,21,14,9,2,3,2,5,34,2,5,1,1,1,1,0,,0,,,,00-0036389,1,0,SR,00-0034351,,5,00-0036375,00-0034302,,,,,,,,,,,,,,0,,,,,,,0,,,,0,,,0,,,,0,,,0,,0.527,00-0036389,1,5
7032,1155614,"(:59) (No Huddle, Shotgun) 1-J.Hurts pass short right to 28-W.Shipley ran ob at PHI 47 for 8 yards (2-A.Robertson).",PHI,WAS,PASS,6,2,0,59,14,9,2,3,1,10,39,2,8,1,0,1,1,0,,0,,,,00-0036389,1,0,SR,00-0039746,,6,00-0036375,,,,,,,,,,,,,,,0,,,,,,,0,,,,0,,,0,,,,0,,,0,,0.378,00-0036389,0,5
7032,1155615,(:53) (Shotgun) 1-J.Hurts pass incomplete deep left to 6-D.Smith.,PHI,WAS,PASS,5,2,0,53,14,9,2,3,2,2,47,3,0,0,0,1,0,0,,0,,,,00-0036389,0,0,DL,00-0036912,,20,,,,,,,,,,,,,,,,0,,,,,,,0,,,,0,,,0,,,,0,,,0,,-0.504,00-0036389,0,5
7032,1155616,(:48) (Shotgun) 1-J.Hurts pass incomplete short middle to 6-D.Smith (90-C.Omenihu).,PHI,WAS,PASS,3,2,0,48,14,9,2,3,3,2,47,3,0,0,0,1,0,0,,0,,,,00-0036389,0,0,SM,00-0036912,00-0035279,-4,,,,,,,,,,,,,,,,0,,,,,,,0,,,,0,,,0,,,,0,,,0,,-1.024,00-0036389,0,5
7032,1155617,"(:45) 10-B.Mann punts 51 yards to WAS 2, Center-41-R.Underwood, downed by PHI-7-K.Ringo.",PHI,WAS,PUNT,12,2,0,45,14,9,2,3,4,2,47,3,0,0,0,0,0,0,,0,,,,,0,0,,,,,,,,,,,,,,,,,,,,0,,,,,,,0,00-0036313,51,51,0,,0,0,,,,0,,,0,,-0.063,,0,
7032,1155618,Timeout #1 by WAS at 00:33.,NA,NA,NOPL,0,2,0,33,0,0,0,0,0,0,NA,1,0,0,0,0,0,0,,0,,,,,0,0,,,,,,,,,,,,,,,,,,,,0,,,,,,,0,,,,0,,,0,,,,0,,,0,,0,,0,
7032,1155619,(:33) 1-R.White up the middle to WAS 6 for 4 yards (90-J.Davis; 53-Z.Baun).,WAS,PHI,RUSH,33,2,0,33,9,14,2,2,1,10,2,1,4,1,0,0,0,0,00-0037256,0,RM,00-0037073,00-0036418,,0,0,,,,,,,,,,,,,,,,,,,,0,,,,,,,0,,,,0,,,0,,,,0,,,0,,0.087,,0,5
7032,1155620,19-D.Stevens kicks 60 yards from WAS 35 to PHI 5. 8-T.Bigsby to PHI 26 for 21 yards (20-Q.Martin).,PHI,WAS,KOFF,8,3,15,0,14,9,3,3,0,0,65,4,0,1,0,0,0,0,,0,,,,,0,0,,,,,,,,,,,,,,,,,,,,0,,,,,,,0,,,,0,,,0,00-0041182,60,39,0,00-0038555,21,0,,0.043,,0,
7032,1155621,(14:52) 26-S.Barkley right guard to PHI 25 for -1 yards (0-M.Sainristil).,PHI,WAS,RUSH,39,3,14,52,14,9,3,3,1,10,26,2,-1,0,0,0,0,0,00-0034844,0,RG,00-0039898,,,0,0,,,,,,,,,,,,,,,,,,,,0,,,,,,,0,,,,0,,,0,,,,0,,,0,,-0.834,,0,4
7032,1155622,(14:13) (Shotgun) 1-J.Hurts pass short left to 9-M.Lemon to PHI 22 for -3 yards (20-Q.Martin).,PHI,WAS,PASS,42,3,14,13,14,9,3,3,2,11,25,2,-3,0,0,1,0,0,,0,,,,00-0036389,1,0,SL,00-0040867,,-5,00-0039149,,,,,,,,,,,,,,,0,,,,,,,0,,,,0,,,0,,,,0,,,0,,-1.504,00-0036389,0,5
7032,1155623,(13:31) (Shotgun) 1-J.Hurts pass short left to 88-D.Goedert pushed ob at PHI 34 for 12 yards (25-N.Cross).,PHI,WAS,PASS,31,3,13,31,14,9,3,3,3,14,22,2,12,1,0,1,0,0,,0,,,,00-0036389,1,0,SL,00-0034351,,9,00-0037616,,,,,,,,,,,,,,,0,,,,,,,0,,,,0,,,0,,,,0,,,0,,0.529,00-0036389,1,5
7032,1155624,"(13:00) 10-B.Mann punts 44 yards to WAS 22, Center-41-R.Underwood. 83-J.Lane to WAS 41 for 19 yards (54-J.Trotter).",PHI,WAS,PUNT,13,3,13,0,14,9,3,3,4,2,34,2,0,0,0,0,0,0,,0,,,,,0,0,,,,,,,,,,,,,,,,,,,,0,,,,,,,0,00-0036313,44,25,0,00-0040164,19,0,,,,0,,,0,,-1.605,,0,
7032,1155625,(12:47) (Shotgun) 22-J.Croskey-Merritt up the middle to WAS 44 for 3 yards (97-M.Ojomo).,WAS,PHI,RUSH,40,3,12,47,9,14,3,3,1,10,41,3,3,0,0,1,0,0,00-0040242,0,RM,00-0038412,,,0,0,,,,,,,,,,,,,,,,,,,,0,,,,,,,0,,,,0,,,0,,,,0,,,0,,-0.216,,0,4
7032,1155626,(12:07) (Shotgun) 5-J.Daniels pass incomplete short left to 3-S.Diggs.,WAS,PHI,PASS,6,3,12,7,9,14,3,3,2,7,44,3,0,0,0,1,0,0,,0,,,,00-0039910,0,0,SL,00-0031588,,8,,,,,,,,,,,,,,,,0,,,,,,,0,,,,0,,,0,,,,0,,,0,,-0.885,00-0039910,0,5
7032,1155627,(12:01) (Shotgun) 5-J.Daniels pass short right to 1-R.White to WAS 47 for 3 yards (53-Z.Baun).,WAS,PHI,PASS,41,3,12,1,9,14,3,3,3,7,44,3,3,0,0,1,0,0,,0,,,,00-0039910,1,0,SR,00-0037256,,-6,00-0036418,,,,,,,,,,,,,,,0,,,,,,,0,,,,0,,,0,,,,0,,,0,,-1.141,00-0039910,0,5
7032,1155628,"(11:20) 10-T.Way punts 53 yards to end zone, Center-69-T.Ott, Touchback.",WAS,PHI,PUNT,9,3,11,20,9,14,3,3,4,4,47,3,0,0,0,0,0,0,,0,,,,,0,0,,,,,,,,,,,,,,,,,,,,0,,,,,,,0,00-0030140,53,53,1,,0,0,,,,0,,,0,,-0.61,,0,
7032,1155629,(11:11) 1-J.Hurts sacked at PHI 14 for -6 yards (52-S.Styles).,PHI,WAS,PASS,43,3,11,11,14,9,3,3,1,10,20,2,-6,0,0,0,0,0,,0,,,,,0,0,,,,,,,00-0041028,,,,,,,,,,,,,0,,,,,,,0,,,,0,,,0,,,,0,,,0,,-1.494,00-0036389,0,4
7032,1155630,(10:28) (Shotgun) 1-J.Hurts pass short left to 6-D.Smith to PHI 24 for 10 yards (2-A.Robertson; 52-S.Styles).,PHI,WAS,PASS,25,3,10,28,14,9,3,3,2,16,14,1,10,1,0,1,0,0,,0,,,,00-0036389,1,0,SL,00-0036912,,6,00-0036375,00-0041028,,,,,,,,,,,,,,0,,,,,,,0,,,,0,,,0,,,,0,,,0,,0.755,00-0036389,0,5
7032,1155631,Timeout #1 by WAS at 10:03.,NA,NA,NOPL,0,3,10,3,0,0,0,0,0,0,NA,1,0,0,0,0,0,0,,0,,,,,0,0,,,,,,,,,,,,,,,,,,,,0,,,,,,,0,,,,0,,,0,,,,0,,,0,,0,,0,
7032,1155632,(10:03) (Shotgun) 1-J.Hurts pass incomplete short left to 6-D.Smith.,PHI,WAS,PASS,8,3,10,3,14,9,3,2,3,6,24,2,0,0,0,1,0,0,,0,,,,00-0036389,0,0,SL,00-0036912,,15,,,,,,,,,,,,,,,,0,,,,,,,0,,,,0,,,0,,,,0,,,0,,-1.455,00-0036389,1,5
7032,1155633,"(9:55) 10-B.Mann punts 43 yards to WAS 33, Center-41-R.Underwood. 83-J.Lane to WAS 44 for 11 yards (42-S.Mondon; 28-W.Shipley).",PHI,WAS,PUNT,9,3,9,55,14,9,3,2,4,6,24,2,0,0,0,0,0,0,,0,,,,,0,0,,,,,,,,,,,,,,,,,,,,0,,,,,,,0,00-0036313,43,32,0,00-0040164,11,0,,,,0,,,0,,-0.497,,0,
7032,1155634,"(9:46) PENALTY on WAS, Delay of Game, 5 yards, enforced at WAS 44 - No Play.",WAS,PHI,NOPL,0,3,9,46,9,14,2,3,1,10,44,3,0,0,0,0,0,0,,0,,,,,0,0,,,,,,,,,WAS,,Delay of Game,-5,NA,,,,,,,0,,,,,,,0,,,,0,,,0,,,,0,,,0,,-0.667,,0,
7032,1155635,(9:46) 22-J.Croskey-Merritt right tackle to WAS 42 for 3 yards (90-J.Davis; 11-J.Campbell).,WAS,PHI,RUSH,34,3,9,46,9,14,2,3,1,15,39,2,3,0,0,0,0,0,00-0040242,0,RT,00-0037073,00-0040708,,0,0,,,,,,,,,,,,,,,,,,,,0,,,,,,,0,,,,0,,,0,,,,0,,,0,,-0.328,,0,4
7032,1155636,"(9:12) (No Huddle, Shotgun) 5-J.Daniels pass short middle to 85-C.Okonkwo to PHI 43 for 15 yards (24-A.Mukuba).",WAS,PHI,PASS,42,3,9,12,9,14,2,3,2,12,42,3,15,1,1,1,1,0,,0,,,,00-0039910,1,0,SM,00-0037809,,13,00-0040749,,,,,,,,,,,,,,,0,,,,,,,0,,,,0,,,0,,,,0,,,0,,1.869,00-0039910,1,4
7032,1155637,(8:30) 22-J.Croskey-Merritt left guard to PHI 42 for 1 yard (90-J.Davis).,WAS,PHI,RUSH,42,3,8,30,9,14,2,3,1,10,57,3,1,0,0,0,0,0,00-0040242,0,LG,00-0037073,,,0,0,,,,,,,,,,,,,,,,,,,,0,,,,,,,0,,,,0,,,0,,,,0,,,0,,-0.469,,0,5
7032,1155638,"(7:48) 5-J.Daniels pass incomplete deep left to 17-T.McLaurin (27-Q.Mitchell). PENALTY on PHI-33-C.DeJean, Illegal Contact, 5 yards, enforced at PHI 42 - No Play.",WAS,PHI,NOPL,8,3,7,48,9,14,2,3,2,9,58,3,0,1,1,0,0,0,,0,,,,00-0039910,0,0,,,,0,,,,,PHI,00-0039841,Illegal Contact,5,NA,,,,,,,0,,,,,,,0,,,,0,,,0,,,,0,,,0,,1.034,00-0039910,0,5
7032,1155639,(7:40) (Shotgun) 22-J.Croskey-Merritt right guard to PHI 36 for 1 yard (53-Z.Baun).,WAS,PHI,RUSH,41,3,7,40,9,14,2,3,1,10,63,4,1,0,0,1,0,0,00-0040242,0,RG,00-0036418,,,0,0,,,,,,,,,,,,,,,,,,,,0,,,,,,,0,,,,0,,,0,,,,0,,,0,,-0.516,,0,5
7032,1155640,(6:59) (Shotgun) 5-J.Daniels pass incomplete short right to 3-S.Diggs.,WAS,PHI,PASS,3,3,6,59,9,14,2,3,2,9,64,4,0,0,0,1,0,0,,0,,,,00-0039910,0,0,SR,00-0031588,,6,,,,,,,,,,,,,,,,0,,,,,,,0,,,,0,,,0,,,,0,,,0,,-0.815,00-0039910,0,5
7032,1155641,(6:56) (Shotgun) 5-J.Daniels pass incomplete deep right to 6-D.Brown [33-C.DeJean].,WAS,PHI,PASS,5,3,6,56,9,14,2,3,3,9,64,4,0,0,0,1,0,0,,0,,,,00-0039910,0,0,DR,00-0036626,,19,,,,,,,,,,,,,,,,0,,,,,,,0,,,,0,,,0,,,,0,,,0,,-0.909,00-0039910,0,5
7032,1155642,"(6:51) 19-D.Stevens 54 yard field goal is No Good, Wide Right, Center-69-T.Ott, Holder-10-T.Way.",WAS,PHI,FGXP,5,3,6,51,9,14,2,3,4,9,64,4,0,0,0,0,0,0,,0,,,,,0,0,,,,,,,,,,,,,,,,,,,,0,,,,FG,00-0041182,54,0,,,,0,,,0,,,,0,,,0,,-3.841,,0,
7032,1155643,(6:46) 26-S.Barkley right tackle to PHI 47 for 3 yards (94-D.Payne).,PHI,WAS,RUSH,34,3,6,46,14,9,3,2,1,10,44,3,3,0,0,0,0,0,00-0034844,0,RT,00-0034333,,,0,0,,,,,,,,,,,,,,,,,,,,0,,,,,,,0,,,,0,,,0,,,,0,,,0,,-0.258,,0,4
7032,1155644,(6:12) 26-S.Barkley right guard to PHI 44 for -3 yards (52-S.Styles).,PHI,WAS,RUSH,42,3,6,12,14,9,3,2,2,7,47,3,-3,0,0,0,0,0,00-0034844,0,RG,00-0041028,,,0,0,,,,,,,,,,,,,,,,,,,,0,,,,,,,0,,,,0,,,0,,,,0,,,0,,-1.057,,0,4
7032,1155645,(5:30) (Shotgun) 1-J.Hurts sacked at PHI 38 for -6 yards (98-O.Oweh).,PHI,WAS,PASS,11,3,5,30,14,9,3,2,3,10,44,3,-6,0,0,1,0,0,,0,,,,,0,0,,,,,,,00-0036940,,,,,,,,,,,,,0,,,,,,,0,,,,0,,,0,,,,0,,,0,,-1.956,00-0036389,1,5
7032,1155646,"(5:19) 10-B.Mann punts 51 yards to WAS 11, Center-41-R.Underwood, out of bounds.",PHI,WAS,PUNT,9,3,5,19,14,9,3,2,4,16,38,2,0,1,0,0,0,0,,0,,,,,0,0,,,,,,,,,,,,,,,,,,,,0,,,,,,,0,00-0036313,51,51,0,,0,0,,,,0,,,0,,0.891,,0,
7032,1155647,(5:10) (Shotgun) 31-K.Allen up the middle to WAS 16 for 5 yards (53-Z.Baun; 58-J.Hunt).,WAS,PHI,RUSH,32,3,5,10,9,14,2,3,1,10,11,1,5,1,0,1,0,0,00-0041096,0,RM,00-0036418,00-0039740,,0,0,,,,,,,,,,,,,,,,,,,,0,,,,,,,0,,,,0,,,0,,,,0,,,0,,0.147,,0,5
7032,1155648,"(4:38) (No Huddle, Shotgun) 5-J.Daniels pass incomplete deep right.",WAS,PHI,PASS,9,3,4,38,9,14,2,3,2,5,16,1,0,0,0,1,1,0,,0,,,,00-0039910,0,0,DR,,,20,,,,,,,,,,,,,,,,0,,,,,,,0,,,,0,,,0,,,,0,,,0,,-0.82,00-0039910,0,5
7032,1155649,"(4:29) (Shotgun) PENALTY on WAS-74-B.Coleman, False Start, 5 yards, enforced at WAS 16 - No Play.",WAS,PHI,NOPL,0,3,4,29,9,14,2,3,3,5,16,1,0,0,0,1,0,0,,0,,,,,0,0,,,,,,,,,WAS,00-0039913,False Start,-5,NA,,,,,,,0,,,,,,,0,,,,0,,,0,,,,0,,,0,,-0.516,,0,
7032,1155650,(4:29) (Shotgun) 5-J.Daniels pass short right to 83-J.Lane to WAS 15 for 4 yards (33-C.DeJean).,WAS,PHI,PASS,37,3,4,29,9,14,2,3,3,10,11,1,4,0,0,1,0,0,,0,,,,00-0039910,1,0,SR,00-0040164,,4,00-0039841,,,,,,,,,,,,,,,0,,,,,,,0,,,,0,,,0,,,,0,,,0,,-0.797,00-0039910,1,5
7032,1155651,"(3:52) 10-T.Way punts 45 yards to PHI 40, Center-69-T.Ott, fair catch by 85-B.Covey.",WAS,PHI,PUNT,8,3,3,52,9,14,2,3,4,6,15,1,0,0,0,0,0,0,,0,,,,,0,0,,,,,,,,,,,,,,,,,,,,0,,,,,,,0,00-0030140,45,45,0,00-0037132,0,1,,,,0,,,0,,-0.111,,0,
7032,1155652,"(3:44) 1-J.Hurts pass short left to 26-S.Barkley to PHI 45 for 5 yards (25-N.Cross). PENALTY on PHI-69-L.Dickerson, Offensive Holding, 10 yards, enforced at PHI 40 - No Play.",PHI,WAS,NOPL,30,3,3,44,14,9,3,2,1,10,40,3,0,0,0,0,0,0,,0,,,,00-0036389,0,0,,,,0,,,,,PHI,00-0037002,Offensive Holding,-10,NA,,,,,,,0,,,,,,,0,,,,0,,,0,,,,0,,,0,,-0.864,00-0036389,0,4
7032,1155653,(3:14) (Shotgun) 1-J.Hurts scrambles right tackle to PHI 44 for 14 yards (39-J.Reaves).,PHI,WAS,RUSH,30,3,3,14,14,9,3,2,1,20,30,2,14,1,0,1,0,0,00-0036389,0,RT,00-0034465,,,0,0,,,,,,,,,,,,,,,,,,,,0,,,,,,,0,,,,0,,,0,,,,0,,,0,,0.74,00-0036389,0,5
7032,1155654,"(2:44) (No Huddle, Shotgun) 1-J.Hurts scrambles right end to PHI 45 for 1 yard (52-S.Styles).",PHI,WAS,RUSH,43,3,2,44,14,9,3,2,2,6,44,3,1,0,0,1,1,0,00-0036389,0,RE,00-0041028,,,0,0,,,,,,,,,,,,,,,,,,,,0,,,,,,,0,,,,0,,,0,,,,0,,,0,,-0.745,00-0036389,0,5
7032,1155655,(2:01) (Shotgun) 1-J.Hurts pass deep right to 6-D.Smith pushed ob at WAS 24 for 31 yards (29-R.Douglas).,PHI,WAS,PASS,18,3,2,1,14,9,3,2,3,5,45,3,31,1,1,1,0,0,,0,,,,00-0036389,1,0,DR,00-0036912,,31,00-0033551,,,,,,,,,,,,,,,0,,,,,,,0,,,,0,,,0,,,,0,,,0,,2.943,00-0036389,1,5
7032,1155656,(1:43) (No Huddle) 1-J.Hurts pass incomplete short right [45-K.Chaisson].,PHI,WAS,PASS,8,3,1,43,14,9,3,2,1,10,76,4,0,0,0,0,1,0,,0,,,,00-0036389,0,0,SR,,,4,,,,,,,,,,,,,,,,0,,,,,,,0,,,,0,,,0,,,,0,,,0,,-0.412,00-0036389,0,5
7032,1155657,(1:35) 26-S.Barkley right tackle to WAS 17 for 7 yards (54-L.Chenal).,PHI,WAS,RUSH,43,3,1,35,14,9,3,2,2,10,76,4,7,0,0,0,0,0,00-0034844,0,RT,00-0037819,,,0,0,,,,,,,,,,,,,,,,,,,,0,,,,,,,0,,,,0,,,0,,,,0,,,0,,-0.013,,0,4
7032,1155658,(:52) (Shotgun) 1-J.Hurts pass incomplete short left to 88-D.Goedert.,PHI,WAS,PASS,4,3,0,52,14,9,3,2,3,3,83,5,0,0,0,1,0,0,,0,,,,00-0036389,0,0,SL,00-0034351,,7,,,,,,,,,,,,,,,,0,,,,,,,0,,,,0,,,0,,,,0,,,0,,-1.664,00-0036389,0,4
7032,1155659,"(:48) 4-J.Elliott 35 yard field goal is GOOD, Center-41-R.Underwood, Holder-10-B.Mann.",PHI,WAS,FGXP,4,3,0,48,14,9,3,2,4,3,83,5,0,1,0,0,0,3,,0,,,,,0,0,,,,,,,,,,,,,,,,,,,,0,,,,FG,00-0033787,35,1,,,,0,,,0,,,,0,,,0,,0.393,,0,
7032,1155660,4-J.Elliott kicks 58 yards from PHI 35 to WAS 7. 83-J.Lane to WAS 33 for 26 yards (54-J.Trotter). WAS-18-T.Owens was injured during the play.,WAS,PHI,KOFF,4,3,0,44,9,17,2,3,0,0,65,4,0,1,0,0,0,0,,0,,,,,0,0,,,,,,,,,,,,,,,,,,,,0,,,,,,,0,,,,0,,,0,00-0033787,58,32,0,00-0040164,26,0,,0.474,,0,
7032,1155661,(:40) (Shotgun) 5-J.Daniels scrambles right tackle to WAS 46 for 13 yards (2-T.Woolen).,WAS,PHI,RUSH,40,3,0,40,9,17,2,3,1,10,33,2,13,1,1,1,0,0,00-0039910,0,RT,00-0037079,,,0,0,,,,,,,,,,,,,,,,,,,,0,,,,,,,0,,,,0,,,0,,,,0,,,0,,0.956,00-0039910,0,5
7032,1155662,(15:00) (Shotgun) 5-J.Daniels pass short right to 87-J.Bates to PHI 46 for 8 yards (29-M.Epps).,WAS,PHI,PASS,43,4,15,0,9,17,2,3,1,10,46,3,8,1,0,1,0,0,,0,,,,00-0039910,1,0,SR,00-0036628,,2,00-0034993,,,,,,,,,,,,,,,0,,,,,,,0,,,,0,,,0,,,,0,,,0,,0.532,00-0039910,0,5
7032,1155663,(14:17) 22-J.Croskey-Merritt right guard to PHI 43 for 3 yards (11-J.Campbell; 33-C.DeJean).,WAS,PHI,RUSH,41,4,14,17,9,17,2,3,2,2,54,3,3,1,1,0,0,0,00-0040242,0,RG,00-0040708,00-0039841,,0,0,,,,,,,,,,,,,,,,,,,,0,,,,,,,0,,,,0,,,0,,,,0,,,0,,0.035,,0,5
7032,1155664,(13:36) 22-J.Croskey-Merritt left guard to PHI 41 for 2 yards (53-Z.Baun).,WAS,PHI,RUSH,38,4,13,36,9,17,2,3,1,10,57,3,2,0,0,0,0,0,00-0040242,0,LG,00-0036418,,,0,0,,,,,,,,,,,,,,,,,,,,0,,,,,,,0,,,,0,,,0,,,,0,,,0,,-0.267,,0,5
7032,1155665,(12:58) (Shotgun) 5-J.Daniels sacked at PHI 42 for -1 yards (11-J.Campbell).,WAS,PHI,PASS,46,4,12,58,9,17,2,3,2,8,59,3,-1,0,0,1,0,0,,0,,,,,0,0,,,,,,,00-0040708,,,,,,,,,,,,,0,,,,,,,0,,,,0,,,0,,,,0,,,0,,-1.011,00-0039910,1,5
7032,1155666,"(12:12) (Shotgun) PENALTY on WAS-72-J.Conerly, False Start, 5 yards, enforced at PHI 42 - No Play.",WAS,PHI,NOPL,0,4,12,12,9,17,2,3,3,9,58,3,0,0,0,1,0,0,,0,,,,,0,0,,,,,,,,,WAS,00-0040686,False Start,-5,NA,,,,,,,0,,,,,,,0,,,,0,,,0,,,,0,,,0,,-0.663,,0,
7032,1155667,(12:12) (Shotgun) 5-J.Daniels pass deep left to 14-A.Williams pushed ob at PHI 14 for 33 yards (11-J.Campbell).,WAS,PHI,PASS,38,4,12,12,9,17,2,3,3,14,53,3,33,1,1,1,0,0,,0,,,,00-0039910,1,0,DL,00-0041040,,28,00-0040708,,,,,,,,,,,,,,,0,,,,,,,0,,,,0,,,0,,,,0,,,0,,4.128,00-0039910,1,5
7032,1155668,(11:34) (Shotgun) 5-J.Daniels left end to PHI 12 for 2 yards (97-M.Ojomo).,WAS,PHI,RUSH,46,4,11,34,9,17,2,3,1,10,86,5,2,0,0,1,0,0,00-0039910,0,LE,00-0038412,,,0,0,,,,,,,,,,,,,,,,,,,,0,,,,,,,0,,,,0,,,0,,,,0,,,0,,-0.417,,0,5
7032,1155669,(10:48) (Shotgun) 5-J.Daniels pass short right to 1-R.White to PHI 10 for 2 yards (11-J.Campbell; 29-M.Epps).,WAS,PHI,PASS,44,4,10,48,9,17,2,3,2,8,88,5,2,0,0,1,0,0,,0,,,,00-0039910,1,0,SR,00-0037256,,-4,00-0040708,00-0034993,,,,,,,,,,,,,,0,,,,,,,0,,,,0,,,0,,,,0,,,0,,-0.537,00-0039910,0,5
7032,1155670,"(10:04) (Shotgun) 5-J.Daniels pass short middle to 3-S.Diggs for 10 yards, TOUCHDOWN. PENALTY on WAS-3-S.Diggs, Unsportsmanlike Conduct, 15 yards, enforced between downs.",WAS,PHI,PASS,5,4,10,4,9,17,2,3,3,6,90,5,10,1,1,1,0,6,,0,,,,00-0039910,1,0,SM,00-0031588,,5,,,,,WAS,00-0031588,Unsportsmanlike Conduct,-15,NA,,,,,,,0,,,,,,,0,,,,0,,,0,,,,0,,,1,REC,3.185,00-0039910,0,5
7032,1155671,"19-D.Stevens extra point is GOOD, Center-69-T.Ott, Holder-10-T.Way.",WAS,PHI,FGXP,0,4,9,59,15,17,2,3,0,0,70,4,0,1,0,0,0,1,,0,,,,,0,0,,,,,,,,,,,,,,,,,,,,0,,,,XP,00-0041182,48,1,,,,0,,,0,,,,0,,,0,,0.298,,0,
7032,1155672,19-D.Stevens kicks 64 yards from WAS 35 to PHI 1. 28-W.Shipley to PHI 26 for 25 yards (41-J.Jean-Baptiste; 80-C.Yankoff).,PHI,WAS,KOFF,6,4,9,59,17,16,3,2,0,0,65,4,0,1,0,0,0,0,,0,,,,,0,0,,,,,,,,,,,,,,,,,,,,0,,,,,,,0,,,,0,,,0,00-0041182,64,39,0,00-0039746,25,0,,0.03,,0,
7032,1155673,(9:53) (Shotgun) 26-S.Barkley right tackle to PHI 32 for 6 yards (58-J.Magee; 0-M.Sainristil).,PHI,WAS,RUSH,40,4,9,53,17,16,3,2,1,10,26,2,6,1,0,1,0,0,00-0034844,0,RT,00-0039368,00-0039898,,0,0,,,,,,,,,,,,,,,,,,,,0,,,,,,,0,,,,0,,,0,,,,0,,,0,,0.161,,0,5
7032,1155674,(9:13) (Shotgun) 26-S.Barkley right guard to PHI 39 for 7 yards (98-O.Oweh; 39-J.Reaves).,PHI,WAS,RUSH,23,4,9,13,17,16,3,2,2,4,32,2,7,1,1,1,0,0,00-0034844,0,RG,00-0036940,00-0034465,,0,0,,,,,,,,,,,,,,,,,,,,0,,,,,,,0,,,,0,,,0,,,,0,,,0,,0.509,,0,5
7032,1155675,"(8:50) (No Huddle, Shotgun) 1-J.Hurts pass short right to 26-S.Barkley to PHI 36 for -3 yards (25-N.Cross). The ball spot was assisted by replay.",PHI,WAS,PASS,39,4,8,50,17,16,3,2,1,10,39,2,-3,0,0,1,1,0,,0,,,,00-0036389,1,0,SR,00-0034844,,-5,00-0037616,,,,,,,,,,,,,,,0,,,,,,,0,,,,0,,,0,,,,0,,,0,,-0.811,00-0036389,0,5
7032,1155676,"(8:11) (Shotgun) PENALTY on PHI-68-J.Mailata, False Start, 5 yards, enforced at PHI 36 - No Play.",PHI,WAS,NOPL,0,4,8,11,17,16,3,2,2,13,36,2,0,0,0,1,0,0,,0,,,,,0,0,,,,,,,,,PHI,00-0034429,False Start,-5,NA,,,,,,,0,,,,,,,0,,,,0,,,0,,,,0,,,0,,-0.395,,0,
7032,1155677,(8:11) (Shotgun) 1-J.Hurts pass incomplete short right.,PHI,WAS,PASS,8,4,8,11,17,16,3,2,2,18,31,2,0,0,0,1,0,0,,0,,,,00-0036389,0,0,SR,,,4,,,,,,,,,,,,,,,,0,,,,,,,0,,,,0,,,0,,,,0,,,0,,-0.743,00-0036389,1,5
7032,1155678,(8:03) (Shotgun) 1-J.Hurts scrambles up the middle to WAS 47 for 22 yards (2-A.Robertson).,PHI,WAS,RUSH,34,4,8,3,17,16,3,2,3,18,31,2,22,1,1,1,0,0,00-0036389,0,RM,00-0036375,,,0,0,,,,,,,,,,,,,,,,,,,,0,,,,,,,0,,,,0,,,0,,,,0,,,0,,2.72,00-0036389,0,5
7032,1155679,(7:29) (No Huddle) 28-W.Shipley right tackle to WAS 45 for 2 yards (97-T.Settle; 54-L.Chenal).,PHI,WAS,RUSH,33,4,7,29,17,16,3,2,1,10,53,3,2,0,0,0,1,0,00-0039746,0,RT,00-0034397,00-0037819,,0,0,,,,,,,,,,,,,,,,,,,,0,,,,,,,0,,,,0,,,0,,,,0,,,0,,-0.386,,0,5
7032,1155680,"(6:56) (No Huddle, Shotgun) 28-W.Shipley left guard to WAS 43 for 2 yards (99-J.Kinlaw; 97-T.Settle).",PHI,WAS,RUSH,44,4,6,56,17,16,3,2,2,8,55,3,2,0,0,1,1,0,00-0039746,0,LG,00-0036260,00-0034397,,0,0,,,,,,,,,,,,,,,,,,,,0,,,,,,,0,,,,0,,,0,,,,0,,,0,,-0.483,,0,5
7032,1155681,"(6:12) (Shotgun) 1-J.Hurts pass short middle to 88-D.Goedert for 43 yards, TOUCHDOWN.",PHI,WAS,PASS,10,4,6,12,17,16,3,2,3,6,57,3,43,1,1,1,0,6,,0,,,,00-0036389,1,0,SM,00-0034351,,14,,,,,,,,,,,,,,,,0,,,,,,,0,,,,0,,,0,,,,0,,,1,REC,4.98,00-0036389,1,5
7032,1155682,"4-J.Elliott extra point is GOOD, Center-41-R.Underwood, Holder-10-B.Mann.",PHI,WAS,FGXP,0,4,6,2,23,16,3,2,0,0,85,5,0,1,0,0,0,1,,0,,,,,0,0,,,,,,,,,,,,,,,,,,,,0,,,,XP,00-0033787,33,1,,,,0,,,0,,,,0,,,0,,0.068,,0,
7032,1155683,4-J.Elliott kicks 64 yards from PHI 35 to WAS 1. 83-J.Lane to WAS 37 for 36 yards (57-A.Epenesa).,WAS,PHI,KOFF,5,4,6,2,16,24,2,3,0,0,65,4,0,1,0,0,0,0,,0,,,,,0,0,,,,,,,,,,,,,,,,,,,,0,,,,,,,0,,,,0,,,0,00-0033787,64,28,0,00-0040164,36,0,,0.745,,0,
7032,1155684,(5:57) 5-J.Daniels pass short right to 14-A.Williams pushed ob at PHI 49 for 14 yards (27-Q.Mitchell).,WAS,PHI,PASS,26,4,5,57,16,24,2,3,1,10,37,2,14,1,1,0,0,0,,0,,,,00-0039910,1,0,SR,00-0041040,,13,00-0039888,,,,,,,,,,,,,,,0,,,,,,,0,,,,0,,,0,,,,0,,,0,,0.962,00-0039910,1,5
7032,1155685,"(5:31) (No Huddle, Shotgun) 22-J.Croskey-Merritt right guard to PHI 46 for 3 yards (11-J.Campbell).",WAS,PHI,RUSH,43,4,5,31,16,24,2,3,1,10,51,3,3,0,0,1,1,0,00-0040242,0,RG,00-0040708,,,0,0,,,,,,,,,,,,,,,,,,,,0,,,,,,,0,,,,0,,,0,,,,0,,,0,,-0.283,,0,5
7032,1155686,(4:48) (Shotgun) 5-J.Daniels pass short left to 3-S.Diggs pushed ob at PHI 29 for 17 yards (33-C.DeJean).,WAS,PHI,PASS,8,4,4,48,16,24,2,3,2,7,54,3,17,1,1,1,0,0,,0,,,,00-0039910,1,0,SL,00-0031588,,11,00-0039841,,,,,,,,,,,,,,,0,,,,,,,0,,,,0,,,0,,,,0,,,0,,1.46,00-0039910,0,5
7032,1155687,(4:40) (Shotgun) 5-J.Daniels pass short right to 17-T.McLaurin to PHI 21 for 8 yards (33-C.DeJean; 98-J.Carter).,WAS,PHI,PASS,27,4,4,40,16,24,2,3,1,10,71,4,8,1,0,1,0,0,,0,,,,00-0039910,1,0,SR,00-0035659,,-4,00-0039841,00-0038386,,,,,,,,,,,,,,0,,,,,,,0,,,,0,,,0,,,,0,,,0,,0.63,00-0039910,0,5
7032,1155688,"(4:13) (No Huddle, Shotgun) 22-J.Croskey-Merritt up the middle to PHI 19 for 2 yards (98-J.Carter). FUMBLES (98-J.Carter), recovered by WAS-72-J.Conerly at PHI 18.",WAS,PHI,RUSH,58,4,4,13,16,24,2,3,2,2,79,4,2,1,1,1,1,0,00-0040242,0,RM,00-0038386,,,0,0,,,,,,,,,,,,,,,,00-0040242,00-0040686,0,00-0038386,0,,,,,,,0,,,,0,,,0,,,,0,,,0,,0.225,,0,5
7032,1155689,(3:15) (Shotgun) 31-K.Allen left guard to PHI 14 for 4 yards (58-J.Hunt; 33-C.DeJean).,WAS,PHI,RUSH,39,4,3,15,16,24,2,3,1,10,82,5,4,0,0,1,0,0,00-0041096,0,LG,00-0039740,00-0039841,,0,0,,,,,,,,,,,,,,,,,,,,0,,,,,,,0,,,,0,,,0,,,,0,,,0,,-0.214,,0,5
7032,1155690,(2:36) (Shotgun) 31-K.Allen up the middle to PHI 10 for 4 yards (53-Z.Baun; 33-C.DeJean).,WAS,PHI,RUSH,28,4,2,36,16,24,2,3,2,6,86,5,4,1,0,1,0,0,00-0041096,0,RM,00-0036418,00-0039841,,0,0,,,,,,,,,,,,,,,,,,,,0,,,,,,,0,,,,0,,,0,,,,0,,,0,,0.089,,0,5
7032,1155691,"(2:08) (No Huddle, Shotgun) 5-J.Daniels pass incomplete short middle to 87-J.Bates (53-Z.Baun).",WAS,PHI,PASS,4,4,2,8,16,24,2,3,3,2,90,5,0,0,0,1,1,0,,0,,,,00-0039910,0,0,SM,00-0036628,00-0036418,8,,,,,,,,,,,,,,,,0,,,,,,,0,,,,0,,,0,,,,0,,,0,,-1.538,00-0039910,0,5
7032,1155692,Timeout #2 by WAS at 02:04.,NA,NA,NOPL,0,4,2,4,0,0,0,0,0,0,NA,1,0,0,0,0,0,0,,0,,,,,0,0,,,,,,,,,,,,,,,,,,,,0,,,,,,,0,,,,0,,,0,,,,0,,,0,,0,,0,
7032,1155693,(2:04) (Shotgun) 5-J.Daniels pass short right to 17-T.McLaurin to PHI 4 for 6 yards (29-M.Epps).,WAS,PHI,PASS,7,4,2,4,16,24,1,3,4,2,90,5,6,1,1,1,0,0,,0,,,,00-0039910,1,0,SR,00-0035659,,3,00-0034993,,,,,,,,,,,,,,,0,,,,,,,0,,,,0,,,0,,,,0,,,0,,2.96,00-0039910,0,6
7032,1155694,(1:57) 31-K.Allen up the middle to PHI 1 for 3 yards (90-J.Davis; 94-B.Young).,WAS,PHI,RUSH,45,4,1,57,16,24,1,3,1,4,96,5,3,1,0,0,0,0,00-0041096,0,RM,00-0037073,00-0038978,,0,0,,,,,,,,,,,,,,,,,,,,0,,,,,,,0,,,,0,,,0,,,,0,,,0,,0.148,,0,4
7032,1155695,(1:12) 5-J.Daniels pass incomplete short right.,WAS,PHI,PASS,7,4,1,12,16,24,1,3,2,1,99,5,0,0,0,0,0,0,,0,,,,00-0039910,0,0,SR,,,1,,,,,,,,,,,,,,,,0,,,,,,,0,,,,0,,,0,,,,0,,,0,,-0.369,00-0039910,0,4
7032,1155696,"(1:05) (Shotgun) 5-J.Daniels pass short right to 14-A.Williams for 1 yard, TOUCHDOWN. The Replay Official reviewed the pass completion ruling, and the play was Upheld. The ruling on the field stands.",WAS,PHI,PASS,4,4,1,5,16,24,1,3,3,1,99,5,1,1,1,1,0,6,,0,,,,00-0039910,1,0,SR,00-0041040,,1,,,,,,,,,,,,,,,,0,,,,,,,0,,,,0,,,0,,,,0,,,1,REC,1.481,00-0039910,1,5
7032,1155697,(Pass formation) TWO-POINT CONVERSION ATTEMPT. 5-J.Daniels pass to 87-J.Bates is complete. ATTEMPT FAILS.,WAS,PHI,PASS,0,4,1,1,22,24,1,3,0,0,98,5,0,0,0,0,0,0,,0,,,,00-0039910,0,0,,00-0036628,,0,,,,,,,,,,,,,,,,0,,,,,,,0,,,,0,,,0,,,,0,,,0,,-0.947,00-0039910,0,5
7032,1155698,Timeout #1 by PHI at 01:01.,NA,NA,NOPL,0,4,1,1,0,0,0,0,0,0,NA,1,0,0,0,0,0,0,,0,,,,,0,0,,,,,,,,,,,,,,,,,,,,0,,,,,,,0,,,,0,,,0,,,,0,,,0,,0,,0,
7032,1155699,19-D.Stevens kicks onside 17 yards from WAS 35 to PHI 48. 6-D.Smith (didn't try to advance) to PHI 48 for no gain.,PHI,WAS,KOFF,1,4,1,1,24,22,2,1,0,0,65,4,0,0,0,0,0,0,,0,,,,,0,0,,,,,,,,,,,,,,,,,,,,0,,,,,,,0,,,,0,,,0,00-0041182,0,0,0,,0,0,,-0.611,,0,
7032,1155700,(1:00) 1-J.Hurts kneels to PHI 47 for -1 yards.,PHI,WAS,RUSH,41,4,1,0,24,22,2,1,1,10,48,3,-1,0,0,0,0,0,00-0036389,1,,,,,0,0,,,,,,,,,,,,,,,,,,,,0,,,,,,,0,,,,0,,,0,,,,0,,,0,,0,,0,
7032,1155701,(:19) 1-J.Hurts kneels to PHI 46 for -1 yards.,PHI,WAS,RUSH,0,4,0,19,24,22,2,1,2,11,47,3,-1,0,0,0,0,0,00-0036389,1,,,,,0,0,,,,,,,,,,,,,,,,,,,,0,,,,,,,0,,,,0,,,0,,,,0,,,0,,0,,0,
7033,1155702,34-D.Zvada kicks 62 yards from NYG 35 to DAL 3. 9-K.Turpin to DAL 28 for 25 yards (46-Z.Barnes).,DAL,NYG,KOFF,6,1,15,0,0,0,3,3,0,0,65,4,0,1,0,0,0,0,,0,,,,,0,0,,,,,,,,,,,,,,,,,,,,0,,,,,,,0,,,,0,,,0,00-0041145,62,37,0,00-0037801,25,0,,0.13,,0,
7033,1155703,(14:54) 33-J.Williams left guard to DAL 29 for 1 yard (3-A.Carter; 98-D.Reader).,DAL,NYG,RUSH,36,1,14,54,0,0,3,3,1,10,28,2,1,0,0,0,0,0,00-0036997,0,LG,00-0040677,00-0032424,,0,0,,,,,,,,,,,,,,,,,,,,0,,,,,,,0,,,,0,,,0,,,,0,,,0,,-0.374,,0,5
7033,1155704,(14:18) (Shotgun) 4-D.Prescott pass incomplete deep left to 88-C.Lamb.,DAL,NYG,PASS,4,1,14,18,0,0,3,3,2,9,29,2,0,0,0,1,0,0,,0,,,,00-0033077,0,0,DL,00-0036358,,16,,,,,,,,,,,,,,,,0,,,,,,,0,,,,0,,,0,,,,0,,,0,,-0.785,00-0033077,0,5
7033,1155705,(14:14) (Shotgun) 4-D.Prescott pass short right to 3-G.Pickens to DAL 37 for 8 yards (20-G.Newsome). The ball spot was assisted by replay.,DAL,NYG,PASS,56,1,14,14,0,0,3,3,3,9,29,2,8,0,0,1,0,0,,0,,,,00-0033077,1,0,SR,00-0037247,,8,00-0036996,,,,,,,,,,,,,,,0,,,,,,,0,,,,0,,,0,,,,0,,,0,,-0.293,00-0033077,0,5
7033,1155706,"(13:18) (Shotgun) PENALTY on DAL, Delay of Game, 4 yards, enforced at DAL 37 - No Play.",DAL,NYG,NOPL,19,1,13,18,0,0,3,3,4,1,37,2,0,0,0,1,0,0,,0,,,,,0,0,,,,,,,,,DAL,,Delay of Game,-4,NA,,,,,,,0,,,,,,,0,,,,0,,,0,,,,0,,,0,,-0.718,,0,
7033,1155707,"(12:59) 5-B.Anger punts 50 yards to NYG 17, Center-44-T.Sieg, fair catch by 87-B.Berrios.",DAL,NYG,PUNT,6,1,12,59,0,0,3,3,4,5,33,2,0,1,0,0,0,0,,0,,,,,0,0,,,,,,,,,,,,,,,,,,,,0,,,,,,,0,00-0029692,50,50,0,00-0034419,0,1,,,,0,,,0,,0.376,,0,
7033,1155708,(12:53) 44-C.Skattebo right tackle to NYG 22 for 5 yards (97-K.Clark).,NYG,DAL,RUSH,41,1,12,53,0,0,3,3,1,10,17,1,5,0,0,0,0,0,00-0040715,0,RT,00-0033120,,,0,0,,,,,,,,,,,,,,,,,,,,0,,,,,,,0,,,,0,,,0,,,,0,,,0,,-0.252,,0,5
7033,1155709,(12:12) 26-D.Singletary left tackle to NYG 26 for 4 yards (6-D.Ezeiruaku).,NYG,DAL,RUSH,38,1,12,12,0,0,3,3,2,5,22,2,4,1,0,0,0,0,00-0035250,0,LT,00-0040725,,,0,0,,,,,,,,,,,,,,,,,,,,0,,,,,,,0,,,,0,,,0,,,,0,,,0,,0.504,,0,5
7033,1155710,(11:34) 6-J.Dart up the middle to NYG 27 for 1 yard (0-D.Overshown; 91-O.Ogbonnia).,NYG,DAL,RUSH,45,1,11,34,0,0,3,3,3,1,26,2,1,1,1,0,0,0,00-0040691,0,RM,00-0038556,00-0037270,,0,0,,,,,,,,,,,,,,,,,,,,0,,,,,,,0,,,,0,,,0,,,,0,,,0,,0.403,,0,4
7033,1155711,(10:49) (Shotgun) 6-J.Dart pass short left to 1-M.Nabers to NYG 36 for 9 yards (26-D.Bland).,NYG,DAL,PASS,40,1,10,49,0,0,3,3,1,10,27,2,9,1,0,1,0,0,,0,,,,00-0040691,1,0,SL,00-0039337,,8,00-0037275,,,,,,,,,,,,,,,0,,,,,,,0,,,,0,,,0,,,,0,,,0,,0.89,00-0040691,0,4
7033,1155712,"(10:09) 44-C.Skattebo right end to NYG 39 for 3 yards (53-D.Winters; 34-J.Thompson). PENALTY on DAL-92-Q.Williams, Defensive Offside, 5 yards, enforced at NYG 36 - No Play.",NYG,DAL,NOPL,26,1,10,9,0,0,3,3,2,1,36,2,0,0,1,0,0,0,,0,,,,,0,0,,,,,,,,,DAL,00-0035718,Defensive Offside,5,NA,,,,,,,0,,,,,,,0,,,,0,,,0,,,,0,,,0,,-0.028,,0,4
7033,1155713,(9:43) 6-J.Dart pass incomplete short middle to 45-P.Ricard (99-L.Overton).,NYG,DAL,PASS,5,1,9,43,0,0,3,3,1,10,41,3,0,0,0,0,0,0,,0,,,,00-0040691,0,0,SM,00-0033376,00-0040880,-4,,,,,,,,,,,,,,,,0,,,,,,,0,,,,0,,,0,,,,0,,,0,,-0.496,00-0040691,0,4
7033,1155714,"(9:38) (Shotgun) 6-J.Dart left end ran ob at DAL 37 for 22 yards (0-D.Overshown). PENALTY on DAL-0-D.Overshown, Unnecessary Roughness, 15 yards, enforced at DAL 37.",NYG,DAL,RUSH,33,1,9,38,0,0,3,3,2,10,41,3,22,1,1,1,0,0,00-0040691,0,LE,00-0038556,,,0,0,,,,,,,,,DAL,00-0038556,Unnecessary Roughness,15,NA,,,,,,,0,,,,,,,0,,,,0,,,0,,,,0,,,0,,2.882,,0,5
7033,1155715,(9:05) 26-D.Singletary right tackle to DAL 19 for 3 yards (57-M.Lawrence; 34-J.Thompson).,NYG,DAL,RUSH,46,1,9,5,0,0,3,3,1,10,78,4,3,0,0,0,0,0,00-0035250,0,RT,00-0041537,00-0035705,,0,0,,,,,,,,,,,,,,,,,,,,0,,,,,,,0,,,,0,,,0,,,,0,,,0,,-0.311,,0,4
7033,1155716,(8:19) 44-C.Skattebo right guard to DAL 16 for 3 yards (0-D.Overshown; 26-D.Bland).,NYG,DAL,RUSH,47,1,8,19,0,0,3,3,2,7,81,5,3,0,0,0,0,0,00-0040715,0,RG,00-0038556,00-0037275,,0,0,,,,,,,,,,,,,,,,,,,,0,,,,,,,0,,,,0,,,0,,,,0,,,0,,-0.303,,0,4
7033,1155717,Timeout #1 by NYG at 07:32.,NA,NA,NOPL,0,1,7,32,0,0,0,0,0,0,NA,1,0,0,0,0,0,0,,0,,,,,0,0,,,,,,,,,,,,,,,,,,,,0,,,,,,,0,,,,0,,,0,,,,0,,,0,,0,,0,
7033,1155718,(7:32) (Shotgun) 6-J.Dart pass short middle to 9-I.Likely to DAL 3 for 13 yards (24-M.Hooker).,NYG,DAL,PASS,47,1,7,32,0,0,2,3,3,4,84,5,13,1,1,1,0,0,,0,,,,00-0040691,1,0,SM,00-0037838,,10,00-0033877,,,,,,,,,,,,,,,0,,,,,,,0,,,,0,,,0,,,,0,,,0,,2.037,00-0040691,1,5
7033,1155719,"(6:45) (Shotgun) 44-C.Skattebo left end for 3 yards, TOUCHDOWN.",NYG,DAL,RUSH,5,1,6,45,0,0,2,3,1,3,97,5,3,1,1,1,0,6,00-0040715,0,LE,,,,0,0,,,,,,,,,,,,,,,,,,,,0,,,,,,,0,,,,0,,,0,,,,0,,,1,RUSH,0.779,,0,4
7033,1155720,"34-D.Zvada extra point is GOOD, Center-58-B.Mann, Holder-15-J.Stout.",NYG,DAL,FGXP,0,1,6,40,6,0,2,3,0,0,85,5,0,1,0,0,0,1,,0,,,,,0,0,,,,,,,,,,,,,,,,,,,,0,,,,XP,00-0041145,33,1,,,,0,,,0,,,,0,,,0,,0.068,,0,
7033,1155721,"34-D.Zvada kicks 60 yards from NYG 35 to DAL 5. 9-K.Turpin to DAL 22 for 17 yards (54-M.Harrison). PENALTY on DAL-18-J.Mingo, Low Block, 11 yards, enforced at DAL 22.",DAL,NYG,KOFF,5,1,6,40,0,7,3,2,0,0,65,4,0,0,0,0,0,0,,0,,,,,0,0,,,,,,,,,DAL,00-0039062,Low Block,-11,NA,,,,,,,0,,,,,,,0,,,,0,,,0,00-0041145,60,43,0,00-0037801,17,0,,-1.002,,0,
7033,1155722,(6:35) (Shotgun) 33-J.Williams right tackle to DAL 16 for 5 yards (52-A.Reese).,DAL,NYG,RUSH,30,1,6,35,0,7,3,2,1,10,11,1,5,1,0,1,0,0,00-0036997,0,RT,00-0041509,,,0,0,,,,,,,,,,,,,,,,,,,,0,,,,,,,0,,,,0,,,0,,,,0,,,0,,0.035,,0,5
7033,1155723,(6:05) 67-D.Shelton reported in as eligible. 88-C.Lamb left end to DAL 16 for no gain (22-A.Phillips).,DAL,NYG,RUSH,42,1,6,5,0,7,3,2,2,5,16,1,0,0,0,0,0,0,00-0036358,0,LE,00-0039821,,,0,0,,,,,,,,,,,,,,,,,,,,0,,,,,,,0,,,,0,,,0,,,,0,,,0,,-0.838,,0,5
7033,1155724,(5:23) (Shotgun) 4-D.Prescott pass short right to 3-G.Pickens to DAL 25 for 9 yards (22-A.Phillips).,DAL,NYG,PASS,35,1,5,23,0,7,3,2,3,5,16,1,9,1,1,1,0,0,,0,,,,00-0033077,1,0,SR,00-0037247,,9,00-0039821,,,,,,,,,,,,,,,0,,,,,,,0,,,,0,,,0,,,,0,,,0,,1.826,00-0033077,1,5
7033,1155725,(4:48) 4-D.Prescott pass short right to 89-B.Spann-Ford pushed ob at DAL 33 for 8 yards (52-A.Reese).,DAL,NYG,PASS,37,1,4,48,0,7,3,2,1,10,25,2,8,1,0,0,0,0,,0,,,,00-0033077,1,0,SR,00-0039530,,1,00-0041509,,,,,,,,,,,,,,,0,,,,,,,0,,,,0,,,0,,,,0,,,0,,0.574,00-0033077,0,4
7033,1155726,(4:11) 33-J.Williams up the middle to DAL 33 for no gain (3-A.Carter; 5-K.Thibodeaux).,DAL,NYG,RUSH,43,1,4,11,0,7,3,2,2,2,33,2,0,0,0,0,0,0,00-0036997,0,RM,00-0040677,00-0037611,,0,0,,,,,,,,,,,,,,,,,,,,0,,,,,,,0,,,,0,,,0,,,,0,,,0,,-0.755,,0,5
7033,1155727,(3:28) (Shotgun) 33-J.Williams up the middle to DAL 37 for 4 yards (57-C.Golston).,DAL,NYG,RUSH,29,1,3,28,0,7,3,2,3,2,33,2,4,1,1,1,0,0,00-0036997,0,RM,00-0036982,,,0,0,,,,,,,,,,,,,,,,,,,,0,,,,,,,0,,,,0,,,0,,,,0,,,0,,0.927,,0,5
7033,1155728,(2:59) 4-D.Prescott pass incomplete deep left.,DAL,NYG,PASS,7,1,2,59,0,7,3,2,1,10,37,2,0,0,0,0,0,0,,0,,,,00-0033077,0,0,DL,,,21,,,,,,,,,,,,,,,,0,,,,,,,0,,,,0,,,0,,,,0,,,0,,-0.483,00-0033077,0,4
7033,1155729,(2:52) (Shotgun) 4-D.Prescott pass short right to 89-B.Spann-Ford to DAL 43 for 6 yards (49-T.Edmunds).,DAL,NYG,PASS,41,1,2,52,0,7,3,2,2,10,37,2,6,0,0,1,0,0,,0,,,,00-0033077,1,0,SR,00-0039530,,5,00-0034673,,,,,,,,,,,,,,,0,,,,,,,0,,,,0,,,0,,,,0,,,0,,-0.057,00-0033077,0,5
7033,1155730,"(2:11) (Shotgun) 4-D.Prescott pass incomplete deep right to 3-G.Pickens [52-A.Reese]. Penalty on DAL, Illegal Shift, declined.",DAL,NYG,PASS,6,1,2,11,0,7,3,2,3,4,43,3,0,0,0,1,0,0,,0,,,,00-0033077,0,0,DR,00-0037247,,20,,,,,,,,,,,,,,,,0,,,,,,,0,,,,0,,,0,,,,0,,,0,,-1.593,00-0033077,1,5
7033,1155731,"(2:05) 5-B.Anger punts 46 yards to NYG 11, Center-44-T.Sieg, fair catch by 87-B.Berrios.",DAL,NYG,PUNT,6,1,2,5,0,7,3,2,4,4,43,3,0,1,0,0,0,0,,0,,,,,0,0,,,,,,,,,,,,,,,,,,,,0,,,,,,,0,00-0029692,46,46,0,00-0034419,0,1,,,,0,,,0,,0.058,,0,
7033,1155732,(1:59) 44-C.Skattebo up the middle to NYG 16 for 5 yards (99-L.Overton; 34-J.Thompson).,NYG,DAL,RUSH,41,1,1,59,7,0,2,3,1,10,11,1,5,1,0,0,0,0,00-0040715,0,RM,00-0040880,00-0035705,,0,0,,,,,,,,,,,,,,,,,,,,0,,,,,,,0,,,,0,,,0,,,,0,,,0,,0.034,,0,4
7033,1155733,(1:18) 29-T.Tracy left tackle to NYG 22 for 6 yards (7-R.Gary; 90-J.Bullard).,NYG,DAL,RUSH,45,1,1,18,7,0,2,3,2,5,16,1,6,1,1,0,0,0,00-0039384,0,LT,00-0034967,00-0033093,,0,0,,,,,,,,,,,,,,,,,,,,0,,,,,,,0,,,,0,,,0,,,,0,,,0,,0.494,,0,4
7033,1155734,(:33) 6-J.Dart pass incomplete short right to 1-M.Nabers (2-C.Durant) [7-R.Gary].,NYG,DAL,PASS,5,1,0,33,7,0,2,3,1,10,22,2,0,0,0,0,0,0,,0,,,,00-0040691,0,0,SR,00-0039337,00-0037839,14,,,,,,,,,,,,,,,,0,,,,,,,0,,,,0,,,0,,,,0,,,0,,-0.567,00-0040691,0,4
7033,1155735,"(:28) (Shotgun) 6-J.Dart pass short middle to 9-I.Likely to NYG 29 for 7 yards (6-D.Ezeiruaku; 34-J.Thompson). FUMBLES (6-D.Ezeiruaku), recovered by NYG-45-P.Ricard at NYG 31.",NYG,DAL,PASS,28,1,0,28,7,0,2,3,2,10,22,2,7,1,0,1,0,0,,0,,,,00-0040691,1,0,SM,00-0037838,,6,00-0040725,00-0035705,,,,,,,,,,00-0037838,00-0033376,0,00-0040725,0,,,,,,,0,,,,0,,,0,,,,0,,,0,,0.947,00-0040691,0,5
7033,1155736,"(15:00) (Shotgun) PENALTY on DAL-55-J.Barham, Neutral Zone Infraction, 5 yards, enforced at NYG 31 - No Play.",NYG,DAL,NOPL,0,2,15,0,7,0,2,3,3,1,31,2,0,1,1,1,0,0,,0,,,,,0,0,,,,,,,,,DAL,00-0040872,Neutral Zone Infraction,5,NA,,,,,,,0,,,,,,,0,,,,0,,,0,,,,0,,,0,,0.736,,0,
7033,1155737,(15:00) 44-C.Skattebo left end to NYG 37 for 1 yard (91-O.Ogbonnia).,NYG,DAL,RUSH,47,2,15,0,7,0,2,3,1,10,36,2,1,0,0,0,0,0,00-0040715,0,LE,00-0037270,,,0,0,,,,,,,,,,,,,,,,,,,,0,,,,,,,0,,,,0,,,0,,,,0,,,0,,-0.6,,0,4
7033,1155738,(14:13) (Shotgun) 6-J.Dart pass short right to 1-M.Nabers to NYG 44 for 7 yards (13-C.Downs).,NYG,DAL,PASS,42,2,14,13,7,0,2,3,2,9,37,2,7,1,0,1,0,0,,0,,,,00-0040691,1,0,SR,00-0039337,,6,00-0040865,,,,,,,,,,,,,,,0,,,,,,,0,,,,0,,,0,,,,0,,,0,,0.296,00-0040691,0,4
7033,1155739,(13:31) 44-C.Skattebo right tackle to NYG 44 for no gain (97-K.Clark).,NYG,DAL,RUSH,46,2,13,31,7,0,2,3,3,2,44,3,0,0,0,0,0,0,00-0040715,0,RT,00-0033120,,,0,0,,,,,,,,,,,,,,,,,,,,0,,,,,,,0,,,,0,,,0,,,,0,,,0,,-1.697,,0,4
7033,1155740,"(12:45) (Shotgun) PENALTY on NYG-76-J.Runyan, False Start, 5 yards, enforced at NYG 44 - No Play.",NYG,DAL,NOPL,7,2,12,45,7,0,2,3,4,2,44,3,0,0,0,1,0,0,,0,,,,,0,0,,,,,,,,,NYG,00-0036246,False Start,-5,NA,,,,,,,0,,,,,,,0,,,,0,,,0,,,,0,,,0,,-0.499,,0,
7033,1155741,"(12:38) 15-J.Stout punts 46 yards to DAL 15, Center-58-B.Mann, downed by NYG-54-M.Harrison.",NYG,DAL,PUNT,10,2,12,38,7,0,2,3,4,7,39,2,0,1,0,0,0,0,,0,,,,,0,0,,,,,,,,,,,,,,,,,,,,0,,,,,,,0,00-0038094,46,46,0,,0,0,,,,0,,,0,,0.261,,0,
7033,1155742,(12:28) (Shotgun) 4-D.Prescott scrambles up the middle to DAL 25 for 10 yards (0-B.Burns).,DAL,NYG,RUSH,38,2,12,28,0,7,3,2,1,10,15,1,10,1,1,1,0,0,00-0033077,0,RM,00-0035713,,,0,0,,,,,,,,,,,,,,,,,,,,0,,,,,,,0,,,,0,,,0,,,,0,,,0,,0.707,00-0033077,0,4
7033,1155743,(11:50) 67-D.Shelton reported in as eligible. 33-J.Williams left tackle to DAL 30 for 5 yards (27-T.Nubin).,DAL,NYG,RUSH,44,2,11,50,0,7,3,2,1,10,25,2,5,1,0,0,0,0,00-0036997,0,LT,00-0039861,,,0,0,,,,,,,,,,,,,,,,,,,,0,,,,,,,0,,,,0,,,0,,,,0,,,0,,0.019,,0,4
7033,1155744,(11:06) (Shotgun) 4-D.Prescott scrambles right tackle to DAL 34 for 4 yards (20-G.Newsome; 49-T.Edmunds).,DAL,NYG,RUSH,41,2,11,6,0,7,3,2,2,5,30,2,4,1,0,1,0,0,00-0033077,0,RT,00-0036996,00-0034673,,0,0,,,,,,,,,,,,,,,,,,,,0,,,,,,,0,,,,0,,,0,,,,0,,,0,,0.23,00-0033077,0,5
7033,1155745,"(10:25) 33-J.Williams right guard to DAL 36 for 2 yards (57-C.Golston; 5-K.Thibodeaux). PENALTY on DAL-86-L.Schoonmaker, Offensive Holding, 10 yards, enforced at DAL 34 - No Play.",DAL,NYG,NOPL,28,2,10,25,0,7,3,2,3,1,34,2,0,0,0,0,0,0,,0,,,,,0,0,,,,,,,,,DAL,00-0038547,Offensive Holding,-10,NA,,,,,,,0,,,,,,,0,,,,0,,,0,,,,0,,,0,,-1.855,,0,4
7033,1155746,"(9:57) (Shotgun) 4-D.Prescott pass incomplete deep right to 3-G.Pickens (20-G.Newsome) [0-B.Burns]. PENALTY on NYG-20-G.Newsome, Defensive Pass Interference, 38 yards, enforced at DAL 24 - No Play.",DAL,NYG,NOPL,7,2,9,57,0,7,3,2,3,11,24,2,0,1,1,1,0,0,,0,,,,00-0033077,0,0,,,,0,,,,,NYG,00-0036996,Defensive Pass Interference,38,NA,,,,,,,0,,,,,,,0,,,,0,,,0,,,,0,,,0,,3.919,00-0033077,0,5
7033,1155747,(9:50) (Shotgun) 33-J.Williams left guard to NYG 35 for 3 yards (0-B.Burns).,DAL,NYG,RUSH,37,2,9,50,0,7,3,2,1,10,62,4,3,0,0,1,0,0,00-0036997,0,LG,00-0035713,,,0,0,,,,,,,,,,,,,,,,,,,,0,,,,,,,0,,,,0,,,0,,,,0,,,0,,-0.284,,0,5
7033,1155748,(9:13) (Shotgun) 4-D.Prescott pass short left to 9-K.Turpin to NYG 27 for 8 yards (2-D.Banks).,DAL,NYG,PASS,40,2,9,13,0,7,3,2,2,7,65,4,8,1,1,1,0,0,,0,,,,00-0033077,1,0,SL,00-0037801,,1,00-0039000,,,,,,,,,,,,,,,0,,,,,,,0,,,,0,,,0,,,,0,,,0,,0.933,00-0033077,0,5
7033,1155749,(8:33) (Shotgun) 31-E.Demercado left guard to NYG 23 for 4 yards (99-B.Okoye; 57-C.Golston).,DAL,NYG,RUSH,43,2,8,33,0,7,3,2,1,10,73,4,4,0,0,1,0,0,00-0038705,0,LG,00-0039176,00-0036982,,0,0,,,,,,,,,,,,,,,,,,,,0,,,,,,,0,,,,0,,,0,,,,0,,,0,,-0.078,,0,5
7033,1155750,"(7:50) (Shotgun) 4-D.Prescott pass short left to 33-J.Williams to NYG 12 for 11 yards (2-D.Banks). PENALTY on DAL-78-T.Steele, Illegal Use of Hands, 10 yards, enforced at NYG 23 - No Play.",DAL,NYG,NOPL,24,2,7,50,0,7,3,2,2,6,77,4,0,0,0,1,0,0,,0,,,,00-0033077,0,0,,,,0,,,,,DAL,00-0036036,Illegal Use of Hands,-10,NA,,,,,,,0,,,,,,,0,,,,0,,,0,,,,0,,,0,,-1.178,00-0033077,0,5
7033,1155751,(7:26) (Shotgun) 4-D.Prescott pass short left to 86-L.Schoonmaker to NYG 21 for 12 yards (27-T.Nubin).,DAL,NYG,PASS,41,2,7,26,0,7,3,2,2,16,67,4,12,1,0,1,0,0,,0,,,,00-0033077,1,0,SL,00-0038547,,12,00-0039861,,,,,,,,,,,,,,,0,,,,,,,0,,,,0,,,0,,,,0,,,0,,0.87,00-0033077,0,5
7033,1155752,"(6:45) (Shotgun) 4-D.Prescott pass incomplete deep right to 87-J.Ferguson (22-A.Phillips). PENALTY on NYG-22-A.Phillips, Defensive Pass Interference, 19 yards, enforced at NYG 21 - No Play.",DAL,NYG,NOPL,7,2,6,45,0,7,3,2,3,4,79,4,0,1,1,1,0,0,,0,,,,00-0033077,0,0,,,,0,,,,,NYG,00-0039821,Defensive Pass Interference,19,NA,,,,,,,0,,,,,,,0,,,,0,,,0,,,,0,,,0,,2.415,00-0033077,0,5
7033,1155753,(6:38) 33-J.Williams right guard to NYG 1 for 1 yard (98-D.Reader).,DAL,NYG,RUSH,39,2,6,38,0,7,3,2,1,2,98,5,1,0,0,0,0,0,00-0036997,0,RG,00-0032424,,,0,0,,,,,,,,,,,,,,,,,,,,0,,,,,,,0,,,,0,,,0,,,,0,,,0,,-0.046,,0,4
7033,1155754,"(5:59) (Shotgun) 33-J.Williams right tackle for 1 yard, TOUCHDOWN. The Replay Official reviewed the runner broke the plane ruling, and the play was REVERSED. (Shotgun) 33-J.Williams right tackle to NYG 1 for no gain (49-T.Edmunds).",DAL,NYG,RUSH,11,2,5,59,0,7,3,2,2,1,99,5,0,0,0,1,0,0,00-0036997,0,RT,00-0034673,,,0,0,,,,,,,,,,,,,,,,,,,,0,,,,,,,0,,,,0,,,0,,,,0,,,0,,-0.392,,0,5
7033,1155755,"(5:48) (Shotgun) 4-D.Prescott pass short left to 88-C.Lamb for 1 yard, TOUCHDOWN.",DAL,NYG,PASS,4,2,5,48,0,7,3,2,3,1,99,5,1,1,1,1,0,6,,0,,,,00-0033077,1,0,SL,00-0036358,,1,,,,,,,,,,,,,,,,0,,,,,,,0,,,,0,,,0,,,,0,,,1,REC,1.248,00-0033077,0,4
7033,1155756,"17-B.Aubrey extra point is GOOD, Center-44-T.Sieg, Holder-5-B.Anger.",DAL,NYG,FGXP,0,2,5,44,6,7,3,2,0,0,85,5,0,1,0,0,0,1,,0,,,,,0,0,,,,,,,,,,,,,,,,,,,,0,,,,XP,00-0037692,33,1,,,,0,,,0,,,,0,,,0,,0.068,,0,
7033,1155757,"17-B.Aubrey kicks 58 yards from DAL 35 to NYG 7. 2-D.Banks to NYG 41 for 34 yards (89-B.Spann-Ford; 13-C.Downs). PENALTY on NYG-28-E.Campbell, Offensive Holding, 10 yards, enforced at NYG 25.",NYG,DAL,KOFF,6,2,5,44,7,7,2,3,0,0,65,4,0,0,0,0,0,0,,0,,,,,0,0,,,,,,,,,NYG,00-0034248,Offensive Holding,-10,NA,,,,,,,0,,,,,,,0,,,,0,,,0,00-0037692,58,40,0,00-0039000,18,0,,-0.59,,0,
7033,1155758,(5:38) 6-J.Dart left end ran ob at NYG 31 for 16 yards (55-J.Barham).,NYG,DAL,RUSH,37,2,5,38,7,7,2,3,1,10,15,1,16,1,1,0,0,0,00-0040691,0,LE,00-0040872,,,0,0,,,,,,,,,,,,,,,,,,,,0,,,,,,,0,,,,0,,,0,,,,0,,,0,,1.016,,0,4
7033,1155759,(5:01) (Shotgun) 6-J.Dart sacked at NYG 31 for 0 yards (sack split by 6-D.Ezeiruaku and 90-J.Bullard).,NYG,DAL,PASS,42,2,5,1,7,7,2,3,1,10,31,2,0,0,0,1,0,0,,0,,,,,0,0,,,,,,,00-0040725,00-0033093,,,,,,,,,,,,0,,,,,,,0,,,,0,,,0,,,,0,,,0,,-0.369,00-0040691,0,4
7033,1155760,(4:19) (Shotgun) 6-J.Dart pass incomplete deep left to 88-M.Fields [6-D.Ezeiruaku].,NYG,DAL,PASS,5,2,4,19,7,7,2,3,2,10,31,2,0,0,0,1,0,0,,0,,,,00-0040691,0,0,DL,00-0041042,,26,,,,,,,,,,,,,,,,0,,,,,,,0,,,,0,,,0,,,,0,,,0,,-0.614,00-0040691,0,5
7033,1155761,(4:14) (Shotgun) 6-J.Dart pass short left to 9-I.Likely pushed ob at 50 for 19 yards (28-S.Revel) [92-Q.Williams].,NYG,DAL,PASS,35,2,4,14,7,7,2,3,3,10,31,2,19,1,1,1,0,0,,0,,,,00-0040691,1,0,SL,00-0037838,,14,00-0040008,,,,,,,,,,,,,,,0,,,,,,,0,,,,0,,,0,,,,0,,,0,,2.041,00-0040691,0,6
7033,1155762,(3:39) 26-D.Singletary left tackle to DAL 47 for 3 yards (91-O.Ogbonnia).,NYG,DAL,RUSH,38,2,3,39,7,7,2,3,1,10,50,3,3,0,0,0,0,0,00-0035250,0,LT,00-0037270,,,0,0,,,,,,,,,,,,,,,,,,,,0,,,,,,,0,,,,0,,,0,,,,0,,,0,,-0.133,,0,4
7033,1155763,(3:01) 6-J.Dart pass short left to 88-M.Fields pushed ob at DAL 28 for 19 yards (53-D.Winters).,NYG,DAL,PASS,25,2,3,1,7,7,2,3,2,7,53,3,19,1,1,0,0,0,,0,,,,00-0040691,1,0,SL,00-0041042,,4,00-0038625,,,,,,,,,,,,,,,0,,,,,,,0,,,,0,,,0,,,,0,,,0,,1.487,00-0040691,0,5
7033,1155764,"(2:36) (No Huddle, Shotgun) 6-J.Dart sacked at DAL 36 for -8 yards (13-C.Downs). FUMBLES (13-C.Downs) [13-C.Downs], recovered by NYG-76-J.Runyan at DAL 34. 76-J.Runyan to DAL 29 for 5 yards (53-D.Winters).",NYG,DAL,PASS,36,2,2,36,7,7,2,3,1,10,72,4,-1,0,0,1,1,0,,0,,,,,0,0,,,,,,,00-0040865,,,,,,,,,00-0040691,00-0036246,0,00-0040865,0,,,,,,,0,,,,0,,,0,,,,0,,,0,,-0.556,00-0040691,0,5
7033,1155765,"(2:00) (Shotgun) 29-T.Tracy left end to DAL 21 for 8 yards (92-Q.Williams). FUMBLES (92-Q.Williams), RECOVERED by DAL-28-S.Revel at DAL 19. 28-S.Revel to DAL 16 for -3 yards (78-A.Thomas).",NYG,DAL,RUSH,10,2,2,0,7,7,2,3,2,11,71,4,8,0,0,1,0,0,00-0039384,0,LE,00-0035718,,,0,0,,,,,,,,,,,,,,,,00-0039384,00-0040008,-3,00-0035718,1,,,,,,,0,,,,0,,,0,,,,0,,,0,,-3.183,,0,5
7033,1155766,(1:50) 33-J.Williams right guard to DAL 22 for 6 yards (52-A.Reese).,DAL,NYG,RUSH,26,2,1,50,7,7,3,2,1,10,16,1,6,1,0,0,0,0,00-0036997,0,RG,00-0041509,,,0,0,,,,,,,,,,,,,,,,,,,,0,,,,,,,0,,,,0,,,0,,,,0,,,0,,0.269,,0,5
7033,1155767,(1:24) (Shotgun) 4-D.Prescott pass incomplete deep right to 3-G.Pickens.,DAL,NYG,PASS,6,2,1,24,7,7,3,2,2,4,22,2,0,0,0,1,0,0,,0,,,,00-0033077,0,0,DR,00-0037247,,32,,,,,,,,,,,,,,,,0,,,,,,,0,,,,0,,,0,,,,0,,,0,,-0.273,00-0033077,0,5
7033,1155768,(1:18) (Shotgun) 4-D.Prescott pass short left to 88-C.Lamb pushed ob at DAL 31 for 9 yards (5-K.Thibodeaux).,DAL,NYG,PASS,5,2,1,18,7,7,3,2,3,4,22,2,9,1,1,1,0,0,,0,,,,00-0033077,1,0,SL,00-0036358,,-2,00-0037611,,,,,,,,,,,,,,,0,,,,,,,0,,,,0,,,0,,,,0,,,0,,0.67,00-0033077,0,5
7033,1155769,"(1:13) (No Huddle, Shotgun) 4-D.Prescott pass incomplete deep left [5-K.Thibodeaux].",DAL,NYG,PASS,6,2,1,13,7,7,3,2,1,10,31,2,0,0,0,1,1,0,,0,,,,00-0033077,0,0,DL,,,25,,,,,,,,,,,,,,,,0,,,,,,,0,,,,0,,,0,,,,0,,,0,,-0.139,00-0033077,1,5
7033,1155770,(1:07) (Shotgun) 4-D.Prescott pass short left to 19-R.Flournoy to DAL 36 for 5 yards (2-D.Banks).,DAL,NYG,PASS,9,2,1,7,7,7,3,2,2,10,31,2,5,0,0,1,0,0,,0,,,,00-0033077,1,0,SL,00-0039410,,3,00-0039000,,,,,,,,,,,,,,,0,,,,,,,0,,,,0,,,0,,,,0,,,0,,-0.161,00-0033077,1,5
7033,1155771,Timeout #1 by DAL at 00:58.,NA,NA,NOPL,0,2,0,58,0,0,0,0,0,0,NA,1,0,0,0,0,0,0,,0,,,,,0,0,,,,,,,,,,,,,,,,,,,,0,,,,,,,0,,,,0,,,0,,,,0,,,0,,0,,0,
7033,1155772,(:58) (Shotgun) 4-D.Prescott pass deep right INTERCEPTED by 8-J.Holland at NYG 45. 8-J.Holland ran ob at NYG 45 for no gain.,DAL,NYG,PASS,9,2,0,58,7,7,2,2,3,5,36,2,0,0,0,1,0,0,,0,,,,00-0033077,0,0,DR,,00-0036998,19,,,,,,,,,,00-0036998,0,,,,,0,,,,,,,0,,,,0,,,0,,,,0,,,0,,-1.975,00-0033077,0,5
7033,1155773,(:49) (Shotgun) 6-J.Dart pass incomplete short left to 1-M.Nabers.,NYG,DAL,PASS,4,2,0,49,7,7,2,2,1,10,45,3,0,0,0,1,0,0,,0,,,,00-0040691,0,0,SL,00-0039337,,14,,,,,,,,,,,,,,,,0,,,,,,,0,,,,0,,,0,,,,0,,,0,,-0.182,00-0040691,1,5
7033,1155774,(:45) (Shotgun) 6-J.Dart pass short left to 88-M.Fields to DAL 49 for 6 yards (26-D.Bland).,NYG,DAL,PASS,5,2,0,45,7,7,2,2,2,10,45,3,6,1,0,1,0,0,,0,,,,00-0040691,1,0,SL,00-0041042,,6,00-0037275,,,,,,,,,,,,,,,0,,,,,,,0,,,,0,,,0,,,,0,,,0,,0.183,00-0040691,0,5
7033,1155775,Timeout #2 by NYG at 00:40.,NA,NA,NOPL,0,2,0,40,0,0,0,0,0,0,NA,1,0,0,0,0,0,0,,0,,,,,0,0,,,,,,,,,,,,,,,,,,,,0,,,,,,,0,,,,0,,,0,,,,0,,,0,,0,,0,
7033,1155776,"(:40) (Shotgun) PENALTY on NYG-76-J.Runyan, False Start, 5 yards, enforced at DAL 49 - No Play.",NYG,DAL,NOPL,0,2,0,40,7,7,1,2,3,4,51,3,0,0,0,1,0,0,,0,,,,,0,0,,,,,,,,,NYG,00-0036246,False Start,-5,NA,,,,,,,0,,,,,,,0,,,,0,,,0,,,,0,,,0,,-0.456,,0,
7033,1155777,(:40) (Shotgun) 6-J.Dart pass deep left to 1-M.Nabers ran ob at DAL 38 for 16 yards.,NYG,DAL,PASS,5,2,0,40,7,7,1,2,3,9,46,3,16,1,1,1,0,0,,0,,,,00-0040691,1,0,DL,00-0039337,,16,,,,,,,,,,,,,,,,0,,,,,,,0,,,,0,,,0,,,,0,,,0,,1.674,00-0040691,1,5
7033,1155778,(:35) (Shotgun) 6-J.Dart pass deep right to 17-D.Mooney ran ob at DAL 20 for 18 yards.,NYG,DAL,PASS,4,2,0,35,7,7,1,2,1,10,62,4,18,1,1,1,0,0,,0,,,,00-0040691,1,0,DR,00-0036309,,18,,,,,,,,,,,,,,,,0,,,,,,,0,,,,0,,,0,,,,0,,,0,,1.295,00-0040691,0,5
7033,1155779,(:31) (Shotgun) 6-J.Dart pass short right to 9-I.Likely pushed ob at DAL 15 for 5 yards (53-D.Winters).,NYG,DAL,PASS,6,2,0,31,7,7,1,2,1,10,80,5,5,1,0,1,0,0,,0,,,,00-0040691,1,0,SR,00-0037838,,4,00-0038625,,,,,,,,,,,,,,,0,,,,,,,0,,,,0,,,0,,,,0,,,0,,0.169,00-0040691,1,5
7033,1155780,"(:25) (Shotgun) 6-J.Dart pass short right to 9-I.Likely for 15 yards, TOUCHDOWN.",NYG,DAL,PASS,5,2,0,25,7,7,1,2,2,5,85,5,15,1,1,1,0,6,,0,,,,00-0040691,1,0,SR,00-0037838,,15,,,,,,,,,,,,,,,,0,,,,,,,0,,,,0,,,0,,,,0,,,1,REC,2.992,00-0040691,1,5
7033,1155781,"34-D.Zvada extra point is GOOD, Center-58-B.Mann, Holder-15-J.Stout.",NYG,DAL,FGXP,0,2,0,20,13,7,1,2,0,0,85,5,0,1,0,0,0,1,,0,,,,,0,0,,,,,,,,,,,,,,,,,,,,0,,,,XP,00-0041145,33,1,,,,0,,,0,,,,0,,,0,,0.068,,0,
7033,1155782,34-D.Zvada kicks 64 yards from NYG 35 to DAL 1. 9-K.Turpin to DAL 32 for 31 yards (54-M.Harrison).,DAL,NYG,KOFF,6,2,0,20,7,14,2,1,0,0,65,4,0,0,0,0,0,0,,0,,,,,0,0,,,,,,,,,,,,,,,,,,,,0,,,,,,,0,,,,0,,,0,00-0041145,64,33,0,00-0037801,31,0,,-0.061,,0,
7033,1155783,Timeout #3 by NYG at 00:14.,NA,NA,NOPL,0,2,0,14,0,0,0,0,0,0,NA,1,0,0,0,0,0,0,,0,,,,,0,0,,,,,,,,,,,,,,,,,,,,0,,,,,,,0,,,,0,,,0,,,,0,,,0,,0,,0,
7033,1155784,(:14) (Shotgun) 4-D.Prescott pass short right to 87-J.Ferguson to DAL 38 for 6 yards (49-T.Edmunds).,DAL,NYG,PASS,5,2,0,14,7,14,2,0,1,10,32,2,6,1,0,1,0,0,,0,,,,00-0033077,1,0,SR,00-0038041,,6,00-0034673,,,,,,,,,,,,,,,0,,,,,,,0,,,,0,,,0,,,,0,,,0,,0.053,00-0033077,1,5
7033,1155785,Timeout #2 by DAL at 00:09.,NA,NA,NOPL,0,2,0,9,0,0,0,0,0,0,NA,1,0,0,0,0,0,0,,0,,,,,0,0,,,,,,,,,,,,,,,,,,,,0,,,,,,,0,,,,0,,,0,,,,0,,,0,,0,,0,
7033,1155786,(:09) (Shotgun) 4-D.Prescott pass incomplete short left to 19-R.Flournoy (2-D.Banks).,DAL,NYG,PASS,6,2,0,9,7,14,1,0,2,4,38,2,0,0,0,1,0,0,,0,,,,00-0033077,0,0,SL,00-0039410,00-0039000,15,,,,,,,,,,,,,,,,0,,,,,,,0,,,,0,,,0,,,,0,,,0,,-0.068,00-0033077,1,5
7033,1155787,(:03) (Shotgun) 30-H.Luepke up the middle to DAL 45 for 7 yards (57-C.Golston).,DAL,NYG,RUSH,3,2,0,3,7,14,1,0,3,4,38,2,7,0,1,1,0,0,00-0038738,0,RM,00-0036982,,,0,0,,,,,,,,,,,,,,,,,,,,0,,,,,,,0,,,,0,,,0,,,,0,,,0,,-0.072,,0,5
7033,1155788,"17-B.Aubrey kicks 59 yards from DAL 35 to NYG 6. 2-D.Banks MUFFS catch, and recovers at NYG 7. 2-D.Banks to NYG 26 for 19 yards (14-M.Bell).",NYG,DAL,KOFF,5,3,15,0,14,7,3,3,0,0,65,4,0,1,0,0,0,0,,0,,,,,0,0,,,,,,,,,,,,,,,,,,,,0,,,,,,,0,,,,0,,,0,00-0037692,59,40,0,00-0039000,19,0,,0.039,,0,
7033,1155789,(14:55) 44-C.Skattebo left tackle to NYG 31 for 5 yards (6-D.Ezeiruaku; 0-D.Overshown).,NYG,DAL,RUSH,39,3,14,55,14,7,3,3,1,10,26,2,5,1,0,0,0,0,00-0040715,0,LT,00-0040725,00-0038556,,0,0,,,,,,,,,,,,,,,,,,,,0,,,,,,,0,,,,0,,,0,,,,0,,,0,,0.047,,0,4
7033,1155790,(14:16) (Shotgun) 44-C.Skattebo right guard to NYG 38 for 7 yards (2-C.Durant; 34-J.Thompson).,NYG,DAL,RUSH,35,3,14,16,14,7,3,3,2,5,31,2,7,1,1,1,0,0,00-0040715,0,RG,00-0037839,00-0035705,,0,0,,,,,,,,,,,,,,,,,,,,0,,,,,,,0,,,,0,,,0,,,,0,,,0,,0.766,,0,5
7033,1155791,(13:41) 6-J.Dart pass short left to 84-T.Johnson to NYG 47 for 9 yards (34-J.Thompson).,NYG,DAL,PASS,48,3,13,41,14,7,3,3,1,10,38,2,9,1,0,0,0,0,,0,,,,00-0040691,1,0,SL,00-0039847,,2,00-0035705,,,,,,,,,,,,,,,0,,,,,,,0,,,,0,,,0,,,,0,,,0,,0.859,00-0040691,0,5
7033,1155792,(12:53) 44-C.Skattebo left guard to DAL 46 for 7 yards (6-D.Ezeiruaku).,NYG,DAL,RUSH,45,3,12,53,14,7,3,3,2,1,47,3,7,1,1,0,0,0,00-0040715,0,LG,00-0040725,,,0,0,,,,,,,,,,,,,,,,,,,,0,,,,,,,0,,,,0,,,0,,,,0,,,0,,0.085,,0,4
7033,1155793,(12:08) 26-D.Singletary left guard to DAL 45 for 1 yard (13-C.Downs; 92-Q.Williams).,NYG,DAL,RUSH,43,3,12,8,14,7,3,3,1,10,54,3,1,0,0,0,0,0,00-0035250,0,LG,00-0040865,00-0035718,,0,0,,,,,,,,,,,,,,,,,,,,0,,,,,,,0,,,,0,,,0,,,,0,,,0,,-0.501,,0,5
7033,1155794,(11:25) 6-J.Dart pass short middle to 1-M.Nabers to DAL 29 for 16 yards (13-C.Downs).,NYG,DAL,PASS,48,3,11,25,14,7,3,3,2,9,55,3,16,1,1,0,0,0,,0,,,,00-0040691,1,0,SM,00-0039337,,15,00-0040865,,,,,,,,,,,,,,,0,,,,,,,0,,,,0,,,0,,,,0,,,0,,1.521,00-0040691,0,5
7033,1155795,(10:37) 26-D.Singletary up the middle to DAL 27 for 2 yards (91-O.Ogbonnia; 0-D.Overshown).,NYG,DAL,RUSH,42,3,10,37,14,7,3,3,1,10,71,4,2,0,0,0,0,0,00-0035250,0,RM,00-0037270,00-0038556,,0,0,,,,,,,,,,,,,,,,,,,,0,,,,,,,0,,,,0,,,0,,,,0,,,0,,-0.376,,0,4
7033,1155796,(9:55) (Shotgun) 6-J.Dart pass short middle to 17-D.Mooney to DAL 18 for 9 yards (53-D.Winters).,NYG,DAL,PASS,42,3,9,55,14,7,3,3,2,8,73,4,9,1,1,1,0,0,,0,,,,00-0040691,1,0,SM,00-0036309,,7,00-0038625,,,,,,,,,,,,,,,0,,,,,,,0,,,,0,,,0,,,,0,,,0,,1.138,00-0040691,0,5
7033,1155797,Timeout #1 by DAL at 09:13.,NA,NA,NOPL,0,3,9,13,0,0,0,0,0,0,NA,1,0,0,0,0,0,0,,0,,,,,0,0,,,,,,,,,,,,,,,,,,,,0,,,,,,,0,,,,0,,,0,,,,0,,,0,,0,,0,
7033,1155798,(9:13) 44-C.Skattebo left tackle to DAL 17 for 1 yard (6-D.Ezeiruaku; 0-D.Overshown).,NYG,DAL,RUSH,45,3,9,13,14,7,3,2,1,10,82,5,1,0,0,0,0,0,00-0040715,0,LT,00-0040725,00-0038556,,0,0,,,,,,,,,,,,,,,,,,,,0,,,,,,,0,,,,0,,,0,,,,0,,,0,,-0.469,,0,4
7033,1155799,(8:28) (Shotgun) 6-J.Dart pass short middle to 1-M.Nabers to DAL 4 for 13 yards (34-J.Thompson).,NYG,DAL,PASS,44,3,8,28,14,7,3,2,2,9,83,5,13,1,1,1,0,0,,0,,,,00-0040691,1,0,SM,00-0039337,,6,00-0035705,,,,,,,,,,,,,,,0,,,,,,,0,,,,0,,,0,,,,0,,,0,,1.535,00-0040691,0,4
7033,1155800,(7:44) (Shotgun) 44-C.Skattebo left tackle to DAL 2 for 2 yards (13-C.Downs; 6-D.Ezeiruaku).,NYG,DAL,RUSH,40,3,7,44,14,7,3,2,1,4,96,5,2,0,0,1,0,0,00-0040715,0,LT,00-0040865,00-0040725,,0,0,,,,,,,,,,,,,,,,,,,,0,,,,,,,0,,,,0,,,0,,,,0,,,0,,-0.059,,0,5
7033,1155801,"(7:04) 6-J.Dart pass short right to 9-I.Likely for 2 yards, TOUCHDOWN.",NYG,DAL,PASS,5,3,7,4,14,7,3,2,2,2,98,5,2,1,1,0,0,6,,0,,,,00-0040691,1,0,SR,00-0037838,,-1,,,,,,,,,,,,,,,,0,,,,,,,0,,,,0,,,0,,,,0,,,1,REC,0.941,00-0040691,0,4
7033,1155802,"34-D.Zvada extra point is GOOD, Center-58-B.Mann, Holder-15-J.Stout.",NYG,DAL,FGXP,0,3,6,59,20,7,3,2,0,0,85,5,0,1,0,0,0,1,,0,,,,,0,0,,,,,,,,,,,,,,,,,,,,0,,,,XP,00-0041145,33,1,,,,0,,,0,,,,0,,,0,,0.068,,0,
7033,1155803,34-D.Zvada kicks 64 yards from NYG 35 to DAL 1. 9-K.Turpin to DAL 25 for 24 yards (24-A.Washington; 57-C.Golston).,DAL,NYG,KOFF,6,3,6,59,7,21,2,3,0,0,65,4,0,0,0,0,0,0,,0,,,,,0,0,,,,,,,,,,,,,,,,,,,,0,,,,,,,0,,,,0,,,0,00-0041145,64,40,0,00-0037801,24,0,,-0.002,,0,
7033,1155804,(6:53) (Shotgun) 4-D.Prescott pass incomplete short left to 19-R.Flournoy.,DAL,NYG,PASS,2,3,6,53,7,21,2,3,1,10,25,2,0,0,0,1,0,0,,0,,,,00-0033077,0,0,SL,00-0039410,,-3,,,,,,,,,,,,,,,,0,,,,,,,0,,,,0,,,0,,,,0,,,0,,-0.573,00-0033077,0,5
7033,1155805,(6:51) (Shotgun) 4-D.Prescott pass short right to 88-C.Lamb to DAL 38 for 13 yards (49-T.Edmunds).,DAL,NYG,PASS,33,3,6,51,7,21,2,3,2,10,25,2,13,1,1,1,0,0,,0,,,,00-0033077,1,0,SR,00-0036358,,6,00-0034673,,,,,,,,,,,,,,,0,,,,,,,0,,,,0,,,0,,,,0,,,0,,1.382,00-0033077,0,5
7033,1155806,(6:18) 4-D.Prescott pass incomplete short right [3-A.Carter].,DAL,NYG,PASS,5,3,6,18,7,21,2,3,1,10,38,2,0,0,0,0,0,0,,0,,,,00-0033077,0,0,SR,,,2,,,,,,,,,,,,,,,,0,,,,,,,0,,,,0,,,0,,,,0,,,0,,-0.53,00-0033077,0,5
7033,1155807,(6:13) (Shotgun) 4-D.Prescott pass short left to 3-G.Pickens to DAL 49 for 11 yards (2-D.Banks).,DAL,NYG,PASS,39,3,6,13,7,21,2,3,2,10,38,2,11,1,1,1,0,0,,0,,,,00-0033077,1,0,SL,00-0037247,,6,00-0039000,,,,,,,,,,,,,,,0,,,,,,,0,,,,0,,,0,,,,0,,,0,,1.408,00-0033077,0,5
7033,1155808,(5:34) (Shotgun) 33-J.Williams up the middle to NYG 44 for 7 yards (27-T.Nubin).,DAL,NYG,RUSH,41,3,5,34,7,21,2,3,1,10,49,3,7,1,0,1,0,0,00-0036997,0,RM,00-0039861,,,0,0,,,,,,,,,,,,,,,,,,,,0,,,,,,,0,,,,0,,,0,,,,0,,,0,,0.347,,0,5
7033,1155809,(4:53) (Shotgun) 4-D.Prescott pass short right to 33-J.Williams to NYG 34 for 10 yards (52-A.Reese).,DAL,NYG,PASS,40,3,4,53,7,21,2,3,2,3,56,3,10,1,1,1,0,0,,0,,,,00-0033077,1,0,SR,00-0036997,,-6,00-0041509,,,,,,,,,,,,,,,0,,,,,,,0,,,,0,,,0,,,,0,,,0,,0.832,00-0033077,0,5
7033,1155810,(4:13) (Shotgun) 33-J.Williams up the middle to NYG 26 for 8 yards (8-J.Holland).,DAL,NYG,RUSH,36,3,4,13,7,21,2,3,1,10,66,4,8,1,0,1,0,0,00-0036997,0,RM,00-0036998,,,0,0,,,,,,,,,,,,,,,,,,,,0,,,,,,,0,,,,0,,,0,,,,0,,,0,,0.715,,0,5
7033,1155811,"(3:37) (Shotgun) 4-D.Prescott pass incomplete deep right to 88-C.Lamb. PENALTY on NYG-22-A.Phillips, Defensive Pass Interference, 11 yards, enforced at NYG 26 - No Play.",DAL,NYG,NOPL,6,3,3,37,7,21,2,3,2,2,74,4,0,1,1,1,0,0,,0,,,,00-0033077,0,0,,,,0,,,,,NYG,00-0039821,Defensive Pass Interference,11,NA,,,,,,,0,,,,,,,0,,,,0,,,0,,,,0,,,0,,0.757,00-0033077,0,5
7033,1155812,(3:31) 67-D.Shelton reported in as eligible. 31-E.Demercado up the middle to NYG 12 for 3 yards (49-T.Edmunds).,DAL,NYG,RUSH,44,3,3,31,7,21,2,3,1,10,85,5,3,0,0,0,0,0,00-0038705,0,RM,00-0034673,,,0,0,,,,,,,,,,,,,,,,,,,,0,,,,,,,0,,,,0,,,0,,,,0,,,0,,-0.242,,0,5
7033,1155813,"(2:47) (Shotgun) 4-D.Prescott pass short right to 33-J.Williams to NYG 17 for -5 yards (52-A.Reese, 3-A.Carter).",DAL,NYG,PASS,48,3,2,47,7,21,2,3,2,7,88,5,-5,0,0,1,0,0,,0,,,,00-0033077,1,0,SR,00-0036997,,-7,00-0041509,00-0040677,,,,,,,,,,,,,,0,,,,,,,0,,,,0,,,0,,,,0,,,0,,-1.366,00-0033077,0,4
7033,1155814,(1:59) (Shotgun) 4-D.Prescott pass short left to 88-C.Lamb to NYG 2 for 15 yards (21-P.Adebo).,DAL,NYG,PASS,31,3,1,59,7,21,2,3,3,12,83,5,15,1,1,1,0,0,,0,,,,00-0033077,1,0,SL,00-0036358,,15,00-0036937,,,,,,,,,,,,,,,0,,,,,,,0,,,,0,,,0,,,,0,,,0,,3.006,00-0033077,0,5
7033,1155815,"(1:28) (No Huddle, Shotgun) 4-D.Prescott pass incomplete short right to 88-C.Lamb. PENALTY on NYG-22-A.Phillips, Defensive Pass Interference, 1 yard, enforced at NYG 2 - No Play.",DAL,NYG,NOPL,3,3,1,28,7,21,2,3,1,2,98,5,0,1,1,1,1,0,,0,,,,00-0033077,0,0,,,,0,,,,,NYG,00-0039821,Defensive Pass Interference,1,NA,,,,,,,0,,,,,,,0,,,,0,,,0,,,,0,,,0,,0.176,00-0033077,0,5
7033,1155816,(1:25) 4-D.Prescott pass short right to 87-J.Ferguson to NYG 1 for no gain (49-T.Edmunds).,DAL,NYG,PASS,44,3,1,25,7,21,2,3,1,1,99,5,0,0,0,0,0,0,,0,,,,00-0033077,1,0,SR,00-0038041,,0,00-0034673,,,,,,,,,,,,,,,0,,,,,,,0,,,,0,,,0,,,,0,,,0,,-0.263,00-0033077,0,4
7033,1155817,"(:41) 33-J.Williams right tackle for 1 yard, TOUCHDOWN.",DAL,NYG,RUSH,4,3,0,41,7,21,2,3,2,1,99,5,1,1,1,0,0,6,00-0036997,0,RT,,,,0,0,,,,,,,,,,,,,,,,,,,,0,,,,,,,0,,,,0,,,0,,,,0,,,1,RUSH,0.925,,0,4
7033,1155818,"17-B.Aubrey extra point is GOOD, Center-44-T.Sieg, Holder-5-B.Anger.",DAL,NYG,FGXP,0,3,0,37,13,21,2,3,0,0,85,5,0,1,0,0,0,1,,0,,,,,0,0,,,,,,,,,,,,,,,,,,,,0,,,,XP,00-0037692,33,1,,,,0,,,0,,,,0,,,0,,0.068,,0,
7033,1155819,"17-B.Aubrey kicks 65 yards from DAL 35 to end zone, Touchback to the NYG 35.",NYG,DAL,KOFF,0,3,0,37,21,14,3,2,0,0,65,4,0,1,0,0,0,0,,0,,,,,0,0,,,,,,,,,,,,,,,,,,,,0,,,,,,,0,,,,0,,,0,00-0037692,65,65,1,,0,0,,0.552,,0,
7033,1155820,(:37) 6-J.Dart scrambles right end ran ob at NYG 37 for 2 yards (55-J.Barham). DAL-24-M.Hooker was injured during the play.,NYG,DAL,RUSH,37,3,0,37,21,14,3,2,1,10,35,2,2,0,0,0,0,0,00-0040691,0,RE,00-0040872,,,0,0,,,,,,,,,,,,,,,,,,,,0,,,,,,,0,,,,0,,,0,,,,0,,,0,,-0.341,00-0040691,0,4
7033,1155821,(15:00) (Shotgun) 6-J.Dart right end to NYG 44 for 7 yards (57-M.Lawrence; 26-D.Bland).,NYG,DAL,RUSH,40,4,15,0,21,14,3,2,2,8,37,2,7,1,0,1,0,0,00-0040691,0,RE,00-0041537,00-0037275,,0,0,,,,,,,,,,,,,,,,,,,,0,,,,,,,0,,,,0,,,0,,,,0,,,0,,0.506,,0,5
7033,1155822,(14:20) 6-J.Dart left guard to NYG 46 for 2 yards (57-M.Lawrence).,NYG,DAL,RUSH,42,4,14,20,21,14,3,2,3,1,44,3,2,1,1,0,0,0,00-0040691,0,LG,00-0041537,,,0,0,,,,,,,,,,,,,,,,,,,,0,,,,,,,0,,,,0,,,0,,,,0,,,0,,0.492,,0,4
7033,1155823,(13:38) 6-J.Dart scrambles up the middle to DAL 46 for 8 yards (55-J.Barham; 0-D.Overshown).,NYG,DAL,RUSH,43,4,13,38,21,14,3,2,1,10,46,3,8,1,0,0,0,0,00-0040691,0,RM,00-0040872,00-0038556,,0,0,,,,,,,,,,,,,,,,,,,,0,,,,,,,0,,,,0,,,0,,,,0,,,0,,0.441,00-0040691,0,4
7033,1155824,(12:55) 44-C.Skattebo left guard to DAL 38 for 8 yards (55-J.Barham; 1-P.Locke).,NYG,DAL,RUSH,45,4,12,55,21,14,3,2,2,2,54,3,8,1,1,0,0,0,00-0040715,0,LG,00-0040872,00-0035227,,0,0,,,,,,,,,,,,,,,,,,,,0,,,,,,,0,,,,0,,,0,,,,0,,,0,,0.389,,0,4
7033,1155825,(12:10) (Shotgun) 6-J.Dart pass incomplete deep right to 88-M.Fields.,NYG,DAL,PASS,6,4,12,10,21,14,3,2,1,10,62,4,0,0,0,1,0,0,,0,,,,00-0040691,0,0,DR,00-0041042,,35,,,,,,,,,,,,,,,,0,,,,,,,0,,,,0,,,0,,,,0,,,0,,-0.527,00-0040691,0,5
7033,1155826,"(12:04) 44-C.Skattebo left end to DAL 31 for 7 yards (2-C.Durant). FUMBLES (2-C.Durant), and recovers at DAL 29. 44-C.Skattebo to DAL 28 for 1 yard (6-D.Ezeiruaku). DAL-0-D.Overshown was injured during the play.",NYG,DAL,RUSH,48,4,12,4,21,14,3,2,2,10,62,4,10,1,1,0,0,0,00-0040715,0,LE,00-0037839,,,0,0,,,,,,,,,,,,,,,,00-0040715,00-0040715,0,00-0037839,0,,,,,,,0,,,,0,,,0,,,,0,,,0,,1.07,,0,4
7033,1155827,(11:16) 6-J.Dart pass short left to 26-D.Singletary to DAL 35 for -7 yards (55-J.Barham).,NYG,DAL,PASS,49,4,11,16,21,14,3,2,1,10,72,4,-7,0,0,0,0,0,,0,,,,00-0040691,1,0,SL,00-0035250,,-8,00-0040872,,,,,,,,,,,,,,,0,,,,,,,0,,,,0,,,0,,,,0,,,0,,-1.364,00-0040691,0,4
7033,1155828,(10:27) (Shotgun) 6-J.Dart pass short left to 1-M.Nabers to DAL 27 for 8 yards (26-D.Bland).,NYG,DAL,PASS,44,4,10,27,21,14,3,2,2,17,65,4,8,1,0,1,0,0,,0,,,,00-0040691,1,0,SL,00-0039337,,8,00-0037275,,,,,,,,,,,,,,,0,,,,,,,0,,,,0,,,0,,,,0,,,0,,0.371,00-0040691,0,5
7033,1155829,(9:43) (Shotgun) 6-J.Dart pass short left to 26-D.Singletary pushed ob at DAL 14 for 13 yards (34-J.Thompson).,NYG,DAL,PASS,41,4,9,43,21,14,3,2,3,9,73,4,13,1,1,1,0,0,,0,,,,00-0040691,1,0,SL,00-0035250,,-4,00-0035705,,,,,,,,,,,,,,,0,,,,,,,0,,,,0,,,0,,,,0,,,0,,1.804,00-0040691,1,5
7033,1155830,"(9:02) PENALTY on NYG, Delay of Game, 5 yards, enforced at DAL 14 - No Play.",NYG,DAL,NOPL,0,4,9,2,21,14,3,2,1,10,86,5,0,0,0,0,0,0,,0,,,,,0,0,,,,,,,,,NYG,,Delay of Game,-5,NA,,,,,,,0,,,,,,,0,,,,0,,,0,,,,0,,,0,,-0.723,,0,
7033,1155831,(9:02) (Shotgun) 26-D.Singletary left end to DAL 16 for 3 yards (26-D.Bland; 55-J.Barham).,NYG,DAL,RUSH,46,4,9,2,21,14,3,2,1,15,81,5,3,0,0,1,0,0,00-0035250,0,LE,00-0037275,00-0040872,,0,0,,,,,,,,,,,,,,,,,,,,0,,,,,,,0,,,,0,,,0,,,,0,,,0,,-0.219,,0,4
7033,1155832,(8:16) (Shotgun) 6-J.Dart pass short left to 26-D.Singletary to DAL 9 for 7 yards (26-D.Bland; 34-J.Thompson).,NYG,DAL,PASS,45,4,8,16,21,14,3,2,2,12,84,5,7,1,0,1,0,0,,0,,,,00-0040691,1,0,SL,00-0035250,,-3,00-0037275,00-0035705,,,,,,,,,,,,,,0,,,,,,,0,,,,0,,,0,,,,0,,,0,,0.192,00-0040691,0,5
7033,1155833,"(7:31) (Shotgun) 6-J.Dart pass short left to 26-D.Singletary for 9 yards, TOUCHDOWN.",NYG,DAL,PASS,5,4,7,31,21,14,3,2,3,5,91,5,9,1,1,1,0,6,,0,,,,00-0040691,1,0,SL,00-0035250,,-1,,,,,,,,,,,,,,,,0,,,,,,,0,,,,0,,,0,,,,0,,,1,REC,2.837,00-0040691,0,5
7033,1155834,"34-D.Zvada extra point is GOOD, Center-58-B.Mann, Holder-15-J.Stout.",NYG,DAL,FGXP,0,4,7,26,27,14,3,2,0,0,85,5,0,1,0,0,0,1,,0,,,,,0,0,,,,,,,,,,,,,,,,,,,,0,,,,XP,00-0041145,33,1,,,,0,,,0,,,,0,,,0,,0.068,,0,
7033,1155835,34-D.Zvada kicks 64 yards from NYG 35 to DAL 1. 9-K.Turpin ran ob at DAL 26 for 25 yards (21-P.Adebo).,DAL,NYG,KOFF,5,4,7,26,14,28,2,3,0,0,65,4,0,0,0,0,0,0,,0,,,,,0,0,,,,,,,,,,,,,,,,,,,,0,,,,,,,0,,,,0,,,0,00-0041145,64,39,0,00-0037801,25,0,,-0.061,,0,
7033,1155836,(7:21) (Shotgun) 4-D.Prescott pass incomplete short left to 88-C.Lamb (2-D.Banks).,DAL,NYG,PASS,6,4,7,21,14,28,2,3,1,10,26,2,0,0,0,1,0,0,,0,,,,00-0033077,0,0,SL,00-0036358,00-0039000,8,,,,,,,,,,,,,,,,0,,,,,,,0,,,,0,,,0,,,,0,,,0,,-0.464,00-0033077,0,5
7033,1155837,"(7:15) (No Huddle, Shotgun) 4-D.Prescott pass short right to 33-J.Williams pushed ob at DAL 31 for 5 yards (20-G.Newsome). NYG-20-G.Newsome was injured during the play.",DAL,NYG,PASS,18,4,7,15,14,28,2,3,2,10,26,2,5,0,0,1,1,0,,0,,,,00-0033077,1,0,SR,00-0036997,,-5,00-0036996,,,,,,,,,,,,,,,0,,,,,,,0,,,,0,,,0,,,,0,,,0,,-0.151,00-0033077,0,5
7033,1155838,(6:57) (Shotgun) 4-D.Prescott pass short right to 88-C.Lamb pushed ob at DAL 37 for 6 yards (2-D.Banks).,DAL,NYG,PASS,16,4,6,57,14,28,2,3,3,5,31,2,6,1,1,1,0,0,,0,,,,00-0033077,1,0,SR,00-0036358,,5,00-0039000,,,,,,,,,,,,,,,0,,,,,,,0,,,,0,,,0,,,,0,,,0,,1.271,00-0033077,0,5
7033,1155839,"(6:41) (No Huddle, Shotgun) 4-D.Prescott pass short middle to 33-J.Williams to DAL 41 for 4 yards (49-T.Edmunds).",DAL,NYG,PASS,22,4,6,41,14,28,2,3,1,10,37,2,4,0,0,1,1,0,,0,,,,00-0033077,1,0,SM,00-0036997,,3,00-0034673,,,,,,,,,,,,,,,0,,,,,,,0,,,,0,,,0,,,,0,,,0,,-0.137,00-0033077,0,5
7033,1155840,"(6:19) (No Huddle, Shotgun) 4-D.Prescott pass short right to 18-J.Mingo pushed ob at NYG 49 for 10 yards (21-P.Adebo).",DAL,NYG,PASS,26,4,6,19,14,28,2,3,2,6,41,3,10,1,1,1,1,0,,0,,,,00-0033077,1,0,SR,00-0039062,,11,00-0036937,,,,,,,,,,,,,,,0,,,,,,,0,,,,0,,,0,,,,0,,,0,,1.019,00-0033077,1,5
7033,1155841,"(5:53) (No Huddle, Shotgun) 4-D.Prescott pass incomplete deep left to 3-G.Pickens.",DAL,NYG,PASS,6,4,5,53,14,28,2,3,1,10,51,3,0,0,0,1,1,0,,0,,,,00-0033077,0,0,DL,00-0037247,,29,,,,,,,,,,,,,,,,0,,,,,,,0,,,,0,,,0,,,,0,,,0,,-0.456,00-0033077,0,5
7033,1155842,(5:47) (Shotgun) 4-D.Prescott pass incomplete deep right to 88-C.Lamb.,DAL,NYG,PASS,5,4,5,47,14,28,2,3,2,10,51,3,0,0,0,1,0,0,,0,,,,00-0033077,0,0,DR,00-0036358,,41,,,,,,,,,,,,,,,,0,,,,,,,0,,,,0,,,0,,,,0,,,0,,-0.736,00-0033077,0,5
7033,1155843,"(5:42) (Shotgun) 4-D.Prescott pass short left to 19-R.Flournoy pushed ob at NYG 32 for 17 yards (8-J.Holland). PENALTY on NYG-8-J.Holland, Unnecessary Roughness, 15 yards, enforced at NYG 32.",DAL,NYG,PASS,16,4,5,42,14,28,2,3,3,10,51,3,17,1,1,1,0,0,,0,,,,00-0033077,1,0,SL,00-0039410,,8,00-0036998,,,,NYG,00-0036998,Unnecessary Roughness,15,NA,,,,,,,0,,,,,,,0,,,,0,,,0,,,,0,,,0,,3.331,00-0033077,1,6
7033,1155844,"(5:26) (Shotgun) 4-D.Prescott pass short left to 33-J.Williams for 17 yards, TOUCHDOWN. ** Injury Update: NYG-20-G.Newsome has returned to the game. PENALTY on DAL-33-J.Williams, Taunting, 15 yards, enforced between downs.",DAL,NYG,PASS,5,4,5,26,14,28,2,3,1,10,83,5,17,1,1,1,0,6,,0,,,,00-0033077,1,0,SL,00-0036997,,4,,,,,DAL,00-0036997,Taunting,-15,NA,,,,,,,0,,,,,,,0,,,,0,,,0,,,,0,,,1,REC,2.462,00-0033077,0,5
7033,1155845,"17-B.Aubrey extra point is No Good, Wide Right, Center-44-T.Sieg, Holder-5-B.Anger.",DAL,NYG,FGXP,0,4,5,21,20,28,2,3,0,0,70,4,0,0,0,0,0,0,,0,,,,,0,0,,,,,,,,,,,,,,,,,,,,0,,,,XP,00-0037692,48,0,,,,0,,,0,,,,0,,,0,,-0.702,,0,
7033,1155846,17-B.Aubrey kicks 65 yards from DAL 35 to NYG 0. 87-B.Berrios to NYG 28 for 28 yards (11-A.Clark).,NYG,DAL,KOFF,5,4,5,21,28,20,3,2,0,0,65,4,0,1,0,0,0,0,,0,,,,,0,0,,,,,,,,,,,,,,,,,,,,0,,,,,,,0,,,,0,,,0,00-0037692,65,37,0,00-0034419,28,0,,0.082,,0,
7033,1155847,(5:16) (Shotgun) 44-C.Skattebo up the middle to NYG 29 for 1 yard (7-R.Gary).,NYG,DAL,RUSH,42,4,5,16,28,20,3,2,1,10,28,2,1,0,0,1,0,0,00-0040715,0,RM,00-0034967,,,0,0,,,,,,,,,,,,,,,,,,,,0,,,,,,,0,,,,0,,,0,,,,0,,,0,,-0.315,,0,4
7033,1155848,(4:34) (Shotgun) 6-J.Dart pass incomplete deep left to 1-M.Nabers.,NYG,DAL,PASS,4,4,4,34,28,20,3,2,2,9,29,2,0,0,0,1,0,0,,0,,,,00-0040691,0,0,DL,00-0039337,,16,,,,,,,,,,,,,,,,0,,,,,,,0,,,,0,,,0,,,,0,,,0,,-0.524,00-0040691,1,5
7033,1155849,(4:30) (Shotgun) 6-J.Dart pass short left to 9-I.Likely to NYG 41 for 12 yards (1-P.Locke).,NYG,DAL,PASS,45,4,4,30,28,20,3,2,3,9,29,2,12,1,1,1,0,0,,0,,,,00-0040691,1,0,SL,00-0037838,,11,00-0035227,,,,,,,,,,,,,,,0,,,,,,,0,,,,0,,,0,,,,0,,,0,,1.54,00-0040691,1,5
7033,1155850,(3:45) 44-C.Skattebo right end to NYG 40 for -1 yards (6-D.Ezeiruaku).,NYG,DAL,RUSH,44,4,3,45,28,20,3,2,1,10,41,3,-1,0,0,0,0,0,00-0040715,0,RE,00-0040725,,,0,0,,,,,,,,,,,,,,,,,,,,0,,,,,,,0,,,,0,,,0,,,,0,,,0,,-0.61,,0,4
7033,1155851,"(3:01) (Shotgun) PENALTY on NYG-72-J.Eluemunor, False Start, 5 yards, enforced at NYG 40 - No Play.",NYG,DAL,NOPL,0,4,3,1,28,20,3,2,2,11,40,3,0,0,0,1,0,0,,0,,,,,0,0,,,,,,,,,NYG,00-0033290,False Start,-5,NA,,,,,,,0,,,,,,,0,,,,0,,,0,,,,0,,,0,,-0.262,,0,
7033,1155852,(3:01) (Shotgun) 44-C.Skattebo left guard to NYG 48 for 13 yards (57-M.Lawrence).,NYG,DAL,RUSH,45,4,3,1,28,20,3,2,2,16,35,2,13,1,0,1,0,0,00-0040715,0,LG,00-0041537,,,0,0,,,,,,,,,,,,,,,,,,,,0,,,,,,,0,,,,0,,,0,,,,0,,,0,,0.79,,0,5
7033,1155853,(2:16) (Shotgun) 6-J.Dart pass short middle to 9-I.Likely to DAL 47 for 5 yards (13-C.Downs).,NYG,DAL,PASS,6,4,2,16,28,20,3,2,3,3,48,3,5,1,1,1,0,0,,0,,,,00-0040691,1,0,SM,00-0037838,,5,00-0040865,,,,,,,,,,,,,,,0,,,,,,,0,,,,0,,,0,,,,0,,,0,,0.362,00-0040691,1,5
7033,1155854,Timeout #2 by DAL at 02:10.,NA,NA,NOPL,0,4,2,10,0,0,0,0,0,0,NA,1,0,0,0,0,0,0,,0,,,,,0,0,,,,,,,,,,,,,,,,,,,,0,,,,,,,0,,,,0,,,0,,,,0,,,0,,0,,0,
7033,1155855,"(2:10) 64-A.Stinnie reported in as eligible. 6-J.Dart right end to DAL 46 for 1 yard (6-D.Ezeiruaku; 13-C.Downs). PENALTY on DAL-6-D.Ezeiruaku, Face Mask, 15 yards, enforced at DAL 46.",NYG,DAL,RUSH,7,4,2,10,28,20,3,1,1,10,53,3,1,1,1,0,0,0,00-0040691,0,RE,00-0040725,00-0040865,,0,0,,,,,,,,,DAL,00-0040725,Face Mask,15,NA,,,,,,,0,,,,,,,0,,,,0,,,0,,,,0,,,0,,1.035,,0,4
7033,1155856,(2:03) 44-C.Skattebo left tackle to DAL 28 for 3 yards (26-D.Bland; 57-M.Lawrence).,NYG,DAL,RUSH,5,4,2,3,28,20,3,1,1,10,69,4,3,0,0,0,0,0,00-0040715,0,LT,00-0037275,00-0041537,,0,0,,,,,,,,,,,,,,,,,,,,0,,,,,,,0,,,,0,,,0,,,,0,,,0,,-0.181,,0,4
7033,1155857,(1:58) 44-C.Skattebo left end to DAL 20 for 8 yards (34-J.Thompson; 41-J.Houston).,NYG,DAL,RUSH,6,4,1,58,28,20,3,1,2,7,72,4,8,0,1,0,0,0,00-0040715,0,LE,00-0035705,00-0037310,,0,0,,,,,,,,,,,,,,,,,,,,0,,,,,,,0,,,,0,,,0,,,,0,,,0,,-0.12,,0,4
7033,1155858,Timeout #3 by DAL at 01:52.,NA,NA,NOPL,0,4,1,52,0,0,0,0,0,0,NA,1,0,0,0,0,0,0,,0,,,,,0,0,,,,,,,,,,,,,,,,,,,,0,,,,,,,0,,,,0,,,0,,,,0,,,0,,0,,0,
7033,1155859,(1:52) 6-J.Dart kneels to DAL 22 for -2 yards.,NYG,DAL,RUSH,42,4,1,52,28,20,3,0,1,10,80,5,-2,0,0,0,0,0,00-0040691,1,,,,,0,0,,,,,,,,,,,,,,,,,,,,0,,,,,,,0,,,,0,,,0,,,,0,,,0,,-0.543,,0,
7033,1155860,(1:10) 6-J.Dart kneels to DAL 24 for -2 yards.,NYG,DAL,RUSH,36,4,1,10,28,20,3,0,2,12,78,4,-2,0,0,0,0,0,00-0040691,1,,,,,0,0,,,,,,,,,,,,,,,,,,,,0,,,,,,,0,,,,0,,,0,,,,0,,,0,,-0.392,,0,
7033,1155861,(:34) 6-J.Dart kneels to DAL 25 for -1 yards.,NYG,DAL,RUSH,0,4,0,34,28,20,3,0,3,14,76,4,-1,0,0,0,0,0,00-0040691,1,,,,,0,0,,,,,,,,,,,,,,,,,,,,0,,,,,,,0,,,,0,,,0,,,,0,,,0,,-1.811,,0,
7034,1155862,"7-H.Butker kicks 65 yards from KC 35 to end zone, Touchback to the DEN 35.",DEN,KC,KOFF,0,1,15,0,0,0,3,3,0,0,65,4,0,1,0,0,0,0,,0,,,,,0,0,,,,,,,,,,,,,,,,,,,,0,,,,,,,0,,,,0,,,0,00-0033303,65,65,1,,0,0,,0.502,,0,
7034,1155863,(15:00) (Shotgun) 10-B.Nix sacked at DEN 32 for -3 yards (20-N.Williams).,DEN,KC,PASS,38,1,15,0,0,0,3,3,1,10,35,2,-3,0,0,1,0,0,,0,,,,,0,0,,,,,,,00-0040670,,,,,,,,,,,,,0,,,,,,,0,,,,0,,,0,,,,0,,,0,,-0.853,00-0039732,0,5
7034,1155864,(14:22) (Shotgun) 27-J.Dobbins left end to DEN 34 for 2 yards (95-C.Jones; 32-N.Bolton).,DEN,KC,RUSH,43,1,14,22,0,0,3,3,2,13,32,2,2,0,0,1,0,0,00-0036158,0,LE,00-0032762,00-0036621,,0,0,,,,,,,,,,,,,,,,,,,,0,,,,,,,0,,,,0,,,0,,,,0,,,0,,-0.621,,0,5
7034,1155865,(13:39) (Shotgun) 10-B.Nix pass deep middle intended for 14-C.Sutton INTERCEPTED by 5-M.Delane at KC 49. 5-M.Delane to DEN 46 for 5 yards (14-C.Sutton).,DEN,KC,PASS,9,1,13,39,0,0,3,3,3,11,34,2,0,0,0,1,0,0,,0,,,,00-0039732,0,0,DM,00-0034348,00-0041543,17,00-0034348,,,,,,,,,00-0041543,5,,,,,0,,,,,,,0,,,,0,,,0,,,,0,,,0,,-3.11,00-0039732,0,6
7034,1155866,(13:30) 9-K.Walker left tackle to DEN 44 for 2 yards (15-N.Bonitto; 49-A.Singleton).,KC,DEN,RUSH,31,1,13,30,0,0,3,3,1,10,54,3,2,0,0,0,0,0,00-0038134,0,LT,00-0037249,00-0031898,,0,0,,,,,,,,,,,,,,,,,,,,0,,,,,,,0,,,,0,,,0,,,,0,,,0,,-0.45,,0,5
7034,1155867,(12:59) (Shotgun) 9-K.Walker up the middle to DEN 39 for 5 yards (9-T.Hufanga).,KC,DEN,RUSH,39,1,12,59,0,0,3,3,2,8,56,3,5,0,0,1,0,0,00-0038134,0,RM,00-0036564,,,0,0,,,,,,,,,,,,,,,,,,,,0,,,,,,,0,,,,0,,,0,,,,0,,,0,,-0.048,,0,5
7034,1155868,(12:20) (Shotgun) 9-K.Walker up the middle to DEN 38 for 1 yard (99-Z.Allen; 49-A.Singleton).,KC,DEN,RUSH,45,1,12,20,0,0,3,3,3,3,61,4,1,0,0,1,0,0,00-0038134,0,RM,00-0035248,00-0031898,,0,0,,,,,,,,,,,,,,,,,,,,0,,,,,,,0,,,,0,,,0,,,,0,,,0,,-1.674,,0,5
7034,1155869,(11:35) (Shotgun) 64-H.Nourzad and 92-K.Tonga reported in as eligible. 9-K.Walker up the middle to DEN 35 for 3 yards (96-E.Uwazurike; 9-T.Hufanga).,KC,DEN,RUSH,33,1,11,35,0,0,3,3,4,2,62,4,3,1,1,1,0,0,00-0038134,0,RM,00-0038106,00-0036564,,0,0,,,,,,,,,,,,,,,,,,,,0,,,,,,,0,,,,0,,,0,,,,0,,,0,,2.774,,0,4
7034,1155870,(11:02) (Shotgun) 15-P.Mahomes pass incomplete short left to 87-T.Kelce.,KC,DEN,PASS,4,1,11,2,0,0,3,3,1,10,65,4,0,0,0,1,0,0,,0,,,,00-0033873,0,0,SL,00-0030506,,8,,,,,,,,,,,,,,,,0,,,,,,,0,,,,0,,,0,,,,0,,,0,,-0.509,00-0033873,0,5
7034,1155871,(10:58) (Shotgun) 15-P.Mahomes pass short right to 1-X.Worthy ran ob at DEN 26 for 9 yards (21-R.Moss).,KC,DEN,PASS,32,1,10,58,0,0,3,3,2,10,65,4,9,1,0,1,0,0,,0,,,,00-0033873,1,0,SR,00-0039894,,6,00-0038552,,,,,,,,,,,,,,,0,,,,,,,0,,,,0,,,0,,,,0,,,0,,0.643,00-0033873,0,5
7034,1155872,"(10:26) 77-J.Moore, 64-H.Nourzad and 92-K.Tonga reported in as eligible. 9-K.Walker up the middle to DEN 20 for 6 yards (9-T.Hufanga; 21-R.Moss).",KC,DEN,RUSH,39,1,10,26,0,0,3,3,3,1,74,4,6,1,1,0,0,0,00-0038134,0,RM,00-0036564,00-0038552,,0,0,,,,,,,,,,,,,,,,,,,,0,,,,,,,0,,,,0,,,0,,,,0,,,0,,0.815,,0,4
7034,1155873,(9:47) 9-K.Walker right end to DEN 8 for 12 yards (49-A.Singleton).,KC,DEN,RUSH,37,1,9,47,0,0,3,3,1,10,80,5,12,1,1,0,0,0,00-0038134,0,RE,00-0031898,,,0,0,,,,,,,,,,,,,,,,,,,,0,,,,,,,0,,,,0,,,0,,,,0,,,0,,0.701,,0,5
7034,1155874,(9:10) 9-K.Walker right end to DEN 5 for 3 yards (97-M.Roach).,KC,DEN,RUSH,43,1,9,10,0,0,3,3,1,8,92,5,3,0,0,0,0,0,00-0038134,0,RE,00-0035763,,,0,0,,,,,,,,,,,,,,,,,,,,0,,,,,,,0,,,,0,,,0,,,,0,,,0,,-0.04,,0,4
7034,1155875,"(8:27) (Shotgun) 15-P.Mahomes scrambles right end for 5 yards, TOUCHDOWN NULLIFIED by Penalty. PENALTY on KC-70-K.Benson, Offensive Holding, 10 yards, enforced at DEN 5 - No Play. Penalty on KC-77-J.Moore, Offensive Holding, declined.",KC,DEN,NOPL,7,1,8,27,0,0,3,3,2,5,95,5,0,0,0,1,0,0,,0,,,,00-0033873,0,0,,,,0,,,,,KC,00-0041019,Offensive Holding,-10,NA,,,,,,,0,,,,,,,0,,,,0,,,0,,,,0,,,0,,-1.338,00-0033873,0,5
7034,1155876,"(8:20) (Shotgun) 15-P.Mahomes scrambles up the middle for 15 yards, TOUCHDOWN.",KC,DEN,RUSH,9,1,8,20,0,0,3,3,2,15,85,5,15,1,1,1,0,6,00-0033873,0,RM,,,,0,0,,,,,,,,,,,,,,,,,,,,0,,,,,,,0,,,,0,,,0,,,,0,,,1,RUSH,2.815,00-0033873,0,5
7034,1155877,"7-H.Butker extra point is GOOD, Center-41-J.Winchester, Holder-14-M.Araiza.",KC,DEN,FGXP,0,1,8,11,6,0,3,3,0,0,85,5,0,1,0,0,0,1,,0,,,,,0,0,,,,,,,,,,,,,,,,,,,,0,,,,XP,00-0033303,33,1,,,,0,,,0,,,,0,,,0,,0.068,,0,
7034,1155878,7-H.Butker kicks 62 yards from KC 35 to DEN 3. 12-R.Harvey to DEN 32 for 29 yards (29-X.Nwankpa; 44-C.McDonald). KC-44-C.McDonald was injured during the play.,DEN,KC,KOFF,5,1,8,11,0,7,3,3,0,0,65,4,0,1,0,0,0,0,,0,,,,,0,0,,,,,,,,,,,,,,,,,,,,0,,,,,,,0,,,,0,,,0,00-0033303,62,33,0,00-0040730,29,0,,0.495,,0,
7034,1155879,(8:06) (Shotgun) 12-R.Harvey right tackle to DEN 39 for 7 yards (97-A.Gillotte; 23-D.Tranquill).,DEN,KC,RUSH,36,1,8,6,0,7,3,3,1,10,32,2,7,1,0,1,0,0,00-0040730,0,RT,00-0040640,00-0035262,,0,0,,,,,,,,,,,,,,,,,,,,0,,,,,,,0,,,,0,,,0,,,,0,,,0,,0.327,,0,4
7034,1155880,"(7:30) (Shotgun) 10-B.Nix pass short left to 17-J.Waddle to DEN 34 for -5 yards (20-N.Williams). PENALTY on KC-38-L.Sneed, Defensive Offside, 5 yards, enforced at DEN 39 - No Play.",DEN,KC,NOPL,23,1,7,30,0,7,3,3,2,3,39,2,0,1,1,1,0,0,,0,,,,00-0039732,0,0,,,,0,,,,,KC,00-0036374,Defensive Offside,5,NA,,,,,,,0,,,,,,,0,,,,0,,,0,,,,0,,,0,,0.403,00-0039732,0,5
7034,1155881,(7:07) (Shotgun) 10-B.Nix pass short right to 13-P.Bryant to KC 43 for 13 yards (17-A.Gilman).,DEN,KC,PASS,46,1,7,7,0,7,3,3,1,10,44,3,13,1,1,1,0,0,,0,,,,00-0039732,1,0,SR,00-0040134,,12,00-0036380,,,,,,,,,,,,,,,0,,,,,,,0,,,,0,,,0,,,,0,,,0,,0.787,00-0039732,0,5
7034,1155882,(6:21) 27-J.Dobbins right end to KC 42 for 1 yard (23-D.Tranquill).,DEN,KC,RUSH,34,1,6,21,0,7,3,3,1,10,57,3,1,0,0,0,0,0,00-0036158,0,RE,00-0035262,,,0,0,,,,,,,,,,,,,,,,,,,,0,,,,,,,0,,,,0,,,0,,,,0,,,0,,-0.451,,0,5
7034,1155883,(5:47) (Shotgun) 10-B.Nix pass short right to 82-A.Trautman pushed ob at KC 38 for 4 yards (38-L.Sneed).,DEN,KC,PASS,37,1,5,47,0,7,3,3,2,9,58,3,4,0,0,1,0,0,,0,,,,00-0039732,1,0,SR,00-0036422,,0,00-0036374,,,,,,,,,,,,,,,0,,,,,,,0,,,,0,,,0,,,,0,,,0,,-0.28,00-0039732,0,5
7034,1155884,(5:10) (Shotgun) 10-B.Nix pass short left to 13-P.Bryant to KC 30 for 8 yards (56-G.Karlaftis).,DEN,KC,PASS,41,1,5,10,0,7,3,3,3,5,62,4,8,1,1,1,0,0,,0,,,,00-0039732,1,0,SL,00-0040134,,5,00-0037192,,,,,,,,,,,,,,,0,,,,,,,0,,,,0,,,0,,,,0,,,0,,1.707,00-0039732,1,5
7034,1155885,(4:29) (Shotgun) 10-B.Nix pass short left to 13-P.Bryant pushed ob at KC 19 for 11 yards (38-L.Sneed).,DEN,KC,PASS,36,1,4,29,0,7,3,3,1,10,70,4,11,1,1,1,0,0,,0,,,,00-0039732,1,0,SL,00-0040134,,-3,00-0036374,,,,,,,,,,,,,,,0,,,,,,,0,,,,0,,,0,,,,0,,,0,,0.724,00-0039732,0,5
7034,1155886,"(3:53) (Shotgun) 10-B.Nix pass deep left to 1-E.Engram for 19 yards, TOUCHDOWN.",DEN,KC,PASS,5,1,3,53,0,7,3,3,1,10,81,5,19,1,1,1,0,6,,0,,,,00-0039732,1,0,DL,00-0033881,,19,,,,,,,,,,,,,,,,0,,,,,,,0,,,,0,,,0,,,,0,,,1,REC,2.415,00-0039732,0,5
7034,1155887,"3-W.Lutz extra point is GOOD, Center-48-M.Fraboni, Holder-16-J.Crawshaw.",DEN,KC,FGXP,0,1,3,48,6,7,3,3,0,0,85,5,0,1,0,0,0,1,,0,,,,,0,0,,,,,,,,,,,,,,,,,,,,0,,,,XP,00-0032569,33,1,,,,0,,,0,,,,0,,,0,,0.068,,0,
7034,1155888,3-W.Lutz kicks 57 yards from DEN 35 to KC 8. 81-N.Remigio to KC 34 for 26 yards (26-D.Key; 6-T.Anderson).,KC,DEN,KOFF,9,1,3,48,7,7,3,3,0,0,65,4,0,1,0,0,0,0,,0,,,,,0,0,,,,,,,,,,,,,,,,,,,,0,,,,,,,0,,,,0,,,0,00-0032569,57,31,0,00-0038519,26,0,,0.576,,0,
7034,1155889,(3:39) 15-P.Mahomes pass incomplete deep right.,KC,DEN,PASS,5,1,3,39,7,7,3,3,1,10,34,2,0,0,0,0,0,0,,0,,,,00-0033873,0,0,DR,,,16,,,,,,,,,,,,,,,,0,,,,,,,0,,,,0,,,0,,,,0,,,0,,-0.532,00-0033873,0,5
7034,1155890,(3:34) (Shotgun) 10-E.Johnson right tackle to KC 37 for 3 yards (97-M.Roach).,KC,DEN,RUSH,39,1,3,34,7,7,3,3,2,10,34,2,3,0,0,1,0,0,00-0041013,0,RT,00-0035763,,,0,0,,,,,,,,,,,,,,,,,,,,0,,,,,,,0,,,,0,,,0,,,,0,,,0,,-0.53,,0,5
7034,1155891,(2:55) (Shotgun) 15-P.Mahomes pass incomplete short right to 1-X.Worthy (29-J.McMillian).,KC,DEN,PASS,4,1,2,55,7,7,3,3,3,7,37,2,0,0,0,1,0,0,,0,,,,00-0033873,0,0,SR,00-0039894,00-0037384,10,,,,,,,,,,,,,,,,0,,,,,,,0,,,,0,,,0,,,,0,,,0,,-1.437,00-0033873,0,5
7034,1155892,"(2:51) 14-M.Araiza punts 55 yards to DEN 8, Center-41-J.Winchester, fair catch by 31-K.Abrams-Draine.",KC,DEN,PUNT,8,1,2,51,7,7,3,3,4,7,37,2,0,1,0,0,0,0,,0,,,,,0,0,,,,,,,,,,,,,,,,,,,,0,,,,,,,0,00-0037284,55,55,0,00-0039371,0,1,,,,0,,,0,,0.827,,0,
7034,1155893,"(2:43) 10-B.Nix pass incomplete short right to 82-A.Trautman [56-G.Karlaftis]. Penalty on DEN-72-G.Bolles, Ineligible Downfield Pass, declined.",DEN,KC,PASS,5,1,2,43,7,7,3,3,1,10,8,1,0,0,0,0,0,0,,0,,,,00-0039732,0,0,SR,00-0036422,,-3,,,,,,,,,,,,,,,,0,,,,,,,0,,,,0,,,0,,,,0,,,0,,-0.598,00-0039732,0,5
7034,1155894,(2:38) 10-B.Nix pass short left to 1-E.Engram to DEN 17 for 9 yards (20-N.Williams; 38-L.Sneed).,DEN,KC,PASS,44,1,2,38,7,7,3,3,2,10,8,1,9,1,0,0,0,0,,0,,,,00-0039732,1,0,SL,00-0033881,,3,00-0040670,00-0036374,,,,,,,,,,,,,,0,,,,,,,0,,,,0,,,0,,,,0,,,0,,0.742,00-0039732,0,5
7034,1155895,(1:54) 12-R.Harvey right end to DEN 23 for 6 yards (32-N.Bolton).,DEN,KC,RUSH,40,1,1,54,7,7,3,3,3,1,17,1,6,1,1,0,0,0,00-0040730,0,RE,00-0036621,,,0,0,,,,,,,,,,,,,,,,,,,,0,,,,,,,0,,,,0,,,0,,,,0,,,0,,0.798,,0,5
7034,1155896,"(1:14) 27-J.Dobbins left end to DEN 26 for 3 yards (23-D.Tranquill; 32-N.Bolton). PENALTY on DEN-13-P.Bryant, Offensive Holding, 10 yards, enforced at DEN 23 - No Play.",DEN,KC,NOPL,28,1,1,14,7,7,3,3,1,10,23,2,0,0,0,0,0,0,,0,,,,,0,0,,,,,,,,,DEN,00-0040134,Offensive Holding,-10,NA,,,,,,,0,,,,,,,0,,,,0,,,0,,,,0,,,0,,-0.974,,0,5
7034,1155897,(:46) (Shotgun) 10-B.Nix pass short left to 12-R.Harvey to DEN 14 for 1 yard (38-L.Sneed).,DEN,KC,PASS,46,1,0,46,7,7,3,3,1,20,13,1,1,0,0,1,0,0,,0,,,,00-0039732,1,0,SL,00-0040730,,-4,00-0036374,,,,,,,,,,,,,,,0,,,,,,,0,,,,0,,,0,,,,0,,,0,,-0.604,00-0039732,0,5
7034,1155898,(15:00) 27-J.Dobbins up the middle to DEN 16 for 2 yards (23-D.Tranquill).,DEN,KC,RUSH,39,2,15,0,7,7,3,3,2,19,14,1,2,0,0,0,0,0,00-0036158,0,RM,00-0035262,,,0,0,,,,,,,,,,,,,,,,,,,,0,,,,,,,0,,,,0,,,0,,,,0,,,0,,-0.502,,0,5
7034,1155899,(14:21) (Shotgun) 10-B.Nix pass short left to 12-R.Harvey to DEN 27 for 11 yards (23-D.Tranquill; 56-G.Karlaftis).,DEN,KC,PASS,41,2,14,21,7,7,3,3,3,17,16,1,11,1,0,1,0,0,,0,,,,00-0039732,1,0,SL,00-0040730,,-4,00-0035262,00-0037192,,,,,,,,,,,,,,0,,,,,,,0,,,,0,,,0,,,,0,,,0,,0.062,00-0039732,0,6
7034,1155900,"(13:40) 16-J.Crawshaw punts 51 yards to KC 22, Center-48-M.Fraboni. 81-N.Remigio to KC 29 for 7 yards (45-N.Adkins).",DEN,KC,PUNT,12,2,13,40,7,7,3,3,4,6,27,2,0,0,0,0,0,0,,0,,,,,0,0,,,,,,,,,,,,,,,,,,,,0,,,,,,,0,00-0040223,51,44,0,00-0038519,7,0,,,,0,,,0,,-0.142,,0,
7034,1155901,(13:28) 9-K.Walker left tackle to KC 38 for 9 yards (21-R.Moss).,KC,DEN,RUSH,46,2,13,28,7,7,3,3,1,10,29,2,9,1,0,0,0,0,00-0038134,0,LT,00-0038552,,,0,0,,,,,,,,,,,,,,,,,,,,0,,,,,,,0,,,,0,,,0,,,,0,,,0,,0.749,,0,5
7034,1155902,(12:42) 15-P.Mahomes pass incomplete deep left to 2-T.Thornton.,KC,DEN,PASS,5,2,12,42,7,7,3,3,2,1,38,2,0,0,0,0,0,0,,0,,,,00-0033873,0,0,DL,00-0038104,,36,,,,,,,,,,,,,,,,0,,,,,,,0,,,,0,,,0,,,,0,,,0,,-0.562,00-0033873,0,5
7034,1155903,(12:37) (Shotgun) 64-H.Nourzad and 92-K.Tonga reported in as eligible. 9-K.Walker up the middle to KC 42 for 4 yards (49-A.Singleton; 93-D.Jones).,KC,DEN,RUSH,35,2,12,37,7,7,3,3,3,1,38,2,4,1,1,1,0,0,00-0038134,0,RM,00-0031898,00-0033297,,0,0,,,,,,,,,,,,,,,,,,,,0,,,,,,,0,,,,0,,,0,,,,0,,,0,,0.551,,0,4
7034,1155904,(12:02) (Shotgun) 15-P.Mahomes pass short left to 9-K.Walker to KC 47 for 5 yards (92-D.Tillman).,KC,DEN,PASS,41,2,12,2,7,7,3,3,1,10,42,3,5,1,0,1,0,0,,0,,,,00-0033873,1,0,SL,00-0038134,,0,00-0037799,,,,,,,,,,,,,,,0,,,,,,,0,,,,0,,,0,,,,0,,,0,,0.097,00-0033873,0,5
7034,1155905,"(11:21) (Shotgun) 52-C.Humphrey to KC 46 for -1 yards. FUMBLES, recovered by KC-15-P.Mahomes at KC 43. 15-P.Mahomes pass incomplete short right to 9-K.Walker.",KC,DEN,PASS,4,2,11,21,7,7,3,3,2,5,47,3,0,0,0,1,0,0,,0,,,,00-0033873,0,0,SR,00-0038134,,-1,,,,,,,,,,,,00-0036623,00-0033873,0,,0,,,,,,,0,,,,0,,,0,,,,0,,,0,,-0.847,00-0033873,0,5
7034,1155906,(11:17) (Shotgun) 15-P.Mahomes pass incomplete short right to 13-C.Allen (97-M.Roach).,KC,DEN,PASS,3,2,11,17,7,7,3,3,3,5,47,3,0,0,0,1,0,0,,0,,,,00-0033873,0,0,SR,00-0040890,00-0035763,5,,,,,,,,,,,,,,,,0,,,,,,,0,,,,0,,,0,,,,0,,,0,,-1.603,00-0033873,0,5
7034,1155907,"(11:14) 14-M.Araiza punts 41 yards to DEN 12, Center-41-J.Winchester, downed by KC-22-J.Canady.",KC,DEN,PUNT,10,2,11,14,7,7,3,3,4,5,47,3,0,0,0,0,0,0,,0,,,,,0,0,,,,,,,,,,,,,,,,,,,,0,,,,,,,0,00-0037284,41,41,0,,0,0,,,,0,,,0,,-0.058,,0,
7034,1155908,(11:04) 10-B.Nix pass short middle to 82-A.Trautman to DEN 18 for 6 yards (96-M.Harris; 23-D.Tranquill).,DEN,KC,PASS,43,2,11,4,7,7,3,3,1,10,12,1,6,1,0,0,0,0,,0,,,,00-0039732,1,0,SM,00-0036422,,2,00-0039433,00-0035262,,,,,,,,,,,,,,0,,,,,,,0,,,,0,,,0,,,,0,,,0,,0.213,00-0039732,0,5
7034,1155909,(10:21) (Shotgun) 10-B.Nix pass incomplete short right to 13-P.Bryant.,DEN,KC,PASS,8,2,10,21,7,7,3,3,2,4,18,1,0,0,0,1,0,0,,0,,,,00-0039732,0,0,SR,00-0040134,,-3,,,,,,,,,,,,,,,,0,,,,,,,0,,,,0,,,0,,,,0,,,0,,-0.716,00-0039732,0,5
7034,1155910,(10:13) (Shotgun) 10-B.Nix pass short right to 17-J.Waddle to DEN 20 for 2 yards (38-L.Sneed).,DEN,KC,PASS,45,2,10,13,7,7,3,3,3,4,18,1,2,0,0,1,0,0,,0,,,,00-0039732,1,0,SR,00-0036613,,2,00-0036374,,,,,,,,,,,,,,,0,,,,,,,0,,,,0,,,0,,,,0,,,0,,-1.011,00-0039732,0,5
7034,1155911,"(9:28) 16-J.Crawshaw punts 55 yards to KC 25, Center-48-M.Fraboni, fair catch by 81-N.Remigio.",DEN,KC,PUNT,7,2,9,28,7,7,3,3,4,2,20,2,0,1,0,0,0,0,,0,,,,,0,0,,,,,,,,,,,,,,,,,,,,0,,,,,,,0,00-0040223,55,55,0,00-0038519,0,1,,,,0,,,0,,0.143,,0,
7034,1155912,(9:21) (Shotgun) 9-K.Walker left tackle to KC 27 for 2 yards (92-D.Tillman).,KC,DEN,RUSH,35,2,9,21,7,7,3,3,1,10,25,2,2,0,0,1,0,0,00-0038134,0,LT,00-0037799,,,0,0,,,,,,,,,,,,,,,,,,,,0,,,,,,,0,,,,0,,,0,,,,0,,,0,,-0.487,,0,5
7034,1155913,(8:46) (Shotgun) 15-P.Mahomes pass incomplete short middle [51-Q.Robinson].,KC,DEN,PASS,5,2,8,46,7,7,3,3,2,8,27,2,0,0,0,1,0,0,,0,,,,00-0033873,0,0,SM,,,0,,,,,,,,,,,,,,,,0,,,,,,,0,,,,0,,,0,,,,0,,,0,,-0.641,00-0033873,0,5
7034,1155914,(8:41) (Shotgun) 15-P.Mahomes scrambles up the middle to KC 35 for 8 yards (99-Z.Allen; 49-A.Singleton).,KC,DEN,RUSH,40,2,8,41,7,7,3,3,3,8,27,2,8,1,1,1,0,0,00-0033873,0,RM,00-0035248,00-0031898,,0,0,,,,,,,,,,,,,,,,,,,,0,,,,,,,0,,,,0,,,0,,,,0,,,0,,1.627,00-0033873,0,6
7034,1155915,(8:01) (Shotgun) 9-K.Walker left guard to KC 42 for 7 yards (96-E.Uwazurike; 22-B.Jones).,KC,DEN,RUSH,35,2,8,1,7,7,3,3,1,10,35,2,7,1,0,1,0,0,00-0038134,0,LG,00-0038106,00-0036221,,0,0,,,,,,,,,,,,,,,,,,,,0,,,,,,,0,,,,0,,,0,,,,0,,,0,,0.464,,0,5
7034,1155916,(7:26) 66-M.Caliendo reported in as eligible. 9-K.Walker up the middle to KC 43 for 1 yard (22-B.Jones; 49-A.Singleton).,KC,DEN,RUSH,40,2,7,26,7,7,3,3,2,3,42,3,1,0,0,0,0,0,00-0038134,0,RM,00-0036221,00-0031898,,0,0,,,,,,,,,,,,,,,,,,,,0,,,,,,,0,,,,0,,,0,,,,0,,,0,,-0.469,,0,4
7034,1155917,(6:46) (Shotgun) 15-P.Mahomes pass incomplete short right to 1-X.Worthy (21-R.Moss).,KC,DEN,PASS,4,2,6,46,7,7,3,3,3,2,43,3,0,0,0,1,0,0,,0,,,,00-0033873,0,0,SR,00-0039894,00-0038552,3,,,,,,,,,,,,,,,,0,,,,,,,0,,,,0,,,0,,,,0,,,0,,-1.704,00-0033873,0,5
7034,1155918,"(6:42) 14-M.Araiza punts 47 yards to DEN 10, Center-41-J.Winchester, out of bounds. PENALTY on KC-43-J.Cochrane, Offensive Holding, 10 yards, enforced at KC 43 - No Play.",KC,DEN,NOPL,8,2,6,42,7,7,3,3,4,2,43,3,0,0,0,0,0,0,,0,,,,,0,0,,,,,,,,,KC,00-0037208,Offensive Holding,-10,NA,,,,,,,0,,,,,,,0,,,,0,,,0,,,,0,,,0,,-0.927,,0,
7034,1155919,"(6:34) 14-M.Araiza punts 63 yards to DEN 4, Center-41-J.Winchester. 19-M.Mims to DEN 23 for 19 yards (31-J.Bassa; 88-J.Briningstool).",KC,DEN,PUNT,12,2,6,34,7,7,3,3,4,12,33,2,0,1,0,0,0,0,,0,,,,,0,0,,,,,,,,,,,,,,,,,,,,0,,,,,,,0,00-0037284,63,44,0,00-0038976,19,0,,,,0,,,0,,0.141,,0,
7034,1155920,(6:22) 11-T.Franklin left end to DEN 28 for 5 yards (32-N.Bolton).,DEN,KC,RUSH,38,2,6,22,7,7,3,3,1,10,23,2,5,0,0,0,0,0,00-0039868,0,LE,00-0036621,,,0,0,,,,,,,,,,,,,,,,,,,,0,,,,,,,0,,,,0,,,0,,,,0,,,0,,-0.158,,0,5
7034,1155921,(5:44) (Shotgun) 10-B.Nix pass short right to 12-R.Harvey to DEN 32 for 4 yards (99-P.Woods).,DEN,KC,PASS,48,2,5,44,7,7,3,3,2,5,28,2,4,1,0,1,0,0,,0,,,,00-0039732,1,0,SR,00-0040730,,-7,00-0041545,,,,,,,,,,,,,,,0,,,,,,,0,,,,0,,,0,,,,0,,,0,,0.442,00-0039732,1,5
7034,1155922,(4:56) (Shotgun) 10-B.Nix pass incomplete short right to 17-J.Waddle.,DEN,KC,PASS,6,2,4,56,7,7,3,3,3,1,32,2,0,0,0,1,0,0,,0,,,,00-0039732,0,0,SR,00-0036613,,7,,,,,,,,,,,,,,,,0,,,,,,,0,,,,0,,,0,,,,0,,,0,,-1.495,00-0039732,0,4
7034,1155923,"(4:50) 16-J.Crawshaw punts 68 yards to end zone, Center-48-M.Fraboni, Touchback.",DEN,KC,PUNT,9,2,4,50,7,7,3,3,4,1,32,2,0,0,0,0,0,0,,0,,,,,0,0,,,,,,,,,,,,,,,,,,,,0,,,,,,,0,00-0040223,68,68,1,,0,0,,,,0,,,0,,-0.15,,0,
7034,1155924,(4:41) (Shotgun) 15-P.Mahomes pass incomplete short middle to 9-K.Walker.,KC,DEN,PASS,4,2,4,41,7,7,3,3,1,10,20,2,0,0,0,1,0,0,,0,,,,00-0033873,0,0,SM,00-0038134,,3,,,,,,,,,,,,,,,,0,,,,,,,0,,,,0,,,0,,,,0,,,0,,-0.495,00-0033873,0,4
7034,1155925,(4:37) (Shotgun) 15-P.Mahomes pass incomplete short right to 9-K.Walker.,KC,DEN,PASS,4,2,4,37,7,7,3,3,2,10,20,2,0,0,0,1,0,0,,0,,,,00-0033873,0,0,SR,00-0038134,,-4,,,,,,,,,,,,,,,,0,,,,,,,0,,,,0,,,0,,,,0,,,0,,-0.604,00-0033873,0,5
7034,1155926,"(4:33) (Shotgun) 52-C.Humphrey to KC 16 for -4 yards. FUMBLES, recovered by KC-15-P.Mahomes at KC 16. 15-P.Mahomes pass short left to 9-K.Walker pushed ob at KC 31 for 11 yards (23-J.Barron).",KC,DEN,PASS,27,2,4,33,7,7,3,3,3,10,20,2,11,1,1,1,0,0,,0,,,,00-0033873,1,0,SL,00-0038134,,3,00-0040720,,,,,,,,,,,00-0036623,00-0033873,0,,0,,,,,,,0,,,,0,,,0,,,,0,,,0,,1.821,00-0033873,0,6
7034,1155927,(4:06) (Shotgun) 9-K.Walker left end pushed ob at DEN 41 for 28 yards (22-B.Jones).,KC,DEN,RUSH,29,2,4,6,7,7,3,3,1,10,31,2,28,1,1,1,0,0,00-0038134,0,LE,00-0036221,,,0,0,,,,,,,,,,,,,,,,,,,,0,,,,,,,0,,,,0,,,0,,,,0,,,0,,1.606,,0,5
7034,1155928,(3:37) 10-E.Johnson right end to DEN 37 for 4 yards (51-Q.Robinson; 49-A.Singleton).,KC,DEN,RUSH,37,2,3,37,7,7,3,3,1,10,59,3,4,0,0,0,0,0,00-0041013,0,RE,00-0040168,00-0031898,,0,0,,,,,,,,,,,,,,,,,,,,0,,,,,,,0,,,,0,,,0,,,,0,,,0,,-0.153,,0,5
7034,1155929,"(3:00) (Shotgun) 15-P.Mahomes pass short middle to 83-N.Gray to DEN 32 for 5 yards (21-R.Moss, 40-J.Strnad).",KC,DEN,PASS,44,2,3,0,7,7,3,3,2,6,63,4,5,1,0,1,0,0,,0,,,,00-0033873,1,0,SM,00-0036637,,5,00-0038552,00-0036428,,,,,,,,,,,,,,0,,,,,,,0,,,,0,,,0,,,,0,,,0,,0.435,00-0033873,0,5
7034,1155930,(2:16) 9-K.Walker up the middle to DEN 26 for 6 yards (92-D.Tillman; 49-A.Singleton).,KC,DEN,RUSH,16,2,2,16,7,7,3,3,3,1,68,4,6,1,1,0,0,0,00-0038134,0,RM,00-0037799,00-0031898,,0,0,,,,,,,,,,,,,,,,,,,,0,,,,,,,0,,,,0,,,0,,,,0,,,0,,0.663,,0,4
7034,1155931,(2:00) (Shotgun) 15-P.Mahomes pass short right to 88-J.Briningstool to DEN 17 for 9 yards (49-A.Singleton).,KC,DEN,PASS,9,2,2,0,7,7,3,3,1,10,74,4,9,1,0,1,0,0,,0,,,,00-0033873,1,0,SR,00-0040081,,4,00-0031898,,,,,,,,,,,,,,,0,,,,,,,0,,,,0,,,0,,,,0,,,0,,0.793,00-0033873,0,5
7034,1155932,Timeout #1 by DEN at 01:51.,NA,NA,NOPL,0,2,1,51,0,0,0,0,0,0,NA,1,0,0,0,0,0,0,,0,,,,,0,0,,,,,,,,,,,,,,,,,,,,0,,,,,,,0,,,,0,,,0,,,,0,,,0,,0,,0,
7034,1155933,(1:51) (Shotgun) 15-P.Mahomes pass short left to 1-X.Worthy to DEN 13 for 4 yards (9-T.Hufanga).,KC,DEN,PASS,5,2,1,51,7,7,3,2,2,1,83,5,4,0,1,1,0,0,,0,,,,00-0033873,1,0,SL,00-0039894,,-2,00-0036564,,,,,,,,,,,,,,,0,,,,,,,0,,,,0,,,0,,,,0,,,0,,-0.156,00-0033873,0,5
7034,1155934,Timeout #2 by DEN at 01:46.,NA,NA,NOPL,0,2,1,46,0,0,0,0,0,0,NA,1,0,0,0,0,0,0,,0,,,,,0,0,,,,,,,,,,,,,,,,,,,,0,,,,,,,0,,,,0,,,0,,,,0,,,0,,0,,0,
7034,1155935,"(1:46) (Shotgun) 15-P.Mahomes pass short right to 4-R.Rice for 13 yards, TOUCHDOWN.",KC,DEN,PASS,7,2,1,46,7,7,3,1,1,10,87,5,13,1,1,1,0,6,,0,,,,00-0033873,1,0,SR,00-0039067,,0,,,,,,,,,,,,,,,,0,,,,,,,0,,,,0,,,0,,,,0,,,1,REC,2.527,00-0033873,0,5
7034,1155936,"7-H.Butker extra point is GOOD, Center-41-J.Winchester, Holder-14-M.Araiza.",KC,DEN,FGXP,0,2,1,39,13,7,3,1,0,0,85,5,0,1,0,0,0,1,,0,,,,,0,0,,,,,,,,,,,,,,,,,,,,0,,,,XP,00-0033303,33,1,,,,0,,,0,,,,0,,,0,,0.068,,0,
7034,1155937,7-H.Butker kicks 56 yards from KC 35 to DEN 9. 12-R.Harvey to DEN 34 for 25 yards (10-E.Johnson; 43-J.Cochrane).,DEN,KC,KOFF,6,2,1,39,7,14,1,3,0,0,65,4,0,1,0,0,0,0,,0,,,,,0,0,,,,,,,,,,,,,,,,,,,,0,,,,,,,0,,,,0,,,0,00-0033303,56,31,0,00-0040730,25,0,,0.468,,0,
7034,1155938,(1:33) (Shotgun) 10-B.Nix sacked at DEN 29 for -5 yards (51-R.Thomas).,DEN,KC,PASS,8,2,1,33,7,14,1,3,1,10,34,2,-5,0,0,1,0,0,,0,,,,,0,0,,,,,,,00-0041501,,,,,,,,,,,,,0,,,,,,,0,,,,0,,,0,,,,0,,,0,,-0.822,00-0039732,0,6
7034,1155939,Timeout #1 by KC at 01:25.,NA,NA,NOPL,0,2,1,25,0,0,0,0,0,0,NA,1,0,0,0,0,0,0,,0,,,,,0,0,,,,,,,,,,,,,,,,,,,,0,,,,,,,0,,,,0,,,0,,,,0,,,0,,0,,0,
7034,1155940,(1:25) (Shotgun) 10-B.Nix pass short middle to 13-P.Bryant to DEN 39 for 10 yards (38-L.Sneed).,DEN,KC,PASS,23,2,1,25,7,14,1,2,2,15,29,2,10,1,0,1,0,0,,0,,,,00-0039732,1,0,SM,00-0040134,,10,00-0036374,,,,,,,,,,,,,,,0,,,,,,,0,,,,0,,,0,,,,0,,,0,,0.344,00-0039732,0,6
7034,1155941,"(1:02) (No Huddle, Shotgun) 10-B.Nix pass incomplete short left to 14-C.Sutton.",DEN,KC,PASS,4,2,1,2,7,14,1,2,3,5,39,2,0,0,0,1,1,0,,0,,,,00-0039732,0,0,SL,00-0034348,,8,,,,,,,,,,,,,,,,0,,,,,,,0,,,,0,,,0,,,,0,,,0,,-0.75,00-0039732,0,6
7034,1155942,"(:58) 16-J.Crawshaw punts 43 yards to KC 18, Center-48-M.Fraboni, fair catch by 81-N.Remigio. PENALTY on KC-22-J.Canady, Offensive Holding, 9 yards, enforced at KC 18.",DEN,KC,PUNT,7,2,0,58,7,14,1,2,4,5,39,2,0,0,0,0,0,0,,0,,,,,0,0,,,,,,,,,KC,00-0041497,Offensive Holding,9,NA,,,,,,,0,,,,,,,0,00-0040223,43,43,0,00-0038519,0,1,,,,0,,,0,,-0.175,,0,
7034,1155943,(:51) (Shotgun) 15-P.Mahomes pass short right to 87-T.Kelce to KC 15 for 6 yards (2-P.Surtain).,KC,DEN,PASS,30,2,0,51,14,7,2,1,1,10,9,1,6,1,0,1,0,0,,0,,,,00-0033873,1,0,SR,00-0030506,,0,00-0036874,,,,,,,,,,,,,,,0,,,,,,,0,,,,0,,,0,,,,0,,,0,,0.012,00-0033873,0,5
7034,1155944,(:21) (Shotgun) 10-E.Johnson right end to KC 16 for 1 yard (99-Z.Allen).,KC,DEN,RUSH,21,2,0,21,14,7,2,1,2,4,15,1,1,0,0,1,0,0,00-0041013,0,RE,00-0035248,,,0,0,,,,,,,,,,,,,,,,,,,,0,,,,,,,0,,,,0,,,0,,,,0,,,0,,-0.053,,0,5
7034,1155945,3-W.Lutz kicks 62 yards from DEN 35 to KC 3. 81-N.Remigio pushed ob at KC 31 for 28 yards (23-J.Barron).,KC,DEN,KOFF,7,3,15,0,14,7,3,3,0,0,65,4,0,1,0,0,0,0,,0,,,,,0,0,,,,,,,,,,,,,,,,,,,,0,,,,,,,0,,,,0,,,0,00-0032569,62,34,0,00-0038519,28,0,,0.374,,0,
7034,1155946,(14:53) (Shotgun) 9-K.Walker up the middle to KC 31 for no gain (40-J.Strnad; 9-T.Hufanga).,KC,DEN,RUSH,35,3,14,53,14,7,3,3,1,10,31,2,0,0,0,1,0,0,00-0038134,0,RM,00-0036428,00-0036564,,0,0,,,,,,,,,,,,,,,,,,,,0,,,,,,,0,,,,0,,,0,,,,0,,,0,,-0.525,,0,5
7034,1155947,(14:18) (Shotgun) 15-P.Mahomes scrambles up the middle to KC 34 for 3 yards (49-A.Singleton).,KC,DEN,RUSH,42,3,14,18,14,7,3,3,2,10,31,2,3,0,0,1,0,0,00-0033873,0,RM,00-0031898,,,0,0,,,,,,,,,,,,,,,,,,,,0,,,,,,,0,,,,0,,,0,,,,0,,,0,,-0.53,00-0033873,0,5
7034,1155948,(13:36) (Shotgun) 15-P.Mahomes pass short right to 4-R.Rice to KC 40 for 6 yards (21-R.Moss).,KC,DEN,PASS,43,3,13,36,14,7,3,3,3,7,34,2,6,0,0,1,0,0,,0,,,,00-0033873,1,0,SR,00-0039067,,6,00-0038552,,,,,,,,,,,,,,,0,,,,,,,0,,,,0,,,0,,,,0,,,0,,-0.401,00-0033873,1,5
7034,1155949,"(12:53) 73-J.Ezeudu, 77-J.Moore and 92-K.Tonga reported in as eligible. 9-K.Walker left end for 60 yards, TOUCHDOWN.",KC,DEN,RUSH,10,3,12,53,14,7,3,3,4,1,40,3,60,1,1,0,0,6,00-0038134,0,LE,,,,0,0,,,,,,,,,,,,,,,,,,,,0,,,,,,,0,,,,0,,,0,,,,0,,,1,RUSH,6.608,,0,4
7034,1155950,"7-H.Butker extra point is GOOD, Center-41-J.Winchester, Holder-14-M.Araiza.",KC,DEN,FGXP,0,3,12,43,20,7,3,3,0,0,85,5,0,1,0,0,0,1,,0,,,,,0,0,,,,,,,,,,,,,,,,,,,,0,,,,XP,00-0033303,33,1,,,,0,,,0,,,,0,,,0,,0.068,,0,
7034,1155951,7-H.Butker kicks 60 yards from KC 35 to DEN 5. 12-R.Harvey to DEN 36 for 31 yards (29-X.Nwankpa).,DEN,KC,KOFF,10,3,12,43,7,21,3,3,0,0,65,4,0,1,0,0,0,0,,0,,,,,0,0,,,,,,,,,,,,,,,,,,,,0,,,,,,,0,,,,0,,,0,00-0033303,60,29,0,00-0040730,31,0,,0.747,,0,
7034,1155952,(12:33) (Shotgun) 27-J.Dobbins left end ran ob at KC 47 for 17 yards (17-A.Gilman).,DEN,KC,RUSH,34,3,12,33,7,21,3,3,1,10,36,2,17,1,1,1,0,0,00-0036158,0,LE,00-0036380,,,0,0,,,,,,,,,,,,,,,,,,,,0,,,,,,,0,,,,0,,,0,,,,0,,,0,,1.158,,0,4
7034,1155953,(11:59) (Shotgun) 27-J.Dobbins left guard to KC 43 for 4 yards (23-D.Tranquill; 99-P.Woods).,DEN,KC,RUSH,40,3,11,59,7,21,3,3,1,10,53,3,4,0,0,1,0,0,00-0036158,0,LG,00-0035262,00-0041545,,0,0,,,,,,,,,,,,,,,,,,,,0,,,,,,,0,,,,0,,,0,,,,0,,,0,,-0.305,,0,5
7034,1155954,(11:19) (Shotgun) 27-J.Dobbins up the middle to KC 39 for 4 yards (92-K.Tonga; 56-G.Karlaftis).,DEN,KC,RUSH,51,3,11,19,7,21,3,3,2,6,57,3,4,0,0,1,0,0,00-0036158,0,RM,00-0036909,00-0037192,,0,0,,,,,,,,,,,,,,,,,,,,0,,,,,,,0,,,,0,,,0,,,,0,,,0,,-0.029,,0,5
7034,1155955,"(10:28) (Shotgun) PENALTY on DEN, Delay of Game, 5 yards, enforced at KC 39 - No Play.",DEN,KC,NOPL,21,3,10,28,7,21,3,3,3,2,61,4,0,0,0,1,0,0,,0,,,,,0,0,,,,,,,,,DEN,,Delay of Game,-5,NA,,,,,,,0,,,,,,,0,,,,0,,,0,,,,0,,,0,,-0.906,,0,
7034,1155956,(10:07) (Shotgun) 10-B.Nix pass incomplete short left to 17-J.Waddle.,DEN,KC,PASS,4,3,10,7,7,21,3,3,3,7,56,3,0,0,0,1,0,0,,0,,,,00-0039732,0,0,SL,00-0036613,,4,,,,,,,,,,,,,,,,0,,,,,,,0,,,,0,,,0,,,,0,,,0,,-1.77,00-0039732,0,5
7034,1155957,"(10:03) (Punt formation) PENALTY on DEN, Delay of Game, 5 yards, enforced at KC 44 - No Play.",DEN,KC,NOPL,0,3,10,3,7,21,3,3,4,7,56,3,0,0,0,0,0,0,,0,,,,,0,0,,,,,,,,,DEN,,Delay of Game,-5,NA,,,,,,,0,,,,,,,0,,,,0,,,0,,,,0,,,0,,-0.431,,0,
7034,1155958,"(10:03) 16-J.Crawshaw punts 49 yards to end zone, Center-48-M.Fraboni, Touchback. PENALTY on KC-11-J.Royals, Illegal Formation, 5 yards, enforced at KC 49 - No Play.",DEN,KC,NOPL,7,3,10,3,7,21,3,3,4,12,51,3,0,1,0,0,0,0,,0,,,,,0,0,,,,,,,,,KC,00-0040646,Illegal Formation,5,NA,,,,,,,0,,,,,,,0,,,,0,,,0,,,,0,,,0,,0.349,,0,
7034,1155959,"(9:56) 16-J.Crawshaw punts 41 yards to KC 3, Center-48-M.Fraboni, downed by DEN-13-P.Bryant.",DEN,KC,PUNT,9,3,9,56,7,21,3,3,4,7,56,3,0,1,0,0,0,0,,0,,,,,0,0,,,,,,,,,,,,,,,,,,,,0,,,,,,,0,00-0040223,41,41,0,,0,0,,,,0,,,0,,0.25,,0,
7034,1155960,(9:47) 15-P.Mahomes pass deep middle intended for 1-X.Worthy INTERCEPTED by 22-B.Jones at KC 29. 22-B.Jones to KC 5 for 24 yards (77-J.Moore).,KC,DEN,PASS,13,3,9,47,21,7,3,3,1,10,3,1,0,0,0,0,0,0,,0,,,,00-0033873,0,0,DM,00-0039894,00-0036221,26,00-0036557,,,,,,,,,00-0036221,24,,,,,0,,,,,,,0,,,,0,,,0,,,,0,,,0,,-5.778,00-0033873,0,4
7034,1155961,"(9:34) (Shotgun) 12-R.Harvey left end pushed ob at KC 3 for 2 yards (38-L.Sneed). PENALTY on DEN-13-P.Bryant, Offensive Holding, 10 yards, enforced at KC 5 - No Play.",DEN,KC,NOPL,24,3,9,34,7,21,3,3,1,5,95,5,0,0,0,1,0,0,,0,,,,,0,0,,,,,,,,,DEN,00-0040134,Offensive Holding,-10,NA,,,,,,,0,,,,,,,0,,,,0,,,0,,,,0,,,0,,-1.251,,0,5
7034,1155962,(9:10) (Shotgun) 10-B.Nix pass short right to 14-C.Sutton to KC 9 for 6 yards (21-J.Hicks).,DEN,KC,PASS,41,3,9,10,7,21,3,3,1,15,85,5,6,1,0,1,0,0,,0,,,,00-0039732,1,0,SR,00-0034348,,5,00-0039825,,,,,,,,,,,,,,,0,,,,,,,0,,,,0,,,0,,,,0,,,0,,0.069,00-0039732,0,5
7034,1155963,"(8:29) (Shotgun) 10-B.Nix sacked at KC 15 for -6 yards. FUMBLES, ball out of bounds at KC 16.",DEN,KC,PASS,19,3,8,29,7,21,3,3,2,9,91,5,-7,0,0,1,0,0,,0,,,,,0,0,,,,,,,,,,,,,,,,00-0039732,,0,,0,,,,,,,0,,,,0,,,0,,,,0,,,0,,-1.489,,0,5
7034,1155964,(8:10) (Shotgun) 10-B.Nix scrambles right end ran ob at KC 13 for 3 yards (17-A.Gilman; 51-R.Thomas).,DEN,KC,RUSH,32,3,8,10,7,21,3,3,3,16,84,5,3,0,0,1,0,0,00-0039732,0,RE,00-0036380,00-0041501,,0,0,,,,,,,,,,,,,,,,,,,,0,,,,,,,0,,,,0,,,0,,,,0,,,0,,-0.235,00-0039732,0,6
7034,1155965,"(7:38) 3-W.Lutz 31 yard field goal is GOOD, Center-48-M.Fraboni, Holder-16-J.Crawshaw.",DEN,KC,FGXP,4,3,7,38,7,21,3,3,4,13,87,5,0,1,0,0,0,3,,0,,,,,0,0,,,,,,,,,,,,,,,,,,,,0,,,,FG,00-0032569,31,1,,,,0,,,0,,,,0,,,0,,0.18,,0,
7034,1155966,3-W.Lutz kicks 56 yards from DEN 35 to KC 9. 81-N.Remigio to KC 33 for 24 yards (47-K.Reid; 51-Q.Robinson).,KC,DEN,KOFF,6,3,7,34,21,10,3,3,0,0,65,4,0,1,0,0,0,0,,0,,,,,0,0,,,,,,,,,,,,,,,,,,,,0,,,,,,,0,,,,0,,,0,00-0032569,56,32,0,00-0038519,24,0,,0.527,,0,
7034,1155967,(7:28) 9-K.Walker left guard to KC 34 for 1 yard (40-J.Strnad).,KC,DEN,RUSH,39,3,7,28,21,10,3,3,1,10,33,2,1,0,0,0,0,0,00-0038134,0,LG,00-0036428,,,0,0,,,,,,,,,,,,,,,,,,,,0,,,,,,,0,,,,0,,,0,,,,0,,,0,,-0.525,,0,4
7034,1155968,(6:49) (Shotgun) 9-K.Walker right end to KC 37 for 3 yards (15-N.Bonitto).,KC,DEN,RUSH,40,3,6,49,21,10,3,3,2,9,34,2,3,0,0,1,0,0,00-0038134,0,RE,00-0037249,,,0,0,,,,,,,,,,,,,,,,,,,,0,,,,,,,0,,,,0,,,0,,,,0,,,0,,-0.435,,0,5
7034,1155969,(6:09) (Shotgun) 15-P.Mahomes pass short left to 87-T.Kelce to DEN 4 for 59 yards (23-J.Barron).,KC,DEN,PASS,48,3,6,9,21,10,3,3,3,6,37,2,59,1,1,1,0,0,,0,,,,00-0033873,1,0,SL,00-0030506,,5,00-0040720,,,,,,,,,,,,,,,0,,,,,,,0,,,,0,,,0,,,,0,,,0,,5.104,00-0033873,0,6
7034,1155970,"(5:21) 9-K.Walker left end to DEN 6 for -2 yards (92-D.Tillman, 2-P.Surtain).",KC,DEN,RUSH,43,3,5,21,21,10,3,3,1,4,96,5,-2,0,0,0,0,0,00-0038134,0,LE,00-0037799,00-0036874,,0,0,,,,,,,,,,,,,,,,,,,,0,,,,,,,0,,,,0,,,0,,,,0,,,0,,-0.813,,0,4
7034,1155971,(4:38) 15-P.Mahomes scrambles left end pushed ob at DEN 5 for 1 yard (49-A.Singleton).,KC,DEN,RUSH,37,3,4,38,21,10,3,3,2,6,94,5,1,0,0,0,0,0,00-0033873,0,LE,00-0031898,,,0,0,,,,,,,,,,,,,,,,,,,,0,,,,,,,0,,,,0,,,0,,,,0,,,0,,-0.741,00-0033873,0,5
7034,1155972,(4:01) (Shotgun) 15-P.Mahomes sacked at DEN 9 for -4 yards (99-Z.Allen).,KC,DEN,PASS,41,3,4,1,21,10,3,3,3,5,95,5,-4,0,0,1,0,0,,0,,,,,0,0,,,,,,,00-0035248,,,,,,,,,,,,,0,,,,,,,0,,,,0,,,0,,,,0,,,0,,-1.638,00-0033873,0,5
7034,1155973,"(3:20) 7-H.Butker 28 yard field goal is GOOD, Center-41-J.Winchester, Holder-14-M.Araiza.",KC,DEN,FGXP,3,3,3,20,21,10,3,3,4,9,91,5,0,1,0,0,0,3,,0,,,,,0,0,,,,,,,,,,,,,,,,,,,,0,,,,FG,00-0033303,28,1,,,,0,,,0,,,,0,,,0,,0.113,,0,
7034,1155974,7-H.Butker kicks 62 yards from KC 35 to DEN 3. 20-J.Coleman to DEN 30 for 27 yards (47-B.VanSumeren; 88-J.Briningstool).,DEN,KC,KOFF,6,3,3,17,10,24,3,3,0,0,65,4,0,1,0,0,0,0,,0,,,,,0,0,,,,,,,,,,,,,,,,,,,,0,,,,,,,0,,,,0,,,0,00-0033303,62,35,0,00-0041496,27,0,,0.292,,0,
7034,1155975,(3:11) 27-J.Dobbins left tackle to DEN 32 for 2 yards (20-N.Williams).,DEN,KC,RUSH,44,3,3,11,10,24,3,3,1,10,30,2,2,0,0,0,0,0,00-0036158,0,LT,00-0040670,,,0,0,,,,,,,,,,,,,,,,,,,,0,,,,,,,0,,,,0,,,0,,,,0,,,0,,-0.334,,0,4
7034,1155976,(2:27) (Shotgun) 10-B.Nix pass short left to 1-E.Engram pushed ob at DEN 41 for 9 yards (21-J.Hicks).,DEN,KC,PASS,33,3,2,27,10,24,3,3,2,8,32,2,9,1,1,1,0,0,,0,,,,00-0039732,1,0,SL,00-0033881,,2,00-0039825,,,,,,,,,,,,,,,0,,,,,,,0,,,,0,,,0,,,,0,,,0,,1.062,00-0039732,0,5
7034,1155977,(1:54) 27-J.Dobbins right end to DEN 45 for 4 yards (21-J.Hicks; 23-D.Tranquill).,DEN,KC,RUSH,45,3,1,54,10,24,3,3,1,10,41,3,4,0,0,0,0,0,00-0036158,0,RE,00-0039825,00-0035262,,0,0,,,,,,,,,,,,,,,,,,,,0,,,,,,,0,,,,0,,,0,,,,0,,,0,,-0.045,,0,4
7034,1155978,"(1:09) 10-B.Nix pass short left to 11-T.Franklin to KC 39 for 16 yards (20-N.Williams). PENALTY on DEN-11-T.Franklin, Offensive Pass Interference, 10 yards, enforced at DEN 45 - No Play.",DEN,KC,NOPL,30,3,1,9,10,24,3,3,2,6,45,3,0,0,0,0,0,0,,0,,,,00-0039732,0,0,,,,0,,,,,DEN,00-0039868,Offensive Pass Interference,-10,NA,,,,,,,0,,,,,,,0,,,,0,,,0,,,,0,,,0,,-1.245,00-0039732,0,5
7034,1155979,(:39) (Shotgun) 10-B.Nix pass incomplete short left to 13-P.Bryant.,DEN,KC,PASS,4,3,0,39,10,24,3,3,2,16,35,2,0,0,0,1,0,0,,0,,,,00-0039732,0,0,SL,00-0040134,,4,,,,,,,,,,,,,,,,0,,,,,,,0,,,,0,,,0,,,,0,,,0,,-0.827,00-0039732,0,5
7034,1155980,"(:35) (Shotgun) 10-B.Nix sacked at DEN 26 for -9 yards (91-F.Anudike-Uzomah). FUMBLES (91-F.Anudike-Uzomah), RECOVERED by KC-95-C.Jones at DEN 34.",DEN,KC,PASS,8,3,0,35,10,24,3,3,3,16,35,2,-1,0,0,1,0,0,,0,,,,,0,0,,,,,,,00-0039006,,,,,,,,,00-0039732,00-0032762,0,00-0039006,1,,,,,,,0,,,,0,,,0,,,,0,,,0,,-3.493,00-0039732,1,5
7034,1155981,(:27) 15-P.Mahomes pass incomplete short middle to 87-T.Kelce [52-J.Elliss].,KC,DEN,PASS,4,3,0,27,24,10,3,3,1,10,66,4,0,0,0,0,0,0,,0,,,,00-0033873,0,0,SM,00-0030506,,13,,,,,,,,,,,,,,,,0,,,,,,,0,,,,0,,,0,,,,0,,,0,,-0.493,00-0033873,0,4
7034,1155982,(:23) (Shotgun) 15-P.Mahomes pass short right to 1-X.Worthy to DEN 29 for 5 yards (29-J.McMillian).,KC,DEN,PASS,23,3,0,23,24,10,3,3,2,10,66,4,5,0,0,1,0,0,,0,,,,00-0033873,1,0,SR,00-0039894,,-1,00-0037384,,,,,,,,,,,,,,,0,,,,,,,0,,,,0,,,0,,,,0,,,0,,-0.016,00-0033873,0,5
7034,1155983,"(15:00) (Shotgun) 15-P.Mahomes pass short left to 10-E.Johnson to DEN 4 for 25 yards (23-J.Barron) [99-Z.Allen]. PENALTY on DEN-49-A.Singleton, Unnecessary Roughness, 2 yards, enforced at DEN 4.",KC,DEN,PASS,17,4,15,0,24,10,3,3,3,5,71,4,25,1,1,1,0,0,,0,,,,00-0033873,1,0,SL,00-0041013,,-3,00-0040720,,,,DEN,00-0031898,Unnecessary Roughness,2,NA,,,,,,,0,,,,,,,0,,,,0,,,0,,,,0,,,0,,3.113,00-0033873,0,6
7034,1155984,"(14:43) 15-P.Mahomes pass short middle to 9-K.Walker for 2 yards, TOUCHDOWN.",KC,DEN,PASS,4,4,14,43,24,10,3,3,1,2,98,5,2,1,1,0,0,6,,0,,,,00-0033873,1,0,SM,00-0038134,,-3,,,,,,,,,,,,,,,,0,,,,,,,0,,,,0,,,0,,,,0,,,1,REC,0.671,00-0033873,0,4
7034,1155985,"7-H.Butker extra point is GOOD, Center-41-J.Winchester, Holder-14-M.Araiza.",KC,DEN,FGXP,0,4,14,39,30,10,3,3,0,0,85,5,0,1,0,0,0,1,,0,,,,,0,0,,,,,,,,,,,,,,,,,,,,0,,,,XP,00-0033303,33,1,,,,0,,,0,,,,0,,,0,,0.068,,0,
7034,1155986,7-H.Butker kicks 64 yards from KC 35 to DEN 1. 12-R.Harvey to DEN 27 for 26 yards (11-J.Royals).,DEN,KC,KOFF,8,4,14,39,10,31,3,3,0,0,65,4,0,1,0,0,0,0,,0,,,,,0,0,,,,,,,,,,,,,,,,,,,,0,,,,,,,0,,,,0,,,0,00-0033303,64,38,0,00-0040730,26,0,,0.086,,0,
7034,1155987,(14:31) (Shotgun) 10-B.Nix pass incomplete short right to 14-C.Sutton (99-P.Woods).,DEN,KC,PASS,4,4,14,31,10,31,3,3,1,10,27,2,0,0,0,1,0,0,,0,,,,00-0039732,0,0,SR,00-0034348,00-0041545,8,,,,,,,,,,,,,,,,0,,,,,,,0,,,,0,,,0,,,,0,,,0,,-0.555,00-0039732,0,5
7034,1155988,(14:27) (Shotgun) 10-B.Nix pass short right to 14-C.Sutton to DEN 32 for 5 yards (8-K.Fulton).,DEN,KC,PASS,45,4,14,27,10,31,3,3,2,10,27,2,5,0,0,1,0,0,,0,,,,00-0039732,1,0,SR,00-0034348,,2,00-0036416,,,,,,,,,,,,,,,0,,,,,,,0,,,,0,,,0,,,,0,,,0,,-0.459,00-0039732,1,5
7034,1155989,Timeout #1 by DEN at 13:42.,NA,NA,NOPL,0,4,13,42,0,0,0,0,0,0,NA,1,0,0,0,0,0,0,,0,,,,,0,0,,,,,,,,,,,,,,,,,,,,0,,,,,,,0,,,,0,,,0,,,,0,,,0,,0,,0,
7034,1155990,(13:42) (Shotgun) 10-B.Nix pass incomplete short right.,DEN,KC,PASS,4,4,13,42,10,31,2,3,3,5,32,2,0,0,0,1,0,0,,0,,,,00-0039732,0,0,SR,,,-12,,,,,,,,,,,,,,,,0,,,,,,,0,,,,0,,,0,,,,0,,,0,,-1.221,00-0039732,0,6
7034,1155991,"(13:38) 16-J.Crawshaw punts 56 yards to KC 12, Center-48-M.Fraboni. 81-N.Remigio to KC 27 for 15 yards (48-M.Fraboni; 34-J.Skinner). PENALTY on KC-13-C.Allen, Unnecessary Roughness, 6 yards, enforced at KC 12.",DEN,KC,PUNT,13,4,13,38,10,31,2,3,4,5,32,2,0,1,0,0,0,0,,0,,,,,0,0,,,,,,,,,KC,00-0040890,Unnecessary Roughness,6,NA,,,,,,,0,,,,,,,0,00-0040223,56,56,0,00-0038519,0,0,,,,0,,,0,,0.882,,0,
7034,1155992,(13:25) 9-K.Walker up the middle to KC 7 for 1 yard (55-J.Turner).,KC,DEN,RUSH,42,4,13,25,31,10,3,2,1,10,6,1,1,0,0,0,0,0,00-0038134,0,RM,00-0040634,,,0,0,,,,,,,,,,,,,,,,,,,,0,,,,,,,0,,,,0,,,0,,,,0,,,0,,-0.576,,0,3
7034,1155993,(12:43) 9-K.Walker left tackle to KC 20 for 13 yards (21-R.Moss; 49-A.Singleton).,KC,DEN,RUSH,44,4,12,43,31,10,3,2,2,9,7,1,13,1,1,0,0,0,00-0038134,0,LT,00-0038552,00-0031898,,0,0,,,,,,,,,,,,,,,,,,,,0,,,,,,,0,,,,0,,,0,,,,0,,,0,,1.294,,0,5
7034,1155994,(11:59) 9-K.Walker up the middle to KC 20 for no gain (51-Q.Robinson).,KC,DEN,RUSH,41,4,11,59,31,10,3,2,1,10,20,2,0,0,0,0,0,0,00-0038134,0,RM,00-0040168,,,0,0,,,,,,,,,,,,,,,,,,,,0,,,,,,,0,,,,0,,,0,,,,0,,,0,,-0.521,,0,5
7034,1155995,(11:18) 9-K.Walker left tackle to KC 28 for 8 yards (9-T.Hufanga; 49-A.Singleton).,KC,DEN,RUSH,45,4,11,18,31,10,3,2,2,10,20,2,8,1,0,0,0,0,00-0038134,0,LT,00-0036564,00-0031898,,0,0,,,,,,,,,,,,,,,,,,,,0,,,,,,,0,,,,0,,,0,,,,0,,,0,,0.441,,0,5
7034,1155996,(10:33) (Shotgun) 15-P.Mahomes pass short middle to 87-T.Kelce to KC 34 for 6 yards (49-A.Singleton).,KC,DEN,PASS,43,4,10,33,31,10,3,2,3,2,28,2,6,1,1,1,0,0,,0,,,,00-0033873,1,0,SM,00-0030506,,3,00-0031898,,,,,,,,,,,,,,,0,,,,,,,0,,,,0,,,0,,,,0,,,0,,0.855,00-0033873,0,4
7034,1155997,"(9:50) 10-E.Johnson left end to KC 34 for no gain (49-A.Singleton). PENALTY on KC-65-T.Smith, Chop Block, 15 yards, enforced at KC 34 - No Play.",KC,DEN,NOPL,26,4,9,50,31,10,3,2,1,10,34,2,0,0,0,0,0,0,,0,,,,,0,0,,,,,,,,,KC,00-0036660,Chop Block,-15,NA,,,,,,,0,,,,,,,0,,,,0,,,0,,,,0,,,0,,-1.381,,0,4
7034,1155998,(9:24) (Shotgun) 15-P.Mahomes pass short middle to 10-E.Johnson to KC 38 for 19 yards (96-E.Uwazurike).,KC,DEN,PASS,49,4,9,24,31,10,3,2,1,25,19,1,19,1,0,1,0,0,,0,,,,00-0033873,1,0,SM,00-0041013,,-5,00-0038106,,,,,,,,,,,,,,,0,,,,,,,0,,,,0,,,0,,,,0,,,0,,1.207,00-0033873,0,5
7034,1155999,(8:35) 10-E.Johnson up the middle to KC 40 for 2 yards (52-J.Elliss; 22-B.Jones).,KC,DEN,RUSH,43,4,8,35,31,10,3,2,2,6,38,2,2,0,0,0,0,0,00-0041013,0,RM,00-0039809,00-0036221,,0,0,,,,,,,,,,,,,,,,,,,,0,,,,,,,0,,,,0,,,0,,,,0,,,0,,-0.259,,0,5
7034,1156000,(7:52) (Shotgun) 15-P.Mahomes sacked at KC 32 for -8 yards (99-Z.Allen).,KC,DEN,PASS,44,4,7,52,31,10,3,2,3,4,40,3,-8,0,0,1,0,0,,0,,,,,0,0,,,,,,,00-0035248,,,,,,,,,,,,,0,,,,,,,0,,,,0,,,0,,,,0,,,0,,-2.162,00-0033873,1,5
7034,1156001,"(7:08) 14-M.Araiza punts 59 yards to DEN 9, Center-41-J.Winchester. 19-M.Mims ran ob at DEN 31 for 22 yards (47-B.VanSumeren). PENALTY on DEN-6-T.Anderson, Offensive Holding, 10 yards, enforced at DEN 26.",KC,DEN,PUNT,14,4,7,8,31,10,3,2,4,12,32,2,0,1,0,0,0,0,,0,,,,,0,0,,,,,,,,,DEN,00-0037752,Offensive Holding,10,NA,,,,,,,0,,,,,,,0,00-0037284,59,42,0,00-0038976,17,0,,,,0,,,0,,0.548,,0,
7034,1156002,(6:54) (Shotgun) 12-R.Harvey up the middle to DEN 21 for 5 yards (32-N.Bolton; 21-J.Hicks).,DEN,KC,RUSH,27,4,6,54,10,31,2,3,1,10,16,1,5,1,0,1,0,0,00-0040730,0,RM,00-0036621,00-0039825,,0,0,,,,,,,,,,,,,,,,,,,,0,,,,,,,0,,,,0,,,0,,,,0,,,0,,0.035,,0,5
7034,1156003,"(6:27) (No Huddle, Shotgun) 10-B.Nix pass short left to 1-E.Engram to DEN 27 for 6 yards (38-L.Sneed).",DEN,KC,PASS,32,4,6,27,10,31,2,3,2,5,21,2,6,1,1,1,1,0,,0,,,,00-0039732,1,0,SL,00-0033881,,4,00-0036374,,,,,,,,,,,,,,,0,,,,,,,0,,,,0,,,0,,,,0,,,0,,0.476,00-0039732,0,5
7034,1156004,"(5:55) (No Huddle, Shotgun) 10-B.Nix FUMBLES (Aborted) at DEN 22, and recovers at DEN 22.",DEN,KC,RUSH,37,4,5,55,10,31,2,3,1,10,27,2,0,0,0,1,1,0,00-0039732,0,,,,,0,0,,,,,,,,,,,,,,,,00-0039732,00-0039732,0,,0,,,,,,,0,,,,0,,,0,,,,0,,,0,,-1.073,,0,5
7034,1156005,"(5:18) (Shotgun) 10-B.Nix sacked at DEN 12 for -10 yards (32-N.Bolton). FUMBLES (32-N.Bolton), RECOVERED by KC-32-N.Bolton at DEN 12. 32-N.Bolton to DEN 12 for no gain (12-R.Harvey). The Replay Official reviewed the fumble ruling, and the play was REVERSED. (Shotgun) 10-B.Nix pass incomplete short middle to 1-E.Engram (32-N.Bolton) [56-G.Karlaftis].",DEN,KC,PASS,5,4,5,18,10,31,2,3,2,15,22,2,0,0,0,1,0,0,,0,,,,00-0039732,0,0,SM,00-0033881,00-0036621,-10,,,,,,,,,,,,,,,,0,,,,,,,0,,,,0,,,0,,,,0,,,0,,-0.64,00-0039732,0,5
7034,1156006,(5:13) (Shotgun) 10-B.Nix pass short right to 12-R.Harvey pushed ob at DEN 29 for 7 yards (38-L.Sneed).,DEN,KC,PASS,32,4,5,13,10,31,2,3,3,15,22,2,7,1,0,1,0,0,,0,,,,00-0039732,1,0,SR,00-0040730,,-7,00-0036374,,,,,,,,,,,,,,,0,,,,,,,0,,,,0,,,0,,,,0,,,0,,0.02,00-0039732,0,5
7034,1156007,Timeout #1 by KC at 04:41.,NA,NA,NOPL,0,4,4,41,0,0,0,0,0,0,NA,1,0,0,0,0,0,0,,0,,,,,0,0,,,,,,,,,,,,,,,,,,,,0,,,,,,,0,,,,0,,,0,,,,0,,,0,,0,,0,
7034,1156008,(4:41) (Shotgun) 10-B.Nix pass incomplete deep left to 11-T.Franklin (20-N.Williams) [56-G.Karlaftis].,DEN,KC,PASS,9,4,4,41,10,31,2,2,4,8,29,2,0,0,0,1,0,0,,0,,,,00-0039732,0,0,DL,00-0039868,00-0040670,31,,,,,,,,,,,,,,,,0,,,,,,,0,,,,0,,,0,,,,0,,,0,,-2.748,00-0039732,0,6
7034,1156009,(4:32) 10-E.Johnson up the middle to DEN 22 for 6 yards (2-P.Surtain; 49-A.Singleton).,KC,DEN,RUSH,47,4,4,32,31,10,2,2,1,10,72,4,6,1,0,0,0,0,00-0041013,0,RM,00-0036874,00-0031898,,0,0,,,,,,,,,,,,,,,,,,,,0,,,,,,,0,,,,0,,,0,,,,0,,,0,,0.265,,0,3
7034,1156010,(3:45) 10-E.Johnson left guard to DEN 21 for 1 yard (92-D.Tillman).,KC,DEN,RUSH,43,4,3,45,31,10,2,2,2,4,78,4,1,0,0,0,0,0,00-0041013,0,LG,00-0037799,,,0,0,,,,,,,,,,,,,,,,,,,,0,,,,,,,0,,,,0,,,0,,,,0,,,0,,-0.42,,0,5
7034,1156011,(3:02) 10-E.Johnson left guard to DEN 18 for 3 yards (92-D.Tillman).,KC,DEN,RUSH,42,4,3,2,31,10,2,2,3,3,79,4,3,1,1,0,0,0,00-0041013,0,LG,00-0037799,,,0,0,,,,,,,,,,,,,,,,,,,,0,,,,,,,0,,,,0,,,0,,,,0,,,0,,0.803,,0,4
7034,1156012,(2:20) 10-E.Johnson up the middle to DEN 14 for 4 yards (22-B.Jones; 51-Q.Robinson).,KC,DEN,RUSH,20,4,2,20,31,10,2,2,1,10,82,5,4,0,0,0,0,0,00-0041013,0,RM,00-0036221,00-0040168,,0,0,,,,,,,,,,,,,,,,,,,,0,,,,,,,0,,,,0,,,0,,,,0,,,0,,-0.101,,0,4
7034,1156013,(2:00) 15-P.Mahomes kneels to DEN 15 for -1 yards.,KC,DEN,RUSH,41,4,2,0,31,10,2,2,2,6,86,5,-1,0,0,0,0,0,00-0033873,1,,,,,0,0,,,,,,,,,,,,,,,,,,,,0,,,,,,,0,,,,0,,,0,,,,0,,,0,,-0.771,,0,
7034,1156014,(1:19) 15-P.Mahomes kneels to DEN 17 for -2 yards.,KC,DEN,RUSH,39,4,1,19,31,10,2,2,3,7,85,5,-2,0,0,0,0,0,00-0033873,1,,,,,0,0,,,,,,,,,,,,,,,,,,,,0,,,,,,,0,,,,0,,,0,,,,0,,,0,,-1.018,,0,
7034,1156015,(:40) 15-P.Mahomes kneels to DEN 18 for -1 yards.,KC,DEN,RUSH,4,4,0,40,31,10,2,2,4,9,83,5,-1,0,0,0,0,0,00-0033873,1,,,,,0,0,,,,,,,,,,,,,,,,,,,,0,,,,,,,0,,,,0,,,0,,,,0,,,0,,-2.497,,0,
7034,1156016,(:36) 10-B.Nix kneels to DEN 18 for -1 yards.,DEN,KC,RUSH,0,4,0,36,10,31,2,2,1,10,19,1,-1,0,0,0,0,0,00-0039732,1,,,,,0,0,,,,,,,,,,,,,,,,,,,,0,,,,,,,0,,,,0,,,0,,,,0,,,0,,0,,0,
