"week","plays","avg_epa","sr"
1,19,-0.160128157598114,0.315789473684211
2,23,-0.0536801066229363,0.478260869565217
3,27,-0.194946147051803,0.37037037037037
4,23,-0.318079334865932,0.217391304347826
5,30,-0.257189805648522,0.466666666666667
6,28,0.110773251609187,0.5
